caseID,FirstContact,FirstContact_type,FirstContact_originator,InformClientWrongPlace,InformClientWrongPlace_originator,MakeTicket_start,MakeTicket_end,MakeTicket_originator,MakeTicket_originator:1,ArrangeSurvey_start,ArrangeSurvey_end,ArrangeSurvey_originator,InformClientSurvey,InformClientSurvey_originator,Survey_start,Survey_end,EstimatedRepairTime,Survey_originator,InternRepair_start,InternRepair_start_originator,InternRepair_end,InternRepair_end_originator,ImmediateRepair_start,ImmediateRepair_start_originator,ImmediateRepair_end,ImmediateRepair_end_originator,ExternRepair,ExternRepair_originator,SendTicketToFinAdmin,ReadyInformClient,TicketReady
1,1970-01-02 8:08,Phone,Dian,,,1970-01-02 8:08,1970-01-02 8:11,E,Dian,1970-01-02 8:11,1970-01-02 8:16,Dian,1970-01-02 8:16,System,1970-01-11 21:33,1970-01-11 21:56,240,Cindy,1970-01-17 4:36,John,1970-01-17 8:12,John,,,,,,,1970-01-17 14:03,1970-01-17 15:44,1970-01-17 15:44
2,1970-01-08 5:17,Personal,Dian,,,1970-01-08 5:17,1970-01-08 5:21,P,Dian,1970-01-08 5:21,1970-01-08 5:25,Dian,1970-01-08 5:25,System,1970-01-12 4:19,1970-01-12 4:57,120,Anne,,,,,1970-01-12 4:57,Anne,1970-01-12 6:57,Anne,1970-01-12 6:57,DoIt,1970-01-12 15:14,1970-01-12 11:17,1970-01-12 15:14
3,1970-01-03 1:03,Phone,Dian,,,1970-01-03 1:03,1970-01-03 1:10,E,Dian,1970-01-03 1:10,1970-01-03 1:14,Dian,1970-01-03 1:14,System,1970-01-06 6:31,1970-01-06 6:47,220,Paul,1970-01-06 19:50,Paul,1970-01-06 23:30,Paul,,,,,,,1970-01-07 6:26,1970-01-07 7:04,1970-01-07 7:04
4,1970-01-03 8:23,Personal,Monica,,,1970-01-03 8:23,1970-01-03 8:27,P,Monica,1970-01-03 8:27,1970-01-03 8:32,Monica,1970-01-03 8:32,System,1970-01-04 17:03,1970-01-04 17:42,120,Anne,,,,,1970-01-04 17:42,Anne,1970-01-04 19:42,Anne,,,1970-01-04 23:35,1970-01-04 20:56,1970-01-04 23:35
5,1970-01-07 20:41,Letter,Monica,,,1970-01-07 20:41,1970-01-07 20:47,P,Monica,1970-01-07 20:47,1970-01-07 20:52,Monica,1970-01-07 20:52,System,1970-01-09 22:35,1970-01-09 23:22,120,Anne,,,,,1970-01-09 23:22,Anne,1970-01-10 1:10,Anne,,,1970-01-10 6:05,1970-01-10 1:14,1970-01-10 6:05
6,1970-01-03 2:29,Letter,Monica,1970-01-03 2:29,Monica,,,,,,,,,,,,,,,,,,,,,,,,,,
7,1970-01-07 9:21,Letter,Monica,1970-01-07 9:21,Monica,,,,,,,,,,,,,,,,,,,,,,,,,,
8,1970-01-07 5:49,Personal,Monica,,,1970-01-07 5:49,1970-01-07 5:55,P,Monica,1970-01-07 5:55,1970-01-07 6:00,Monica,1970-01-07 6:00,System,1970-01-14 1:29,1970-01-14 2:14,120,Jacky,,,,,1970-01-14 2:14,Jacky,1970-01-14 4:14,Jacky,,,1970-01-14 8:31,1970-01-14 8:03,1970-01-14 8:31
9,1970-01-03 19:08,Phone,Dian,,,1970-01-03 19:08,1970-01-03 19:13,P,Dian,1970-01-03 19:13,1970-01-03 19:15,Dian,1970-01-03 19:15,System,1970-01-03 20:43,1970-01-03 21:25,120,Anne,,,,,1970-01-03 21:25,Anne,1970-01-03 23:37,Anne,,,1970-01-04 4:31,1970-01-04 2:39,1970-01-04 4:31
10,1970-01-08 4:19,Letter,Monica,,,1970-01-08 4:19,1970-01-08 4:25,P,Monica,1970-01-08 4:25,1970-01-08 20:45,Monica,1970-01-08 20:45,System,1970-01-11 4:14,1970-01-11 5:09,120,Jacky,,,,,1970-01-11 5:09,Jacky,1970-01-11 7:09,Jacky,,,1970-01-11 10:46,1970-01-11 10:53,1970-01-11 10:53
11,1970-01-07 6:48,Letter,Dian,,,1970-01-07 6:48,1970-01-07 6:53,P,Dian,1970-01-07 6:53,1970-01-07 6:58,Dian,1970-01-07 6:58,System,1970-01-07 12:22,1970-01-07 13:22,120,Anne,,,,,1970-01-07 13:22,Anne,1970-01-07 15:22,Anne,,,1970-01-07 20:59,1970-01-07 20:03,1970-01-07 20:59
12,1970-01-02 18:15,Personal,Monica,,,1970-01-02 18:15,1970-01-02 18:21,E,Monica,1970-01-02 18:21,1970-01-02 18:24,Monica,1970-01-02 18:24,System,1970-01-05 20:50,1970-01-05 21:41,240,Edd,1970-01-08 4:49,Cindy,1970-01-08 22:10,Paul,,,,,,,1970-01-09 5:16,1970-01-09 1:00,1970-01-09 5:16
13,1970-01-02 12:22,Web,Monica,1970-01-02 12:22,Monica,,,,,,,,,,,,,,,,,,,,,,,,,,
14,1970-01-04 0:25,Letter,Monica,,,1970-01-04 0:25,1970-01-04 0:31,P,Monica,1970-01-04 0:31,1970-01-04 0:33,Monica,1970-01-04 0:33,System,1970-01-06 11:54,1970-01-06 12:33,120,Jacky,,,,,1970-01-06 12:33,Jacky,1970-01-06 14:33,Jacky,,,1970-01-06 14:44,1970-01-06 20:11,1970-01-06 20:11
15,1970-01-05 9:21,Phone,Monica,,,1970-01-05 9:21,1970-01-05 9:23,P,Monica,1970-01-05 9:23,1970-01-05 9:26,Monica,1970-01-05 9:26,System,1970-01-06 5:27,1970-01-06 6:24,120,Barbara,,,,,1970-01-06 6:24,Barbara,1970-01-06 8:12,Barbara,1970-01-06 8:12,DoIt,1970-01-06 16:13,1970-01-06 16:23,1970-01-06 16:23
16,1970-01-08 3:54,Web,Dian,,,1970-01-08 3:54,1970-01-08 3:57,P,Dian,1970-01-08 3:57,1970-01-08 14:50,Dian,1970-01-08 14:50,System,1970-01-11 23:41,1970-01-12 0:15,120,Jacky,,,,,1970-01-12 0:15,Jacky,1970-01-12 2:15,Jacky,,,1970-01-12 5:16,1970-01-12 4:27,1970-01-12 5:16
17,1970-01-03 22:25,Personal,Dian,,,1970-01-03 22:25,1970-01-03 22:30,B,Dian,1970-01-03 22:30,1970-01-03 22:35,Dian,1970-01-03 22:35,System,1970-01-03 22:35,1970-01-03 23:04,480,Eric,,,,,,,,,1970-01-03 23:04,DoIt,1970-01-04 9:21,1970-01-04 8:45,1970-01-04 9:21
18,1970-01-08 6:17,Phone,Monica,,,1970-01-08 6:17,1970-01-08 6:21,E,Monica,1970-01-08 6:21,1970-01-08 6:26,Monica,1970-01-08 6:26,System,1970-01-12 6:55,1970-01-12 7:12,240,Edd,1970-01-13 23:36,Cindy,1970-01-14 3:12,Cindy,,,,,1970-01-14 3:12,DoIt,1970-01-14 11:32,1970-01-14 10:58,1970-01-14 11:32
19,1970-01-07 1:44,Web,Monica,,,1970-01-07 1:44,1970-01-07 1:47,P,Monica,1970-01-07 1:47,1970-01-07 4:30,Monica,1970-01-07 4:30,System,1970-01-13 20:49,1970-01-13 21:24,120,Anne,,,,,1970-01-13 21:24,Anne,1970-01-13 23:36,Anne,,,1970-01-14 4:44,1970-01-14 6:40,1970-01-14 6:40
20,1970-01-07 18:57,Phone,Dian,,,1970-01-07 18:57,1970-01-07 19:03,P,Dian,1970-01-07 19:03,1970-01-07 19:07,Dian,1970-01-07 19:07,System,1970-01-12 6:01,1970-01-12 6:48,240,Anne,1970-01-12 6:48,Anne,1970-01-12 10:48,Anne,,,,,,,1970-01-12 13:56,1970-01-12 14:52,1970-01-12 14:52
21,1970-01-03 10:41,Personal,Monica,,,1970-01-03 10:41,1970-01-03 10:43,P,Monica,1970-01-03 10:43,1970-01-03 10:48,Monica,1970-01-03 10:48,System,1970-01-04 1:06,1970-01-04 1:48,120,Anne,,,,,1970-01-04 1:48,Anne,1970-01-04 3:36,Anne,,,1970-01-04 6:17,1970-01-04 10:30,1970-01-04 10:30
22,1970-01-07 10:25,Letter,Monica,,,1970-01-07 10:25,1970-01-07 10:31,P,Monica,1970-01-07 10:31,1970-01-07 14:57,Monica,1970-01-07 14:57,System,1970-01-07 18:24,1970-01-07 18:57,360,Anne,,,,,,,,,1970-01-07 18:57,FixIt,1970-01-08 8:18,1970-01-08 5:47,1970-01-08 8:18
23,1970-01-03 10:48,Phone,Monica,,,1970-01-03 10:48,1970-01-03 10:53,B,Monica,1970-01-03 10:53,1970-01-03 10:56,Monica,1970-01-03 10:56,System,1970-01-03 10:56,1970-01-03 11:18,60,Nick,,,,,1970-01-03 11:18,Nick,1970-01-03 12:12,Nick,,,1970-01-03 12:40,1970-01-03 15:07,1970-01-03 15:07
24,1970-01-07 5:43,Letter,Dian,,,1970-01-07 5:43,1970-01-07 5:46,E,Dian,1970-01-07 5:46,1970-01-07 14:28,Monica,1970-01-07 14:28,System,1970-01-12 11:42,1970-01-12 12:36,240,Cindy,1970-01-15 11:16,Cindy,1970-01-15 14:52,Cindy,,,,,,,1970-01-15 22:47,1970-01-15 19:33,1970-01-15 22:47
25,1970-01-02 7:46,Personal,Dian,,,1970-01-02 7:46,1970-01-02 7:48,P,Dian,1970-01-02 7:48,1970-01-02 7:53,Dian,1970-01-02 7:53,System,1970-01-02 20:54,1970-01-02 21:28,120,Jacky,,,,,1970-01-02 21:28,Jacky,1970-01-02 23:28,Jacky,,,1970-01-03 5:37,1970-01-03 4:54,1970-01-03 5:37
26,1970-01-01 14:36,Web,Monica,,,1970-01-01 14:36,1970-01-01 14:38,E,Monica,1970-01-01 14:38,1970-01-03 3:07,Monica,1970-01-03 3:07,System,1970-01-06 23:06,1970-01-06 23:44,240,John,1970-01-06 23:44,John,1970-01-07 3:20,John,,,,,,,1970-01-07 10:55,1970-01-07 6:59,1970-01-07 10:55
27,1970-01-06 1:33,Personal,Dian,,,1970-01-06 1:33,1970-01-06 1:37,P,Dian,1970-01-06 1:37,1970-01-06 1:42,Dian,1970-01-06 1:42,System,1970-01-09 1:38,1970-01-09 2:20,120,Anne,,,,,1970-01-09 2:20,Anne,1970-01-09 4:08,Anne,,,1970-01-09 7:28,1970-01-09 10:32,1970-01-09 10:32
28,1970-01-04 17:48,Letter,Dian,,,1970-01-04 17:48,1970-01-04 17:52,P,Dian,1970-01-04 17:52,1970-01-05 17:35,Monica,1970-01-05 17:35,System,1970-01-06 7:33,1970-01-06 8:09,120,Anne,,,,,1970-01-06 8:09,Anne,1970-01-06 10:21,Anne,,,1970-01-06 12:39,1970-01-06 14:39,1970-01-06 14:39
29,1970-01-05 17:02,Letter,Dian,,,1970-01-05 17:02,1970-01-05 17:04,P,Dian,1970-01-05 17:04,1970-01-05 18:44,Dian,1970-01-05 18:44,System,1970-01-06 22:30,1970-01-06 23:17,240,Anne,1970-01-06 23:17,Anne,1970-01-07 2:53,Anne,,,,,1970-01-07 2:53,FixIt,1970-01-07 14:00,1970-01-07 9:59,1970-01-07 14:00
30,1970-01-04 3:17,Letter,Monica,,,1970-01-04 3:17,1970-01-04 3:22,P,Monica,1970-01-04 3:22,1970-01-04 3:24,Monica,1970-01-04 3:24,System,1970-01-07 17:42,1970-01-07 18:24,360,Anne,,,,,,,,,1970-01-07 18:24,DoIt,1970-01-08 2:26,1970-01-08 6:28,1970-01-08 6:28
31,1970-01-02 12:04,Letter,Monica,,,1970-01-02 12:04,1970-01-02 12:07,P,Monica,1970-01-02 12:07,1970-01-02 12:11,Monica,1970-01-02 12:11,System,1970-01-03 17:00,1970-01-03 17:42,120,Barbara,,,,,1970-01-03 17:42,Barbara,1970-01-03 19:42,Barbara,,,1970-01-04 0:30,1970-01-03 20:45,1970-01-04 0:30
32,1970-01-07 21:03,Letter,Monica,,,1970-01-07 21:03,1970-01-07 21:06,P,Monica,1970-01-07 21:06,1970-01-07 21:08,Monica,1970-01-07 21:08,System,1970-01-14 10:07,1970-01-14 10:58,360,Anne,,,,,,,,,1970-01-14 10:58,FixIt,1970-01-15 1:24,1970-01-14 22:30,1970-01-15 1:24
33,1970-01-02 22:22,Web,Monica,,,1970-01-02 22:22,1970-01-02 22:24,P,Monica,1970-01-02 22:24,1970-01-03 3:30,Monica,1970-01-03 3:30,System,1970-01-05 0:51,1970-01-05 1:33,120,Jacky,,,,,1970-01-05 1:33,Jacky,1970-01-05 3:45,Jacky,,,1970-01-05 9:23,1970-01-05 7:03,1970-01-05 9:23
34,1970-01-04 6:00,Phone,Dian,,,1970-01-04 6:00,1970-01-04 6:05,P,Dian,1970-01-04 6:05,1970-01-04 6:10,Dian,1970-01-04 6:10,System,1970-01-08 12:39,1970-01-08 13:14,120,Barbara,,,,,1970-01-08 13:14,Barbara,1970-01-08 15:14,Barbara,,,1970-01-08 18:10,1970-01-08 17:02,1970-01-08 18:10
35,1970-01-04 10:42,Letter,Monica,,,1970-01-04 10:42,1970-01-04 10:46,P,Monica,1970-01-04 10:46,1970-01-04 10:49,Monica,1970-01-04 10:49,System,1970-01-04 11:24,1970-01-04 12:05,120,Barbara,1970-01-04 19:53,Jacky,1970-01-04 22:05,Jacky,1970-01-04 12:05,Barbara,1970-01-04 13:53,Barbara,,,1970-01-05 6:03,1970-01-05 5:50,1970-01-05 6:03
36,1970-01-03 6:34,Web,Monica,,,1970-01-03 6:34,1970-01-03 6:37,P,Monica,1970-01-03 6:37,1970-01-03 14:34,Monica,1970-01-03 14:34,System,1970-01-03 19:36,1970-01-03 20:32,120,Anne,1970-01-03 23:50,Jacky,1970-01-04 2:02,Jacky,1970-01-03 20:32,Anne,1970-01-03 22:20,Anne,,,1970-01-04 2:23,1970-01-04 6:01,1970-01-04 6:01
37,1970-01-06 15:32,Web,Dian,,,1970-01-06 15:32,1970-01-06 15:37,E,Dian,1970-01-06 15:37,1970-01-07 1:08,Dian,1970-01-07 1:08,System,1970-01-07 19:36,1970-01-07 19:56,240,Edd,1970-01-08 12:16,John,1970-01-08 16:40,John,,,,,,,1970-01-09 0:19,1970-01-08 18:17,1970-01-09 0:19
38,1970-01-02 4:27,Phone,Dian,,,1970-01-02 4:27,1970-01-02 4:32,P,Dian,1970-01-02 4:32,1970-01-02 4:35,Dian,1970-01-02 4:35,System,1970-01-04 6:09,1970-01-04 6:49,120,Anne,,,,,1970-01-04 6:49,Anne,1970-01-04 8:49,Anne,,,1970-01-04 10:03,1970-01-04 10:42,1970-01-04 10:42
39,1970-01-05 17:57,Web,Dian,,,1970-01-05 17:57,1970-01-05 18:02,E,Dian,1970-01-05 18:02,1970-01-05 18:07,Dian,1970-01-05 18:07,System,1970-01-11 23:06,1970-01-11 23:22,240,Paul,1970-01-18 21:37,Edd,1970-01-19 16:59,Paul,,,,,,,1970-01-19 20:31,1970-01-19 17:21,1970-01-19 20:31
40,1970-01-06 5:07,Web,Monica,1970-01-06 5:07,Monica,,,,,,,,,,,,,,,,,,,,,,,,,,
41,1970-01-01 15:15,Phone,Dian,,,1970-01-01 15:15,1970-01-01 15:21,P,Dian,1970-01-01 15:21,1970-01-01 15:25,Dian,1970-01-01 15:25,System,1970-01-01 16:45,1970-01-01 17:35,120,Anne,1970-01-01 20:47,Jacky,1970-01-01 22:47,Jacky,1970-01-01 17:35,Anne,1970-01-01 19:35,Anne,1970-01-01 22:47,FixIt,1970-01-02 3:17,1970-01-02 7:55,1970-01-02 7:55
42,1970-01-01 13:40,Phone,Monica,,,1970-01-01 13:40,1970-01-01 13:43,P,Monica,1970-01-01 13:43,1970-01-01 13:47,Monica,1970-01-01 13:47,System,1970-01-01 14:42,1970-01-01 15:34,120,Barbara,,,,,1970-01-01 15:34,Barbara,1970-01-01 17:22,Barbara,,,1970-01-01 21:54,1970-01-01 20:37,1970-01-01 21:54
43,1970-01-02 1:16,Web,Dian,,,1970-01-02 1:16,1970-01-02 1:21,P,Dian,1970-01-02 1:21,1970-01-02 2:41,Monica,1970-01-02 2:41,System,1970-01-02 6:13,1970-01-02 7:02,120,Jacky,,,,,1970-01-02 7:02,Jacky,1970-01-02 9:14,Jacky,,,1970-01-02 10:05,1970-01-02 15:51,1970-01-02 15:51
44,1970-01-04 20:52,Personal,Dian,,,1970-01-04 20:52,1970-01-04 21:00,P,Dian,1970-01-04 21:00,1970-01-04 21:02,Dian,1970-01-04 21:02,System,1970-01-06 2:21,1970-01-06 3:06,120,Jacky,,,,,1970-01-06 3:06,Jacky,1970-01-06 4:54,Jacky,,,1970-01-06 8:38,1970-01-06 9:40,1970-01-06 9:40
45,1970-01-04 14:23,Web,Monica,,,1970-01-04 14:23,1970-01-04 14:25,B,Monica,1970-01-04 14:25,1970-01-05 7:25,Monica,1970-01-05 7:25,System,1970-01-05 7:28,1970-01-05 7:56,60,Eric,,,,,1970-01-05 7:56,Eric,1970-01-05 8:50,Eric,,,1970-01-05 14:27,1970-01-05 11:26,1970-01-05 14:27
46,1970-01-05 14:52,Phone,Monica,,,1970-01-05 14:52,1970-01-05 14:58,E,Monica,1970-01-05 14:58,1970-01-05 15:02,Monica,1970-01-05 15:02,System,1970-01-10 3:40,1970-01-10 4:36,220,Paul,1970-01-10 16:51,Paul,1970-01-10 20:53,Paul,,,,,,,1970-01-11 2:21,1970-01-11 2:31,1970-01-11 2:31
47,1970-01-06 5:11,Phone,Dian,,,1970-01-06 5:11,1970-01-06 5:14,P,Dian,1970-01-06 5:14,1970-01-06 5:17,Dian,1970-01-06 5:17,System,1970-01-13 4:15,1970-01-13 4:57,240,Barbara,1970-01-13 5:51,Anne,1970-01-13 9:51,Anne,,,,,,,1970-01-13 17:00,1970-01-13 17:07,1970-01-13 17:07
48,1970-01-08 6:57,Letter,Monica,,,1970-01-08 6:57,1970-01-08 6:59,P,Monica,1970-01-08 6:59,1970-01-08 7:01,Monica,1970-01-08 7:01,System,1970-01-12 9:06,1970-01-12 9:49,120,Jacky,,,,,1970-01-12 9:49,Jacky,1970-01-12 12:01,Jacky,1970-01-12 12:01,FixIt,1970-01-12 15:12,1970-01-12 22:32,1970-01-12 22:32
49,1970-01-04 14:38,Letter,Dian,,,1970-01-04 14:38,1970-01-04 14:41,P,Dian,1970-01-04 14:41,1970-01-05 0:45,Dian,1970-01-05 0:45,System,1970-01-12 6:57,1970-01-12 7:47,120,Anne,,,,,1970-01-12 7:47,Anne,1970-01-12 9:47,Anne,,,1970-01-12 11:40,1970-01-12 10:03,1970-01-12 11:40
50,1970-01-05 1:51,Web,Dian,,,1970-01-05 1:51,1970-01-05 1:53,P,Dian,1970-01-05 1:53,1970-01-05 1:57,Dian,1970-01-05 1:57,System,1970-01-08 7:56,1970-01-08 8:35,120,Anne,,,,,1970-01-08 8:35,Anne,1970-01-08 10:35,Anne,,,1970-01-08 17:40,1970-01-08 12:10,1970-01-08 17:40
51,1970-01-06 22:51,Personal,Monica,,,1970-01-06 22:51,1970-01-06 22:54,E,Monica,1970-01-06 22:54,1970-01-06 22:57,Monica,1970-01-06 22:57,System,1970-01-09 21:40,1970-01-09 22:17,220,John,1970-01-11 8:03,Paul,1970-01-11 11:43,Paul,,,,,1970-01-11 11:43,FixIt,1970-01-11 21:16,1970-01-11 22:17,1970-01-11 22:17
52,1970-01-01 20:43,Phone,Dian,,,1970-01-01 20:43,1970-01-01 20:49,E,Dian,1970-01-01 20:49,1970-01-01 20:54,Dian,1970-01-01 20:54,System,1970-01-01 22:10,1970-01-01 23:01,220,Cindy,1970-01-01 23:01,Cindy,1970-01-02 6:43,Cindy,,,,,,,1970-01-02 11:10,1970-01-02 8:11,1970-01-02 11:10
53,1970-01-02 18:21,Personal,Dian,,,1970-01-02 18:21,1970-01-02 18:26,E,Dian,1970-01-02 18:26,1970-01-02 18:28,Dian,1970-01-02 18:28,System,1970-01-04 5:29,1970-01-04 6:09,220,John,1970-01-04 6:27,Edd,1970-01-04 10:07,Edd,,,,,,,1970-01-04 17:46,1970-01-04 10:08,1970-01-04 17:46
54,1970-01-01 13:16,Personal,Dian,,,1970-01-01 13:16,1970-01-01 13:25,E,Dian,1970-01-01 13:25,1970-01-01 13:27,Dian,1970-01-01 13:27,System,1970-01-02 9:52,1970-01-02 10:32,240,John,1970-01-02 11:55,Edd,1970-01-02 16:19,Edd,,,,,,,1970-01-02 22:58,1970-01-02 18:20,1970-01-02 22:58
55,1970-01-04 7:18,Personal,Dian,,,1970-01-04 7:18,1970-01-04 7:27,B,Dian,1970-01-04 7:27,1970-01-04 7:30,Dian,1970-01-04 7:30,System,1970-01-04 10:45,1970-01-04 11:05,160,Nick,1970-01-04 11:05,Nick,1970-01-04 14:01,Nick,,,,,,,1970-01-04 16:13,1970-01-04 20:10,1970-01-04 20:10
56,1970-01-06 7:33,Phone,Dian,,,1970-01-06 7:33,1970-01-06 7:35,E,Dian,1970-01-06 7:35,1970-01-06 7:37,Dian,1970-01-06 7:37,System,1970-01-08 22:36,1970-01-08 23:11,220,Cindy,1970-01-09 23:04,Paul,1970-01-10 2:44,Paul,,,,,1970-01-10 2:44,DoIt,1970-01-10 10:52,1970-01-10 7:41,1970-01-10 10:52
57,1970-01-06 6:08,Phone,Monica,,,1970-01-06 6:08,1970-01-06 6:13,E,Monica,1970-01-06 6:13,1970-01-06 6:16,Monica,1970-01-06 6:16,System,1970-01-17 3:13,1970-01-17 3:36,240,Edd,1970-01-17 23:07,Edd,1970-01-18 3:31,Edd,,,,,,,1970-01-18 9:18,1970-01-18 5:59,1970-01-18 9:18
58,1970-01-04 23:05,Personal,Dian,,,1970-01-04 23:05,1970-01-04 23:15,P,Dian,1970-01-04 23:15,1970-01-04 23:20,Dian,1970-01-04 23:20,System,1970-01-13 17:43,1970-01-13 18:37,120,Anne,,,,,1970-01-13 18:37,Anne,1970-01-13 20:49,Anne,,,1970-01-14 1:21,1970-01-13 21:07,1970-01-14 1:21
59,1970-01-05 5:31,Letter,Monica,,,1970-01-05 5:31,1970-01-05 5:34,P,Monica,1970-01-05 5:34,1970-01-05 17:46,Monica,1970-01-05 17:46,System,1970-01-14 5:56,1970-01-14 6:40,120,Anne,,,,,1970-01-14 6:40,Anne,1970-01-14 8:40,Anne,,,1970-01-14 12:41,1970-01-14 10:00,1970-01-14 12:41
60,1970-01-08 0:05,Web,Monica,,,1970-01-08 0:05,1970-01-08 0:08,E,Monica,1970-01-08 0:08,1970-01-08 0:11,Monica,1970-01-08 0:11,System,1970-01-12 5:48,1970-01-12 6:27,240,Cindy,1970-01-12 11:28,Paul,1970-01-12 15:52,Paul,,,,,,,1970-01-12 23:15,1970-01-12 19:47,1970-01-12 23:15
61,1970-01-06 12:40,Web,Monica,1970-01-06 12:40,Monica,,,,,,,,,,,,,,,,,,,,,,,,,,
62,1970-01-07 18:06,Phone,Monica,,,1970-01-07 18:06,1970-01-07 18:10,B,Monica,1970-01-07 18:10,1970-01-07 18:12,Monica,1970-01-07 18:12,System,1970-01-07 18:12,1970-01-07 18:44,160,Nick,1970-01-07 18:44,Eric,1970-01-07 23:00,Lex,,,,,,,1970-01-08 0:21,1970-01-08 1:56,1970-01-08 1:56
63,1970-01-01 20:23,Web,Monica,,,1970-01-01 20:23,1970-01-01 20:26,P,Monica,1970-01-01 20:26,1970-01-01 20:28,Monica,1970-01-01 20:28,System,1970-01-06 14:33,1970-01-06 15:18,120,Jacky,,,,,1970-01-06 15:18,Jacky,1970-01-06 17:18,Jacky,,,1970-01-07 0:24,1970-01-06 19:55,1970-01-07 0:24
64,1970-01-03 19:04,Letter,Monica,,,1970-01-03 19:04,1970-01-03 19:10,E,Monica,1970-01-03 19:10,1970-01-03 23:49,Monica,1970-01-03 23:49,System,1970-01-11 20:24,1970-01-11 20:51,220,John,1970-01-12 6:47,John,1970-01-12 10:49,John,,,,,,,1970-01-12 14:34,1970-01-12 15:48,1970-01-12 15:48
65,1970-01-02 5:31,Personal,Monica,,,1970-01-02 5:31,1970-01-02 5:34,E,Monica,1970-01-02 5:34,1970-01-02 5:36,Monica,1970-01-02 5:36,System,1970-01-03 4:02,1970-01-03 5:02,240,Cindy,1970-01-03 18:01,John,1970-01-03 22:25,John,,,,,,,1970-01-03 22:35,1970-01-04 4:21,1970-01-04 4:21
66,1970-01-07 10:29,Personal,Dian,,,1970-01-07 10:29,1970-01-07 10:39,P,Dian,1970-01-07 10:39,1970-01-07 10:43,Dian,1970-01-07 10:43,System,1970-01-08 10:35,1970-01-08 11:29,120,Anne,,,,,1970-01-08 11:29,Anne,1970-01-08 13:41,Anne,,,1970-01-08 21:36,1970-01-08 21:36,1970-01-08 21:36
67,1970-01-05 13:25,Web,Dian,1970-01-05 13:25,Dian,,,,,,,,,,,,,,,,,,,,,,,,,,
68,1970-01-06 0:00,Phone,Monica,,,1970-01-06 0:00,1970-01-06 0:03,P,Monica,1970-01-06 0:03,1970-01-06 0:06,Monica,1970-01-06 0:06,System,1970-01-07 17:31,1970-01-07 18:31,120,Jacky,,,,,1970-01-07 18:31,Jacky,1970-01-07 20:43,Jacky,,,1970-01-07 22:41,1970-01-07 23:51,1970-01-07 23:51
69,1970-01-04 8:18,Web,Monica,,,1970-01-04 8:18,1970-01-04 8:21,E,Monica,1970-01-04 8:21,1970-01-04 8:26,Monica,1970-01-04 8:26,System,1970-01-10 20:53,1970-01-10 21:29,240,Paul,1970-01-13 18:16,Edd,1970-01-13 22:16,Edd,,,,,,,1970-01-14 3:22,1970-01-14 3:19,1970-01-14 3:22
70,1970-01-05 5:16,Phone,Dian,,,1970-01-05 5:16,1970-01-05 5:18,P,Dian,1970-01-05 5:18,1970-01-05 5:23,Dian,1970-01-05 5:23,System,1970-01-14 0:16,1970-01-14 0:58,120,Anne,,,,,1970-01-14 0:58,Anne,1970-01-14 2:58,Anne,,,1970-01-14 5:44,1970-01-14 6:11,1970-01-14 6:11
71,1970-01-03 20:00,Phone,Dian,,,1970-01-03 20:00,1970-01-03 20:09,E,Dian,1970-01-03 20:09,1970-01-03 20:11,Dian,1970-01-03 20:11,System,1970-01-06 10:51,1970-01-06 11:34,220,Cindy,1970-01-06 14:51,John,1970-01-06 18:31,John,,,,,,,1970-01-06 21:17,1970-01-06 19:49,1970-01-06 21:17
72,1970-01-06 19:53,Web,Dian,1970-01-06 19:53,Dian,,,,,,,,,,,,,,,,,,,,,,,,,,
73,1970-01-07 17:13,Personal,Dian,,,1970-01-07 17:13,1970-01-07 17:17,E,Dian,1970-01-07 17:17,1970-01-07 17:22,Dian,1970-01-07 17:22,System,1970-01-13 17:52,1970-01-13 18:41,220,Cindy,1970-01-17 0:56,Cindy,1970-01-17 11:53,John,,,,,,,1970-01-17 16:17,1970-01-17 12:36,1970-01-17 16:17
74,1970-01-03 5:55,Personal,Monica,,,1970-01-03 5:55,1970-01-03 5:59,P,Monica,1970-01-03 5:59,1970-01-03 6:03,Monica,1970-01-03 6:03,System,1970-01-04 22:05,1970-01-04 23:03,120,Jacky,,,,,1970-01-04 23:03,Jacky,1970-01-05 0:51,Jacky,,,1970-01-05 5:14,1970-01-05 3:20,1970-01-05 5:14
75,1970-01-05 13:05,Letter,Monica,,,1970-01-05 13:05,1970-01-05 13:10,P,Monica,1970-01-05 13:10,1970-01-05 21:27,Monica,1970-01-05 21:27,System,1970-01-11 3:26,1970-01-11 4:12,120,Anne,,,,,1970-01-11 4:12,Anne,1970-01-11 6:12,Anne,,,1970-01-11 13:08,1970-01-11 8:54,1970-01-11 13:08
76,1970-01-04 20:04,Personal,Monica,,,1970-01-04 20:04,1970-01-04 20:10,P,Monica,1970-01-04 20:10,1970-01-04 20:14,Monica,1970-01-04 20:14,System,1970-01-11 21:45,1970-01-11 22:39,120,Barbara,,,,,1970-01-11 22:39,Barbara,1970-01-12 0:39,Barbara,,,1970-01-12 7:33,1970-01-12 7:30,1970-01-12 7:33
77,1970-01-06 7:08,Phone,Monica,,,1970-01-06 7:08,1970-01-06 7:11,B,Monica,1970-01-06 7:11,1970-01-06 7:13,Monica,1970-01-06 7:13,System,1970-01-06 7:13,1970-01-06 7:32,160,Nick,1970-01-06 7:32,Eric,1970-01-06 9:24,Eric,,,,,,,1970-01-06 16:03,1970-01-06 12:08,1970-01-06 16:03
78,1970-01-06 8:28,Letter,Dian,,,1970-01-06 8:28,1970-01-06 8:35,P,Dian,1970-01-06 8:35,1970-01-06 8:40,Dian,1970-01-06 8:40,System,1970-01-09 7:26,1970-01-09 8:00,240,Barbara,1970-01-09 13:38,Anne,1970-01-09 17:14,Anne,,,,,,,1970-01-09 19:19,1970-01-09 20:21,1970-01-09 20:21
79,1970-01-03 12:00,Phone,Monica,,,1970-01-03 12:00,1970-01-03 12:04,E,Monica,1970-01-03 12:04,1970-01-03 12:06,Monica,1970-01-03 12:06,System,1970-01-04 5:01,1970-01-04 5:36,220,Cindy,1970-01-04 12:38,Cindy,1970-01-04 16:40,Cindy,,,,,,,1970-01-04 20:35,1970-01-04 22:21,1970-01-04 22:21
80,1970-01-04 23:26,Web,Dian,,,1970-01-04 23:26,1970-01-04 23:31,P,Dian,1970-01-04 23:31,1970-01-05 4:30,Monica,1970-01-05 4:30,System,1970-01-13 13:25,1970-01-13 14:07,120,Anne,,,,,1970-01-13 14:07,Anne,1970-01-13 15:55,Anne,,,1970-01-13 19:55,1970-01-13 22:27,1970-01-13 22:27
81,1970-01-04 3:12,Letter,Monica,,,1970-01-04 3:12,1970-01-04 3:15,P,Monica,1970-01-04 3:15,1970-01-04 12:05,Monica,1970-01-04 12:05,System,1970-01-12 14:03,1970-01-12 14:50,120,Barbara,,,,,1970-01-12 14:50,Barbara,1970-01-12 16:38,Barbara,,,1970-01-13 0:10,1970-01-12 19:03,1970-01-13 0:10
82,1970-01-04 6:05,Phone,Monica,1970-01-04 6:05,Monica,,,,,,,,,,,,,,,,,,,,,,,,,,
83,1970-01-06 4:15,Letter,Dian,,,1970-01-06 4:15,1970-01-06 4:21,E,Dian,1970-01-06 4:21,1970-01-06 4:23,Dian,1970-01-06 4:23,System,1970-01-17 0:27,1970-01-17 0:59,220,Cindy,1970-01-19 14:23,Cindy,1970-01-19 18:03,Cindy,,,,,,,1970-01-19 20:56,1970-01-19 20:17,1970-01-19 20:56
84,1970-01-07 12:42,Personal,Monica,,,1970-01-07 12:42,1970-01-07 12:46,E,Monica,1970-01-07 12:46,1970-01-07 12:50,Monica,1970-01-07 12:50,System,1970-01-08 3:38,1970-01-08 4:38,220,John,1970-01-08 12:49,Edd,1970-01-18 22:05,Paul,,,,,,,1970-01-19 3:07,1970-01-19 2:57,1970-01-19 3:07
85,1970-01-07 6:18,Letter,Dian,,,1970-01-07 6:18,1970-01-07 6:21,P,Dian,1970-01-07 6:21,1970-01-07 6:25,Dian,1970-01-07 6:25,System,1970-01-11 7:05,1970-01-11 8:04,120,Barbara,,,,,1970-01-11 8:04,Barbara,1970-01-11 9:52,Barbara,,,1970-01-11 15:44,1970-01-11 16:11,1970-01-11 16:11
86,1970-01-07 4:32,Letter,Monica,,,1970-01-07 4:32,1970-01-07 4:37,E,Monica,1970-01-07 4:37,1970-01-07 4:41,Monica,1970-01-07 4:41,System,1970-01-09 22:38,1970-01-09 23:04,220,Paul,1970-01-10 9:45,John,1970-01-10 13:47,John,,,,,,,1970-01-10 20:48,1970-01-10 14:34,1970-01-10 20:48
87,1970-01-02 21:01,Web,Dian,,,1970-01-02 21:01,1970-01-02 21:05,P,Dian,1970-01-02 21:05,1970-01-02 21:10,Dian,1970-01-02 21:10,System,1970-01-12 8:19,1970-01-12 8:58,120,Barbara,,,,,1970-01-12 8:58,Barbara,1970-01-12 10:46,Barbara,,,1970-01-12 17:24,1970-01-12 13:30,1970-01-12 17:24
88,1970-01-08 0:56,Phone,Monica,,,1970-01-08 0:56,1970-01-08 1:01,B,Monica,1970-01-08 1:01,1970-01-08 1:06,Monica,1970-01-08 1:06,System,1970-01-08 1:06,1970-01-08 1:43,240,Nick,1970-01-08 1:43,Nick,1970-01-08 6:31,Nick,,,,,,,1970-01-08 10:22,1970-01-08 6:55,1970-01-08 10:22
89,1970-01-03 8:09,Web,Monica,,,1970-01-03 8:09,1970-01-03 8:11,P,Monica,1970-01-03 8:11,1970-01-03 11:15,Monica,1970-01-03 11:15,System,1970-01-03 14:40,1970-01-03 15:21,120,Anne,,,,,1970-01-03 15:21,Anne,1970-01-03 17:21,Anne,,,1970-01-03 23:47,1970-01-03 22:03,1970-01-03 23:47
90,1970-01-05 10:13,Phone,Dian,,,1970-01-05 10:13,1970-01-05 10:15,B,Dian,1970-01-05 10:15,1970-01-05 10:19,Dian,1970-01-05 10:19,System,1970-01-05 10:27,1970-01-05 11:02,60,Ben,,,,,1970-01-05 11:02,Ben,1970-01-05 12:02,Ben,,,1970-01-05 16:25,1970-01-05 18:43,1970-01-05 18:43
91,1970-01-03 1:24,Personal,Dian,,,1970-01-03 1:24,1970-01-03 1:32,E,Dian,1970-01-03 1:32,1970-01-03 1:36,Dian,1970-01-03 1:36,System,1970-01-04 2:02,1970-01-04 2:51,240,Edd,1970-01-04 23:30,John,1970-01-05 3:54,John,,,,,,,1970-01-05 7:30,1970-01-05 7:31,1970-01-05 7:31
92,1970-01-01 13:34,Letter,Monica,,,1970-01-01 13:34,1970-01-01 13:37,P,Monica,1970-01-01 13:37,1970-01-01 13:39,Monica,1970-01-01 13:39,System,1970-01-01 13:39,1970-01-01 14:20,120,Anne,,,,,1970-01-01 14:20,Anne,1970-01-01 16:32,Anne,,,1970-01-01 20:52,1970-01-01 20:34,1970-01-01 20:52
93,1970-01-06 0:42,Letter,Dian,,,1970-01-06 0:42,1970-01-06 0:44,E,Dian,1970-01-06 0:44,1970-01-06 18:28,Dian,1970-01-06 18:28,System,1970-01-11 12:08,1970-01-11 12:38,220,Cindy,1970-01-14 22:20,John,1970-01-15 2:00,John,,,,,,,1970-01-15 6:31,1970-01-15 5:26,1970-01-15 6:31
94,1970-01-06 19:19,Phone,Monica,,,1970-01-06 19:19,1970-01-06 19:25,P,Monica,1970-01-06 19:25,1970-01-06 19:29,Monica,1970-01-06 19:29,System,1970-01-11 7:09,1970-01-11 8:02,120,Anne,,,,,1970-01-11 8:02,Anne,1970-01-11 9:50,Anne,,,1970-01-11 15:19,1970-01-11 12:51,1970-01-11 15:19
95,1970-01-07 5:03,Web,Monica,,,1970-01-07 5:03,1970-01-07 5:06,P,Monica,1970-01-07 5:06,1970-01-07 14:40,Monica,1970-01-07 14:40,System,1970-01-13 2:49,1970-01-13 3:35,120,Anne,,,,,1970-01-13 3:35,Anne,1970-01-13 5:47,Anne,,,1970-01-13 7:29,1970-01-13 11:08,1970-01-13 11:08
96,1970-01-04 6:55,Letter,Dian,,,1970-01-04 6:55,1970-01-04 6:59,B,Dian,1970-01-04 6:59,1970-01-05 4:08,Monica,1970-01-05 4:08,System,1970-01-05 4:08,1970-01-05 4:34,240,Lex,1970-01-05 4:34,Lex,1970-01-05 7:22,Lex,,,,,,,1970-01-05 10:44,1970-01-05 14:52,1970-01-05 14:52
97,1970-01-02 6:58,Letter,Dian,,,1970-01-02 6:58,1970-01-02 7:03,E,Dian,1970-01-02 7:03,1970-01-02 10:07,Monica,1970-01-02 10:07,System,1970-01-02 17:01,1970-01-02 17:55,220,Paul,1970-01-02 22:16,Paul,1970-01-03 1:56,Paul,,,,,,,1970-01-03 6:11,1970-01-03 5:48,1970-01-03 6:11
98,1970-01-08 5:30,Personal,Dian,,,1970-01-08 5:30,1970-01-08 5:36,B,Dian,1970-01-08 5:36,1970-01-08 5:40,Dian,1970-01-08 5:40,System,1970-01-08 6:03,1970-01-08 6:47,160,Lex,1970-01-08 6:47,Lex,1970-01-08 8:39,Lex,,,,,,,1970-01-08 9:28,1970-01-08 10:35,1970-01-08 10:35
99,1970-01-04 19:32,Personal,Monica,,,1970-01-04 19:32,1970-01-04 19:38,P,Monica,1970-01-04 19:38,1970-01-04 19:43,Monica,1970-01-04 19:43,System,1970-01-05 14:44,1970-01-05 15:40,120,Barbara,,,,,1970-01-05 15:40,Barbara,1970-01-05 17:52,Barbara,1970-01-05 17:52,FixIt,1970-01-06 0:35,1970-01-05 22:29,1970-01-06 0:35
100,1970-01-01 23:11,Phone,Monica,,,1970-01-01 23:11,1970-01-01 23:16,B,Monica,1970-01-01 23:16,1970-01-01 23:21,Monica,1970-01-01 23:21,System,1970-01-01 23:21,1970-01-01 23:43,480,Eric,,,,,,,,,1970-01-01 23:43,FixIt,1970-01-02 11:39,1970-01-02 14:36,1970-01-02 14:36
101,1970-01-03 15:45,Letter,Dian,,,1970-01-03 15:45,1970-01-03 15:48,B,Dian,1970-01-03 15:48,1970-01-04 5:42,Monica,1970-01-04 5:42,System,1970-01-04 5:42,1970-01-04 5:57,240,Nick,1970-01-04 5:57,Nick,1970-01-04 10:45,Nick,,,,,,,1970-01-04 11:19,1970-01-04 12:31,1970-01-04 12:31
102,1970-01-05 13:56,Letter,Monica,,,1970-01-05 13:56,1970-01-05 13:59,E,Monica,1970-01-05 13:59,1970-01-05 14:04,Monica,1970-01-05 14:04,System,1970-01-16 23:57,1970-01-17 0:56,220,John,1970-01-18 10:52,John,1970-01-18 14:54,John,,,,,,,1970-01-18 19:26,1970-01-18 22:08,1970-01-18 22:08
103,1970-01-05 4:01,Personal,Monica,,,1970-01-05 4:01,1970-01-05 4:03,P,Monica,1970-01-05 4:03,1970-01-05 4:08,Monica,1970-01-05 4:08,System,1970-01-05 12:10,1970-01-05 12:50,360,Jacky,,,,,,,,,1970-01-05 12:50,FixIt,1970-01-06 2:40,1970-01-06 2:12,1970-01-06 2:40
104,1970-01-04 3:14,Personal,Dian,,,1970-01-04 3:14,1970-01-04 3:17,P,Dian,1970-01-04 3:17,1970-01-04 3:20,Dian,1970-01-04 3:20,System,1970-01-05 1:15,1970-01-05 1:47,120,Anne,,,,,1970-01-05 1:47,Anne,1970-01-05 3:59,Anne,,,1970-01-05 4:41,1970-01-05 7:31,1970-01-05 7:31
105,1970-01-06 20:27,Personal,Monica,1970-01-06 20:27,Monica,,,,,,,,,,,,,,,,,,,,,,,,,,
106,1970-01-05 16:51,Web,Monica,,,1970-01-05 16:51,1970-01-05 16:55,E,Monica,1970-01-05 16:55,1970-01-05 16:59,Monica,1970-01-05 16:59,System,1970-01-16 9:51,1970-01-16 10:16,220,Paul,1970-01-16 10:43,Edd,1970-01-16 14:23,Edd,,,,,,,1970-01-16 19:23,1970-01-16 21:37,1970-01-16 21:37
107,1970-01-02 0:00,Web,Monica,,,1970-01-02 0:00,1970-01-02 0:03,B,Monica,1970-01-02 0:03,1970-01-02 3:39,Monica,1970-01-02 3:39,System,1970-01-02 3:39,1970-01-02 4:12,60,Lex,,,,,1970-01-02 4:12,Lex,1970-01-02 5:12,Lex,,,1970-01-02 8:44,1970-01-02 5:17,1970-01-02 8:44
108,1970-01-03 3:28,Personal,Monica,,,1970-01-03 3:28,1970-01-03 3:30,E,Monica,1970-01-03 3:30,1970-01-03 3:34,Monica,1970-01-03 3:34,System,1970-01-03 3:46,1970-01-03 4:02,240,Cindy,1970-01-03 18:04,Paul,1970-01-03 21:40,Paul,,,,,,,1970-01-04 0:33,1970-01-03 22:02,1970-01-04 0:33
109,1970-01-07 7:38,Personal,Dian,,,1970-01-07 7:38,1970-01-07 7:43,P,Dian,1970-01-07 7:43,1970-01-07 7:45,Dian,1970-01-07 7:45,System,1970-01-11 6:12,1970-01-11 7:09,240,Anne,1970-01-11 8:00,Anne,1970-01-11 12:24,Anne,,,,,,,1970-01-11 16:13,1970-01-11 14:17,1970-01-11 16:13
110,1970-01-02 22:29,Personal,Monica,,,1970-01-02 22:29,1970-01-02 22:33,P,Monica,1970-01-02 22:33,1970-01-02 22:36,Monica,1970-01-02 22:36,System,1970-01-03 3:45,1970-01-03 4:33,120,Barbara,,,,,1970-01-03 4:33,Barbara,1970-01-03 6:21,Barbara,1970-01-03 6:21,FixIt,1970-01-03 10:02,1970-01-03 10:51,1970-01-03 10:51
111,1970-01-06 19:26,Letter,Dian,,,1970-01-06 19:26,1970-01-06 19:36,E,Dian,1970-01-06 19:36,1970-01-07 1:03,Dian,1970-01-07 1:03,System,1970-01-17 2:47,1970-01-17 3:13,240,Edd,1970-01-19 5:41,Edd,1970-01-20 5:19,Paul,,,,,,,1970-01-20 10:33,1970-01-20 8:01,1970-01-20 10:33
112,1970-01-07 23:46,Web,Dian,,,1970-01-07 23:46,1970-01-07 23:49,P,Dian,1970-01-07 23:49,1970-01-08 4:19,Monica,1970-01-08 4:19,System,1970-01-11 19:53,1970-01-11 20:39,120,Anne,,,,,1970-01-11 20:39,Anne,1970-01-11 22:27,Anne,,,1970-01-12 5:29,1970-01-12 4:14,1970-01-12 5:29
113,1970-01-05 21:39,Web,Dian,,,1970-01-05 21:39,1970-01-05 21:45,P,Dian,1970-01-05 21:45,1970-01-05 21:48,Dian,1970-01-05 21:48,System,1970-01-12 22:04,1970-01-12 22:40,360,Barbara,,,,,,,,,1970-01-12 22:40,DoIt,1970-01-13 7:59,1970-01-13 11:43,1970-01-13 11:43
114,1970-01-07 6:59,Phone,Dian,,,1970-01-07 6:59,1970-01-07 7:08,P,Dian,1970-01-07 7:08,1970-01-07 7:10,Dian,1970-01-07 7:10,System,1970-01-13 18:48,1970-01-13 19:46,240,Anne,1970-01-13 20:26,Barbara,1970-01-14 0:50,Barbara,,,,,,,1970-01-14 6:42,1970-01-14 1:19,1970-01-14 6:42
115,1970-01-06 3:14,Personal,Dian,,,1970-01-06 3:14,1970-01-06 3:23,P,Dian,1970-01-06 3:23,1970-01-06 3:27,Dian,1970-01-06 3:27,System,1970-01-10 1:10,1970-01-10 1:49,120,Anne,,,,,1970-01-10 1:49,Anne,1970-01-10 4:01,Anne,,,1970-01-10 7:50,1970-01-10 7:06,1970-01-10 7:50
116,1970-01-02 17:32,Phone,Monica,,,1970-01-02 17:32,1970-01-02 17:38,P,Monica,1970-01-02 17:38,1970-01-02 17:40,Monica,1970-01-02 17:40,System,1970-01-09 4:32,1970-01-09 5:19,240,Jacky,1970-01-09 5:32,Anne,1970-01-09 9:56,Anne,,,,,1970-01-09 9:56,FixIt,1970-01-09 16:19,1970-01-09 16:49,1970-01-09 16:49
117,1970-01-03 23:23,Web,Monica,,,1970-01-03 23:23,1970-01-03 23:25,B,Monica,1970-01-03 23:25,1970-01-03 23:27,Monica,1970-01-03 23:27,System,1970-01-03 23:27,1970-01-04 0:06,160,Eric,1970-01-04 0:06,Ben,1970-01-04 3:02,Ben,,,,,,,1970-01-04 3:55,1970-01-04 4:05,1970-01-04 4:05
118,1970-01-06 4:42,Phone,Dian,,,1970-01-06 4:42,1970-01-06 4:50,P,Dian,1970-01-06 4:50,1970-01-06 4:53,Dian,1970-01-06 4:53,System,1970-01-07 4:09,1970-01-07 5:05,120,Jacky,,,,,1970-01-07 5:05,Jacky,1970-01-07 7:05,Jacky,,,1970-01-07 14:39,1970-01-07 9:18,1970-01-07 14:39
119,1970-01-06 7:17,Phone,Monica,,,1970-01-06 7:17,1970-01-06 7:19,E,Monica,1970-01-06 7:19,1970-01-06 7:24,Monica,1970-01-06 7:24,System,1970-01-13 9:42,1970-01-13 10:32,220,Paul,1970-01-15 19:13,Edd,1970-01-15 22:31,Edd,,,,,,,1970-01-16 4:46,1970-01-16 0:23,1970-01-16 4:46
120,1970-01-03 1:37,Phone,Dian,,,1970-01-03 1:37,1970-01-03 1:47,E,Dian,1970-01-03 1:47,1970-01-03 1:49,Dian,1970-01-03 1:49,System,1970-01-12 10:58,1970-01-12 11:42,220,Cindy,1970-01-12 22:22,Edd,1970-01-13 1:40,Edd,,,,,1970-01-13 1:40,FixIt,1970-01-13 11:07,1970-01-13 10:12,1970-01-13 11:07
121,1970-01-04 18:59,Personal,Monica,,,1970-01-04 18:59,1970-01-04 19:05,P,Monica,1970-01-04 19:05,1970-01-04 19:08,Monica,1970-01-04 19:08,System,1970-01-05 12:12,1970-01-05 13:07,120,Anne,,,,,1970-01-05 13:07,Anne,1970-01-05 15:19,Anne,,,1970-01-05 21:10,1970-01-05 17:57,1970-01-05 21:10
122,1970-01-07 21:53,Phone,Monica,,,1970-01-07 21:53,1970-01-07 21:59,P,Monica,1970-01-07 21:59,1970-01-07 22:02,Monica,1970-01-07 22:02,System,1970-01-14 7:28,1970-01-14 8:07,120,Anne,,,,,1970-01-14 8:07,Anne,1970-01-14 10:07,Anne,,,1970-01-14 16:11,1970-01-14 13:44,1970-01-14 16:11
123,1970-01-04 16:25,Web,Monica,,,1970-01-04 16:25,1970-01-04 16:27,P,Monica,1970-01-04 16:27,1970-01-05 1:15,Monica,1970-01-05 1:15,System,1970-01-10 7:41,1970-01-10 8:24,120,Barbara,,,,,1970-01-10 8:24,Barbara,1970-01-10 10:24,Barbara,,,1970-01-10 13:53,1970-01-10 13:47,1970-01-10 13:53
124,1970-01-04 6:48,Personal,Monica,,,1970-01-04 6:48,1970-01-04 6:53,E,Monica,1970-01-04 6:53,1970-01-04 6:57,Monica,1970-01-04 6:57,System,1970-01-16 14:58,1970-01-16 15:52,220,Cindy,1970-01-18 11:41,Cindy,1970-01-18 23:03,Cindy,,,,,,,1970-01-19 2:57,1970-01-19 2:49,1970-01-19 2:57
125,1970-01-06 5:28,Phone,Monica,,,1970-01-06 5:28,1970-01-06 5:30,P,Monica,1970-01-06 5:30,1970-01-06 5:33,Monica,1970-01-06 5:33,System,1970-01-09 17:14,1970-01-09 17:46,120,Anne,,,,,1970-01-09 17:46,Anne,1970-01-09 19:58,Anne,1970-01-09 19:58,DoIt,1970-01-09 23:25,1970-01-10 1:14,1970-01-10 1:14
126,1970-01-02 13:42,Web,Monica,,,1970-01-02 13:42,1970-01-02 13:46,E,Monica,1970-01-02 13:46,1970-01-03 2:49,Monica,1970-01-03 2:49,System,1970-01-07 22:25,1970-01-07 22:56,240,John,1970-01-08 22:48,Edd,1970-01-09 2:48,Edd,,,,,,,1970-01-09 9:27,1970-01-09 10:40,1970-01-09 10:40
127,1970-01-05 14:56,Phone,Dian,,,1970-01-05 14:56,1970-01-05 15:06,B,Dian,1970-01-05 15:06,1970-01-05 15:11,Dian,1970-01-05 15:11,System,1970-01-05 15:11,1970-01-05 15:39,160,Ben,1970-01-05 15:39,Ben,1970-01-05 18:35,Ben,,,,,,,1970-01-05 22:37,1970-01-05 20:51,1970-01-05 22:37
128,1970-01-08 5:59,Phone,Monica,,,1970-01-08 5:59,1970-01-08 6:04,P,Monica,1970-01-08 6:04,1970-01-08 6:09,Monica,1970-01-08 6:09,System,1970-01-11 18:30,1970-01-11 19:12,120,Jacky,,,,,1970-01-11 19:12,Jacky,1970-01-11 21:12,Jacky,,,1970-01-12 2:53,1970-01-12 1:30,1970-01-12 2:53
129,1970-01-05 23:15,Letter,Dian,,,1970-01-05 23:15,1970-01-05 23:17,P,Dian,1970-01-05 23:17,1970-01-06 16:22,Dian,1970-01-06 16:22,System,1970-01-11 15:32,1970-01-11 16:25,120,Barbara,,,,,1970-01-11 16:25,Barbara,1970-01-11 18:37,Barbara,,,1970-01-12 1:12,1970-01-11 23:00,1970-01-12 1:12
130,1970-01-06 11:08,Web,Monica,,,1970-01-06 11:08,1970-01-06 11:11,P,Monica,1970-01-06 11:11,1970-01-06 16:08,Monica,1970-01-06 16:08,System,1970-01-06 21:27,1970-01-06 22:17,120,Anne,,,,,1970-01-06 22:17,Anne,1970-01-07 0:17,Anne,,,1970-01-07 6:57,1970-01-07 6:27,1970-01-07 6:57
131,1970-01-01 15:58,Web,Monica,,,1970-01-01 15:58,1970-01-01 16:01,B,Monica,1970-01-01 16:01,1970-01-01 16:03,Monica,1970-01-01 16:03,System,1970-01-01 16:03,1970-01-01 16:25,240,Lex,1970-01-01 16:25,Lex,1970-01-01 20:25,Lex,,,,,1970-01-01 20:25,FixIt,1970-01-02 5:12,1970-01-02 0:58,1970-01-02 5:12
132,1970-01-05 9:56,Phone,Monica,,,1970-01-05 9:56,1970-01-05 9:59,P,Monica,1970-01-05 9:59,1970-01-05 10:02,Monica,1970-01-05 10:02,System,1970-01-14 0:50,1970-01-14 1:40,120,Barbara,,,,,1970-01-14 1:40,Barbara,1970-01-14 3:28,Barbara,,,1970-01-14 7:10,1970-01-14 9:10,1970-01-14 9:10
133,1970-01-03 1:15,Personal,Monica,,,1970-01-03 1:15,1970-01-03 1:20,P,Monica,1970-01-03 1:20,1970-01-03 1:25,Monica,1970-01-03 1:25,System,1970-01-04 14:03,1970-01-04 14:47,120,Jacky,,,,,1970-01-04 14:47,Jacky,1970-01-04 16:47,Jacky,1970-01-04 16:47,FixIt,1970-01-05 0:22,1970-01-04 23:19,1970-01-05 0:22
134,1970-01-03 1:36,Personal,Monica,,,1970-01-03 1:36,1970-01-03 1:38,E,Monica,1970-01-03 1:38,1970-01-03 1:43,Monica,1970-01-03 1:43,System,1970-01-03 12:47,1970-01-03 13:40,240,Paul,1970-01-03 14:25,John,1970-01-03 18:01,John,,,,,,,1970-01-03 18:44,1970-01-03 21:25,1970-01-03 21:25
135,1970-01-05 6:22,Personal,Monica,,,1970-01-05 6:22,1970-01-05 6:25,E,Monica,1970-01-05 6:25,1970-01-05 6:30,Monica,1970-01-05 6:30,System,1970-01-05 20:37,1970-01-05 21:14,220,John,1970-01-07 12:55,John,1970-01-07 16:57,John,,,,,,,1970-01-08 0:46,1970-01-07 21:07,1970-01-08 0:46
136,1970-01-01 19:36,Personal,Monica,,,1970-01-01 19:36,1970-01-01 19:41,P,Monica,1970-01-01 19:41,1970-01-01 19:45,Monica,1970-01-01 19:45,System,1970-01-01 19:58,1970-01-01 20:56,360,Barbara,,,,,,,,,1970-01-01 20:56,DoIt,1970-01-02 11:23,1970-01-02 6:57,1970-01-02 11:23
137,1970-01-06 15:19,Letter,Monica,,,1970-01-06 15:19,1970-01-06 15:24,P,Monica,1970-01-06 15:24,1970-01-06 18:30,Monica,1970-01-06 18:30,System,1970-01-09 11:34,1970-01-09 12:08,120,Jacky,,,,,1970-01-09 12:08,Jacky,1970-01-09 14:08,Jacky,,,1970-01-09 19:53,1970-01-09 15:41,1970-01-09 19:53
138,1970-01-06 16:49,Phone,Monica,,,1970-01-06 16:49,1970-01-06 16:55,E,Monica,1970-01-06 16:55,1970-01-06 17:00,Monica,1970-01-06 17:00,System,1970-01-09 11:11,1970-01-09 12:11,220,John,1970-01-09 12:35,Cindy,1970-01-09 16:37,Cindy,,,,,1970-01-09 16:37,DoIt,1970-01-09 22:56,1970-01-10 0:14,1970-01-10 0:14
139,1970-01-06 7:37,Letter,Dian,,,1970-01-06 7:37,1970-01-06 7:39,P,Dian,1970-01-06 7:39,1970-01-06 7:42,Dian,1970-01-06 7:42,System,1970-01-10 10:18,1970-01-10 11:15,120,Anne,,,,,1970-01-10 11:15,Anne,1970-01-10 13:03,Anne,,,1970-01-10 18:32,1970-01-10 20:42,1970-01-10 20:42
140,1970-01-04 3:06,Phone,Monica,,,1970-01-04 3:06,1970-01-04 3:10,P,Monica,1970-01-04 3:10,1970-01-04 3:12,Monica,1970-01-04 3:12,System,1970-01-14 2:09,1970-01-14 2:53,120,Anne,,,,,1970-01-14 2:53,Anne,1970-01-14 4:41,Anne,,,1970-01-14 6:53,1970-01-14 7:24,1970-01-14 7:24
141,1970-01-03 10:29,Personal,Dian,,,1970-01-03 10:29,1970-01-03 10:34,E,Dian,1970-01-03 10:34,1970-01-03 10:38,Dian,1970-01-03 10:38,System,1970-01-04 10:07,1970-01-04 10:42,240,Edd,1970-01-04 16:52,Paul,1970-01-04 20:52,Paul,,,,,,,1970-01-04 21:47,1970-01-05 3:33,1970-01-05 3:33
142,1970-01-07 1:18,Web,Monica,,,1970-01-07 1:18,1970-01-07 1:20,E,Monica,1970-01-07 1:20,1970-01-07 1:25,Monica,1970-01-07 1:25,System,1970-01-07 19:20,1970-01-07 19:36,220,Edd,1970-01-09 17:36,John,1970-01-09 21:16,John,,,,,,,1970-01-10 4:10,1970-01-10 1:54,1970-01-10 4:10
143,1970-01-07 5:40,Letter,Monica,,,1970-01-07 5:40,1970-01-07 5:46,B,Monica,1970-01-07 5:46,1970-01-07 5:49,Monica,1970-01-07 5:49,System,1970-01-07 5:50,1970-01-07 6:10,240,Lex,1970-01-07 6:10,Eric,1970-01-07 12:58,Lex,,,,,,,1970-01-07 19:11,1970-01-07 16:03,1970-01-07 19:11
144,1970-01-06 18:24,Letter,Monica,,,1970-01-06 18:24,1970-01-06 18:30,P,Monica,1970-01-06 18:30,1970-01-06 18:32,Monica,1970-01-06 18:32,System,1970-01-14 12:18,1970-01-14 12:57,120,Barbara,,,,,1970-01-14 12:57,Barbara,1970-01-14 14:57,Barbara,,,1970-01-14 20:12,1970-01-14 22:08,1970-01-14 22:08
145,1970-01-02 9:40,Phone,Dian,1970-01-02 9:40,Dian,,,,,,,,,,,,,,,,,,,,,,,,,,
146,1970-01-06 13:34,Web,Monica,,,1970-01-06 13:34,1970-01-06 13:36,E,Monica,1970-01-06 13:36,1970-01-06 13:39,Monica,1970-01-06 13:39,System,1970-01-06 22:11,1970-01-06 23:06,240,John,1970-01-07 8:07,John,1970-01-07 12:31,John,,,,,,,1970-01-07 17:24,1970-01-07 14:43,1970-01-07 17:24
147,1970-01-03 2:04,Phone,Dian,,,1970-01-03 2:04,1970-01-03 2:06,E,Dian,1970-01-03 2:06,1970-01-03 2:09,Dian,1970-01-03 2:09,System,1970-01-04 11:54,1970-01-04 12:38,240,Cindy,1970-01-05 19:50,Paul,1970-01-05 23:26,Paul,,,,,,,1970-01-06 2:09,1970-01-06 7:20,1970-01-06 7:20
148,1970-01-02 22:30,Personal,Dian,,,1970-01-02 22:30,1970-01-02 22:34,E,Dian,1970-01-02 22:34,1970-01-02 22:37,Dian,1970-01-02 22:37,System,1970-01-04 19:17,1970-01-04 20:10,240,Edd,1970-01-05 1:21,Cindy,1970-01-05 4:57,Cindy,,,,,,,1970-01-05 6:46,1970-01-05 11:50,1970-01-05 11:50
149,1970-01-03 19:36,Letter,Monica,,,1970-01-03 19:36,1970-01-03 19:41,E,Monica,1970-01-03 19:41,1970-01-04 12:30,Monica,1970-01-04 12:30,System,1970-01-16 22:45,1970-01-16 23:18,240,John,1970-01-17 12:15,Edd,1970-01-17 15:51,Edd,,,,,,,1970-01-17 22:26,1970-01-17 18:38,1970-01-17 22:26
150,1970-01-04 20:29,Web,Dian,,,1970-01-04 20:29,1970-01-04 20:32,E,Dian,1970-01-04 20:32,1970-01-04 20:35,Dian,1970-01-04 20:35,System,1970-01-08 5:57,1970-01-08 6:45,240,John,1970-01-08 18:04,John,1970-01-08 21:40,John,,,,,,,1970-01-09 3:45,1970-01-09 3:20,1970-01-09 3:45
151,1970-01-03 12:50,Personal,Monica,1970-01-03 12:50,Monica,,,,,,,,,,,,,,,,,,,,,,,,,,
152,1970-01-04 3:35,Web,Monica,,,1970-01-04 3:35,1970-01-04 3:39,E,Monica,1970-01-04 3:39,1970-01-04 8:04,Monica,1970-01-04 8:04,System,1970-01-06 5:35,1970-01-06 6:34,240,Cindy,1970-01-08 12:54,Edd,1970-01-08 16:54,Edd,,,,,,,1970-01-08 20:04,1970-01-08 18:29,1970-01-08 20:04
153,1970-01-06 9:02,Letter,Dian,,,1970-01-06 9:02,1970-01-06 9:09,P,Dian,1970-01-06 9:09,1970-01-06 10:37,Dian,1970-01-06 10:37,System,1970-01-07 2:53,1970-01-07 3:43,120,Anne,1970-01-07 5:55,Anne,1970-01-07 7:43,Anne,1970-01-07 3:43,Anne,1970-01-07 5:55,Anne,,,1970-01-07 8:15,1970-01-07 7:58,1970-01-07 8:15
154,1970-01-05 19:21,Personal,Dian,,,1970-01-05 19:21,1970-01-05 19:29,E,Dian,1970-01-05 19:29,1970-01-05 19:31,Dian,1970-01-05 19:31,System,1970-01-06 6:52,1970-01-06 7:50,240,John,1970-01-08 0:25,Paul,1970-01-08 4:49,Paul,,,,,,,1970-01-08 12:27,1970-01-08 5:19,1970-01-08 12:27
155,1970-01-02 7:11,Phone,Monica,,,1970-01-02 7:11,1970-01-02 7:13,P,Monica,1970-01-02 7:13,1970-01-02 7:18,Monica,1970-01-02 7:18,System,1970-01-02 11:02,1970-01-02 11:38,120,Jacky,1970-01-02 16:23,Jacky,1970-01-02 18:11,Jacky,1970-01-02 11:38,Jacky,1970-01-02 13:26,Jacky,,,1970-01-03 0:38,1970-01-03 1:55,1970-01-03 1:55
156,1970-01-01 23:58,Phone,Monica,1970-01-01 23:58,Monica,,,,,,,,,,,,,,,,,,,,,,,,,,
157,1970-01-03 22:27,Web,Monica,,,1970-01-03 22:27,1970-01-03 22:31,E,Monica,1970-01-03 22:31,1970-01-04 9:11,Monica,1970-01-04 9:11,System,1970-01-04 10:33,1970-01-04 11:02,240,John,1970-01-04 14:42,John,1970-01-04 19:06,John,,,,,,,1970-01-04 22:16,1970-01-04 19:16,1970-01-04 22:16
158,1970-01-05 18:40,Web,Monica,,,1970-01-05 18:40,1970-01-05 18:42,E,Monica,1970-01-05 18:42,1970-01-05 18:47,Monica,1970-01-05 18:47,System,1970-01-08 16:20,1970-01-08 16:55,220,Cindy,1970-01-16 15:12,Edd,1970-01-16 19:14,Edd,,,,,,,1970-01-17 1:16,1970-01-17 0:44,1970-01-17 1:16
159,1970-01-08 5:20,Letter,Monica,1970-01-08 5:20,Monica,,,,,,,,,,,,,,,,,,,,,,,,,,
160,1970-01-05 5:19,Personal,Monica,,,1970-01-05 5:19,1970-01-05 5:22,E,Monica,1970-01-05 5:22,1970-01-05 5:24,Monica,1970-01-05 5:24,System,1970-01-07 22:56,1970-01-07 23:14,240,John,1970-01-09 13:58,John,1970-01-11 10:43,Paul,,,,,,,1970-01-11 17:37,1970-01-11 18:06,1970-01-11 18:06
161,1970-01-01 15:21,Phone,Monica,,,1970-01-01 15:21,1970-01-01 15:26,E,Monica,1970-01-01 15:26,1970-01-01 15:30,Monica,1970-01-01 15:30,System,1970-01-01 16:50,1970-01-01 17:46,220,Cindy,1970-01-01 18:56,Edd,1970-01-01 22:36,Edd,,,,,,,1970-01-02 5:11,1970-01-02 2:51,1970-01-02 5:11
162,1970-01-07 4:37,Phone,Dian,,,1970-01-07 4:37,1970-01-07 4:40,P,Dian,1970-01-07 4:40,1970-01-07 4:42,Dian,1970-01-07 4:42,System,1970-01-09 2:56,1970-01-09 3:44,120,Anne,,,,,1970-01-09 3:44,Anne,1970-01-09 5:32,Anne,,,1970-01-09 6:49,1970-01-09 10:10,1970-01-09 10:10
163,1970-01-07 13:38,Letter,Monica,,,1970-01-07 13:38,1970-01-07 13:41,E,Monica,1970-01-07 13:41,1970-01-07 18:50,Monica,1970-01-07 18:50,System,1970-01-13 1:44,1970-01-13 2:15,240,John,1970-01-13 7:08,Cindy,1970-01-13 11:32,Cindy,,,,,1970-01-13 11:32,DoIt,1970-01-13 21:46,1970-01-13 20:59,1970-01-13 21:46
164,1970-01-08 0:04,Web,Dian,,,1970-01-08 0:04,1970-01-08 0:07,P,Dian,1970-01-08 0:07,1970-01-08 0:09,Dian,1970-01-08 0:09,System,1970-01-12 15:13,1970-01-12 16:00,240,Anne,1970-01-12 19:28,Jacky,1970-01-12 23:28,Jacky,,,,,,,1970-01-13 3:37,1970-01-13 2:36,1970-01-13 3:37
165,1970-01-07 22:17,Personal,Monica,,,1970-01-07 22:17,1970-01-07 22:20,P,Monica,1970-01-07 22:20,1970-01-07 22:24,Monica,1970-01-07 22:24,System,1970-01-10 21:00,1970-01-10 21:38,120,Anne,,,,,1970-01-10 21:38,Anne,1970-01-10 23:26,Anne,,,1970-01-11 7:14,1970-01-11 4:19,1970-01-11 7:14
166,1970-01-04 12:13,Letter,Monica,,,1970-01-04 12:13,1970-01-04 12:15,B,Monica,1970-01-04 12:15,1970-01-04 12:19,Monica,1970-01-04 12:19,System,1970-01-04 12:37,1970-01-04 13:18,240,Eric,1970-01-04 13:18,Eric,1970-01-04 18:06,Eric,,,,,,,1970-01-04 23:12,1970-01-04 18:46,1970-01-04 23:12
167,1970-01-03 18:57,Web,Monica,,,1970-01-03 18:57,1970-01-03 19:01,B,Monica,1970-01-03 19:01,1970-01-04 4:56,Monica,1970-01-04 4:56,System,1970-01-04 4:56,1970-01-04 5:25,240,Eric,1970-01-04 5:25,Eric,1970-01-04 9:25,Eric,,,,,,,1970-01-04 12:15,1970-01-04 14:57,1970-01-04 14:57
168,1970-01-06 18:58,Letter,Monica,,,1970-01-06 18:58,1970-01-06 19:04,P,Monica,1970-01-06 19:04,1970-01-06 22:40,Monica,1970-01-06 22:40,System,1970-01-12 16:00,1970-01-12 16:37,120,Anne,,,,,1970-01-12 16:37,Anne,1970-01-12 18:49,Anne,,,1970-01-13 1:39,1970-01-12 23:17,1970-01-13 1:39
169,1970-01-04 15:05,Web,Dian,,,1970-01-04 15:05,1970-01-04 15:07,P,Dian,1970-01-04 15:07,1970-01-04 15:10,Dian,1970-01-04 15:10,System,1970-01-04 22:44,1970-01-04 23:27,120,Anne,,,,,1970-01-04 23:27,Anne,1970-01-05 1:15,Anne,,,1970-01-05 4:16,1970-01-05 1:58,1970-01-05 4:16
170,1970-01-06 20:45,Letter,Dian,,,1970-01-06 20:45,1970-01-06 20:48,B,Dian,1970-01-06 20:48,1970-01-07 5:40,Monica,1970-01-07 5:40,System,1970-01-07 5:40,1970-01-07 5:55,240,Nick,1970-01-07 5:55,Nick,1970-01-07 10:19,Nick,,,,,,,1970-01-07 11:47,1970-01-07 16:26,1970-01-07 16:26
171,1970-01-06 12:22,Web,Monica,,,1970-01-06 12:22,1970-01-06 12:24,P,Monica,1970-01-06 12:24,1970-01-06 12:27,Monica,1970-01-06 12:27,System,1970-01-12 5:56,1970-01-12 6:54,120,Jacky,,,,,1970-01-12 6:54,Jacky,1970-01-12 9:06,Jacky,,,1970-01-12 13:36,1970-01-12 9:15,1970-01-12 13:36
172,1970-01-02 4:43,Personal,Monica,,,1970-01-02 4:43,1970-01-02 4:47,P,Monica,1970-01-02 4:47,1970-01-02 4:49,Monica,1970-01-02 4:49,System,1970-01-08 13:28,1970-01-08 14:10,360,Anne,,,,,,,,,1970-01-08 14:10,DoIt,1970-01-09 1:26,1970-01-09 2:33,1970-01-09 2:33
173,1970-01-02 19:40,Web,Monica,,,1970-01-02 19:40,1970-01-02 19:43,P,Monica,1970-01-02 19:43,1970-01-02 19:48,Monica,1970-01-02 19:48,System,1970-01-08 22:52,1970-01-08 23:49,120,Jacky,,,,,1970-01-08 23:49,Jacky,1970-01-09 1:49,Jacky,,,1970-01-09 4:29,1970-01-09 2:47,1970-01-09 4:29
174,1970-01-07 16:19,Phone,Monica,,,1970-01-07 16:19,1970-01-07 16:23,B,Monica,1970-01-07 16:23,1970-01-07 16:26,Monica,1970-01-07 16:26,System,1970-01-07 16:26,1970-01-07 16:42,60,Eric,,,,,1970-01-07 16:42,Eric,1970-01-07 17:24,Eric,,,1970-01-08 0:42,1970-01-07 22:43,1970-01-08 0:42
175,1970-01-08 3:17,Letter,Monica,,,1970-01-08 3:17,1970-01-08 3:22,P,Monica,1970-01-08 3:22,1970-01-08 9:54,Monica,1970-01-08 9:54,System,1970-01-11 4:52,1970-01-11 5:48,120,Anne,,,,,1970-01-11 5:48,Anne,1970-01-11 8:00,Anne,1970-01-11 8:00,DoIt,1970-01-11 16:07,1970-01-11 17:24,1970-01-11 17:24
176,1970-01-05 9:22,Phone,Dian,,,1970-01-05 9:22,1970-01-05 9:26,B,Dian,1970-01-05 9:26,1970-01-05 9:31,Dian,1970-01-05 9:31,System,1970-01-05 11:12,1970-01-05 11:41,240,Nick,1970-01-05 11:41,Nick,1970-01-05 15:17,Nick,,,,,,,1970-01-05 18:02,1970-01-05 20:00,1970-01-05 20:00
177,1970-01-05 16:59,Web,Monica,,,1970-01-05 16:59,1970-01-05 17:02,P,Monica,1970-01-05 17:02,1970-01-05 17:06,Monica,1970-01-05 17:06,System,1970-01-12 19:18,1970-01-12 20:04,120,Barbara,,,,,1970-01-12 20:04,Barbara,1970-01-12 22:04,Barbara,,,1970-01-13 1:37,1970-01-13 3:04,1970-01-13 3:04
178,1970-01-01 18:24,Web,Monica,,,1970-01-01 18:24,1970-01-01 18:28,B,Monica,1970-01-01 18:28,1970-01-02 5:36,Monica,1970-01-02 5:36,System,1970-01-02 5:36,1970-01-02 5:54,240,Eric,1970-01-02 5:54,Eric,1970-01-02 8:42,Eric,,,,,,,1970-01-02 9:59,1970-01-02 10:02,1970-01-02 10:02
179,1970-01-04 23:12,Letter,Monica,,,1970-01-04 23:12,1970-01-04 23:17,E,Monica,1970-01-04 23:17,1970-01-04 23:21,Monica,1970-01-04 23:21,System,1970-01-13 2:15,1970-01-13 2:45,220,John,1970-01-16 2:58,Cindy,1970-01-16 6:16,Cindy,,,,,1970-01-16 6:16,DoIt,1970-01-16 13:09,1970-01-16 17:44,1970-01-16 17:44
180,1970-01-01 21:00,Web,Dian,,,1970-01-01 21:00,1970-01-01 21:06,B,Dian,1970-01-01 21:06,1970-01-01 21:09,Dian,1970-01-01 21:09,System,1970-01-01 21:09,1970-01-01 21:47,60,Lex,,,,,1970-01-01 21:47,Lex,1970-01-01 22:41,Lex,1970-01-01 22:41,FixIt,1970-01-02 2:36,1970-01-02 3:06,1970-01-02 3:06
181,1970-01-05 4:33,Letter,Dian,,,1970-01-05 4:33,1970-01-05 4:42,E,Dian,1970-01-05 4:42,1970-01-05 13:39,Monica,1970-01-05 13:39,System,1970-01-08 16:55,1970-01-08 17:49,240,Cindy,1970-01-14 1:52,Edd,1970-01-14 5:28,Edd,,,,,,,1970-01-14 13:23,1970-01-14 8:42,1970-01-14 13:23
182,1970-01-02 12:11,Personal,Monica,,,1970-01-02 12:11,1970-01-02 12:17,P,Monica,1970-01-02 12:17,1970-01-02 12:20,Monica,1970-01-02 12:20,System,1970-01-04 2:02,1970-01-04 3:02,360,Jacky,,,,,,,,,1970-01-04 3:02,FixIt,1970-01-04 17:39,1970-01-04 13:40,1970-01-04 17:39
183,1970-01-02 11:45,Personal,Monica,,,1970-01-02 11:45,1970-01-02 11:48,E,Monica,1970-01-02 11:48,1970-01-02 11:53,Monica,1970-01-02 11:53,System,1970-01-04 11:27,1970-01-04 11:55,240,Paul,1970-01-06 23:30,Paul,1970-01-07 3:06,Paul,,,,,,,1970-01-07 6:39,1970-01-07 3:45,1970-01-07 6:39
184,1970-01-06 18:12,Web,Monica,,,1970-01-06 18:12,1970-01-06 18:14,P,Monica,1970-01-06 18:14,1970-01-07 2:15,Monica,1970-01-07 2:15,System,1970-01-09 4:15,1970-01-09 5:14,120,Barbara,,,,,1970-01-09 5:14,Barbara,1970-01-09 7:26,Barbara,,,1970-01-09 14:41,1970-01-09 9:44,1970-01-09 14:41
185,1970-01-05 21:41,Web,Monica,,,1970-01-05 21:41,1970-01-05 21:45,E,Monica,1970-01-05 21:45,1970-01-06 10:58,Monica,1970-01-06 10:58,System,1970-01-09 22:01,1970-01-09 22:50,240,Cindy,1970-01-10 22:59,Edd,1970-01-11 2:35,Edd,,,,,,,1970-01-11 6:46,1970-01-11 6:07,1970-01-11 6:46
186,1970-01-05 7:55,Phone,Monica,,,1970-01-05 7:55,1970-01-05 8:00,E,Monica,1970-01-05 8:00,1970-01-05 8:02,Monica,1970-01-05 8:02,System,1970-01-06 6:16,1970-01-06 6:52,240,John,1970-01-07 0:58,Cindy,1970-01-07 5:22,Cindy,,,,,,,1970-01-07 11:37,1970-01-07 10:16,1970-01-07 11:37
187,1970-01-03 0:23,Phone,Monica,,,1970-01-03 0:23,1970-01-03 0:29,E,Monica,1970-01-03 0:29,1970-01-03 0:34,Monica,1970-01-03 0:34,System,1970-01-03 23:14,1970-01-04 0:05,240,Edd,1970-01-04 2:51,Edd,1970-01-04 6:27,Edd,,,,,,,1970-01-04 7:40,1970-01-04 13:21,1970-01-04 13:21
188,1970-01-06 15:38,Phone,Monica,,,1970-01-06 15:38,1970-01-06 15:41,P,Monica,1970-01-06 15:41,1970-01-06 15:46,Monica,1970-01-06 15:46,System,1970-01-07 1:39,1970-01-07 2:09,120,Jacky,,,,,1970-01-07 2:09,Jacky,1970-01-07 4:09,Jacky,,,1970-01-07 9:23,1970-01-07 12:04,1970-01-07 12:04
189,1970-01-03 19:21,Personal,Dian,,,1970-01-03 19:21,1970-01-03 19:31,E,Dian,1970-01-03 19:31,1970-01-03 19:35,Dian,1970-01-03 19:35,System,1970-01-12 23:30,1970-01-13 0:03,240,Paul,1970-01-13 11:21,John,1970-01-13 15:45,John,,,,,,,1970-01-13 21:39,1970-01-13 20:10,1970-01-13 21:39
190,1970-01-05 5:54,Personal,Monica,,,1970-01-05 5:54,1970-01-05 5:56,E,Monica,1970-01-05 5:56,1970-01-05 6:00,Monica,1970-01-05 6:00,System,1970-01-08 5:27,1970-01-08 5:54,220,Cindy,1970-01-11 0:47,Paul,1970-01-11 4:27,Paul,,,,,,,1970-01-11 11:35,1970-01-11 7:27,1970-01-11 11:35
191,1970-01-05 18:04,Personal,Monica,,,1970-01-05 18:04,1970-01-05 18:06,P,Monica,1970-01-05 18:06,1970-01-05 18:10,Monica,1970-01-05 18:10,System,1970-01-05 20:50,1970-01-05 21:34,120,Jacky,,,,,1970-01-05 21:34,Jacky,1970-01-05 23:46,Jacky,,,1970-01-06 5:22,1970-01-06 2:00,1970-01-06 5:22
192,1970-01-03 17:07,Phone,Monica,,,1970-01-03 17:07,1970-01-03 17:09,P,Monica,1970-01-03 17:09,1970-01-03 17:12,Monica,1970-01-03 17:12,System,1970-01-03 23:42,1970-01-04 0:25,120,Barbara,,,,,1970-01-04 0:25,Barbara,1970-01-04 2:37,Barbara,,,1970-01-04 3:05,1970-01-04 4:11,1970-01-04 4:11
193,1970-01-02 10:14,Letter,Monica,,,1970-01-02 10:14,1970-01-02 10:19,P,Monica,1970-01-02 10:19,1970-01-02 10:23,Monica,1970-01-02 10:23,System,1970-01-04 10:47,1970-01-04 11:24,240,Barbara,1970-01-04 13:53,Anne,1970-01-04 22:34,Barbara,,,,,,,1970-01-05 1:19,1970-01-05 6:34,1970-01-05 6:34
194,1970-01-07 3:00,Letter,Dian,,,1970-01-07 3:00,1970-01-07 3:03,P,Dian,1970-01-07 3:03,1970-01-07 3:05,Dian,1970-01-07 3:05,System,1970-01-11 9:50,1970-01-11 10:38,120,Anne,,,,,1970-01-11 10:38,Anne,1970-01-11 12:50,Anne,,,1970-01-11 18:07,1970-01-11 20:33,1970-01-11 20:33
195,1970-01-07 11:06,Phone,Dian,,,1970-01-07 11:06,1970-01-07 11:08,P,Dian,1970-01-07 11:08,1970-01-07 11:12,Dian,1970-01-07 11:12,System,1970-01-10 8:34,1970-01-10 9:22,360,Anne,,,,,,,,,1970-01-10 9:22,DoIt,1970-01-10 17:14,1970-01-10 16:04,1970-01-10 17:14
196,1970-01-03 11:58,Web,Monica,1970-01-03 11:58,Monica,,,,,,,,,,,,,,,,,,,,,,,,,,
197,1970-01-01 16:25,Personal,Dian,,,1970-01-01 16:25,1970-01-01 16:30,P,Dian,1970-01-01 16:30,1970-01-01 16:33,Dian,1970-01-01 16:33,System,1970-01-01 19:35,1970-01-01 20:34,120,Anne,,,,,1970-01-01 20:34,Anne,1970-01-01 22:22,Anne,,,1970-01-02 5:20,1970-01-02 3:22,1970-01-02 5:20
198,1970-01-01 9:13,Phone,Dian,,,1970-01-01 9:13,1970-01-01 9:15,B,Dian,1970-01-01 9:15,1970-01-01 9:18,Dian,1970-01-01 9:18,System,1970-01-01 9:18,1970-01-01 9:38,480,Lex,,,,,,,,,1970-01-01 9:38,FixIt,1970-01-01 21:46,1970-01-01 22:27,1970-01-01 22:27
199,1970-01-06 17:31,Letter,Monica,,,1970-01-06 17:31,1970-01-06 17:33,B,Monica,1970-01-06 17:33,1970-01-06 19:06,Monica,1970-01-06 19:06,System,1970-01-06 19:06,1970-01-06 19:39,240,Ben,1970-01-06 19:39,Lex,1970-01-07 0:27,Lex,,,,,,,1970-01-07 6:30,1970-01-07 3:39,1970-01-07 6:30
200,1970-01-08 4:45,Web,Monica,,,1970-01-08 4:45,1970-01-08 4:48,P,Monica,1970-01-08 4:48,1970-01-08 4:53,Monica,1970-01-08 4:53,System,1970-01-10 10:11,1970-01-10 11:05,120,Jacky,,,,,1970-01-10 11:05,Jacky,1970-01-10 13:17,Jacky,,,1970-01-10 15:13,1970-01-10 20:33,1970-01-10 20:33
201,1970-01-06 7:50,Personal,Dian,1970-01-06 7:50,Dian,,,,,,,,,,,,,,,,,,,,,,,,,,
202,1970-01-03 15:03,Phone,Monica,,,1970-01-03 15:03,1970-01-03 15:09,E,Monica,1970-01-03 15:09,1970-01-03 15:12,Monica,1970-01-03 15:12,System,1970-01-14 13:29,1970-01-14 14:28,240,Cindy,1970-01-17 11:17,Paul,1970-01-17 15:41,Paul,,,,,,,1970-01-17 16:59,1970-01-17 16:23,1970-01-17 16:59
203,1970-01-05 4:16,Personal,Monica,,,1970-01-05 4:16,1970-01-05 4:21,E,Monica,1970-01-05 4:21,1970-01-05 4:26,Monica,1970-01-05 4:26,System,1970-01-10 22:05,1970-01-10 22:21,240,John,1970-01-13 3:08,Cindy,1970-01-13 7:08,Cindy,,,,,,,1970-01-13 7:35,1970-01-13 14:59,1970-01-13 14:59
204,1970-01-05 7:39,Phone,Dian,,,1970-01-05 7:39,1970-01-05 7:45,E,Dian,1970-01-05 7:45,1970-01-05 7:49,Dian,1970-01-05 7:49,System,1970-01-14 9:30,1970-01-14 10:00,240,Edd,1970-01-16 1:47,Paul,1970-01-16 6:11,Paul,,,,,,,1970-01-16 12:46,1970-01-16 6:47,1970-01-16 12:46
205,1970-01-04 12:22,Phone,Monica,,,1970-01-04 12:22,1970-01-04 12:26,P,Monica,1970-01-04 12:26,1970-01-04 12:30,Monica,1970-01-04 12:30,System,1970-01-09 8:37,1970-01-09 9:34,120,Jacky,,,,,1970-01-09 9:34,Jacky,1970-01-09 11:34,Jacky,,,1970-01-09 14:38,1970-01-09 18:04,1970-01-09 18:04
206,1970-01-07 13:31,Personal,Dian,,,1970-01-07 13:31,1970-01-07 13:39,E,Dian,1970-01-07 13:39,1970-01-07 13:43,Dian,1970-01-07 13:43,System,1970-01-14 8:55,1970-01-14 9:25,220,Cindy,1970-01-17 20:17,Cindy,1970-01-17 23:35,Cindy,,,,,,,1970-01-18 0:49,1970-01-18 5:57,1970-01-18 5:57
207,1970-01-07 8:47,Web,Dian,,,1970-01-07 8:47,1970-01-07 8:50,P,Dian,1970-01-07 8:50,1970-01-07 8:53,Dian,1970-01-07 8:53,System,1970-01-07 18:57,1970-01-07 19:44,120,Anne,,,,,1970-01-07 19:44,Anne,1970-01-07 21:32,Anne,1970-01-07 21:32,DoIt,1970-01-08 3:46,1970-01-08 7:37,1970-01-08 7:37
208,1970-01-02 14:37,Letter,Monica,,,1970-01-02 14:37,1970-01-02 14:42,E,Monica,1970-01-02 14:42,1970-01-02 14:45,Monica,1970-01-02 14:45,System,1970-01-03 4:10,1970-01-03 4:45,240,Paul,1970-01-03 23:25,John,1970-01-04 3:25,John,,,,,,,1970-01-04 5:50,1970-01-04 9:32,1970-01-04 9:32
209,1970-01-07 21:16,Personal,Dian,,,1970-01-07 21:16,1970-01-07 21:19,E,Dian,1970-01-07 21:19,1970-01-07 21:24,Dian,1970-01-07 21:24,System,1970-01-13 14:12,1970-01-13 14:42,240,Edd,1970-01-20 1:50,John,1970-01-20 6:14,John,,,,,,,1970-01-20 12:34,1970-01-20 12:26,1970-01-20 12:34
210,1970-01-04 20:38,Personal,Dian,,,1970-01-04 20:38,1970-01-04 20:42,P,Dian,1970-01-04 20:42,1970-01-04 20:47,Dian,1970-01-04 20:47,System,1970-01-10 14:24,1970-01-10 15:03,120,Barbara,,,,,1970-01-10 15:03,Barbara,1970-01-10 16:51,Barbara,,,1970-01-11 0:06,1970-01-10 22:43,1970-01-11 0:06
211,1970-01-02 14:14,Personal,Dian,,,1970-01-02 14:14,1970-01-02 14:20,P,Dian,1970-01-02 14:20,1970-01-02 14:22,Dian,1970-01-02 14:22,System,1970-01-03 21:02,1970-01-03 22:02,120,Jacky,,,,,1970-01-03 22:02,Jacky,1970-01-03 23:50,Jacky,,,1970-01-04 0:02,1970-01-04 3:50,1970-01-04 3:50
212,1970-01-03 22:06,Letter,Monica,,,1970-01-03 22:06,1970-01-03 22:10,E,Monica,1970-01-03 22:10,1970-01-04 3:44,Monica,1970-01-04 3:44,System,1970-01-16 23:18,1970-01-16 23:57,240,John,1970-01-18 2:37,Paul,1970-01-18 6:37,Paul,,,,,,,1970-01-18 7:57,1970-01-18 7:56,1970-01-18 7:57
213,1970-01-06 18:42,Web,Dian,1970-01-06 18:42,Dian,,,,,,,,,,,,,,,,,,,,,,,,,,
214,1970-01-03 15:17,Personal,Monica,,,1970-01-03 15:17,1970-01-03 15:22,P,Monica,1970-01-03 15:22,1970-01-03 15:26,Monica,1970-01-03 15:26,System,1970-01-04 17:53,1970-01-04 18:38,120,Barbara,,,,,1970-01-04 18:38,Barbara,1970-01-04 20:50,Barbara,,,1970-01-04 23:15,1970-01-04 21:28,1970-01-04 23:15
215,1970-01-05 1:29,Letter,Monica,,,1970-01-05 1:29,1970-01-05 1:34,P,Monica,1970-01-05 1:34,1970-01-05 1:37,Monica,1970-01-05 1:37,System,1970-01-11 12:58,1970-01-11 13:32,120,Barbara,,,,,1970-01-11 13:32,Barbara,1970-01-11 15:32,Barbara,,,1970-01-11 17:42,1970-01-11 19:24,1970-01-11 19:24
216,1970-01-02 0:37,Web,Monica,,,1970-01-02 0:37,1970-01-02 0:40,E,Monica,1970-01-02 0:40,1970-01-02 0:45,Monica,1970-01-02 0:45,System,1970-01-02 8:12,1970-01-02 8:27,240,John,1970-01-03 4:45,Paul,1970-01-03 8:45,Paul,,,,,,,1970-01-03 14:53,1970-01-03 9:49,1970-01-03 14:53
217,1970-01-04 7:42,Personal,Monica,,,1970-01-04 7:42,1970-01-04 7:44,B,Monica,1970-01-04 7:44,1970-01-04 7:47,Monica,1970-01-04 7:47,System,1970-01-04 8:03,1970-01-04 8:47,60,Lex,,,,,1970-01-04 8:47,Lex,1970-01-04 9:59,Lex,,,1970-01-04 15:50,1970-01-04 16:31,1970-01-04 16:31
218,1970-01-04 12:39,Web,Monica,,,1970-01-04 12:39,1970-01-04 12:41,P,Monica,1970-01-04 12:41,1970-01-04 12:45,Monica,1970-01-04 12:45,System,1970-01-07 8:43,1970-01-07 9:35,360,Anne,,,,,,,,,1970-01-07 9:35,FixIt,1970-01-07 18:45,1970-01-07 19:21,1970-01-07 19:21
219,1970-01-03 12:52,Web,Monica,,,1970-01-03 12:52,1970-01-03 12:55,E,Monica,1970-01-03 12:55,1970-01-03 13:00,Monica,1970-01-03 13:00,System,1970-01-05 0:47,1970-01-05 1:12,240,Edd,1970-01-06 6:39,Edd,1970-01-06 11:03,Edd,,,,,,,1970-01-06 17:10,1970-01-06 18:09,1970-01-06 18:09
220,1970-01-02 20:30,Phone,Monica,,,1970-01-02 20:30,1970-01-02 20:32,E,Monica,1970-01-02 20:32,1970-01-02 20:37,Monica,1970-01-02 20:37,System,1970-01-13 20:23,1970-01-13 20:46,240,Paul,1970-01-15 18:11,Paul,1970-01-15 22:11,Paul,,,,,,,1970-01-16 5:45,1970-01-15 23:57,1970-01-16 5:45
221,1970-01-01 21:43,Personal,Monica,,,1970-01-01 21:43,1970-01-01 21:46,P,Monica,1970-01-01 21:46,1970-01-01 21:49,Monica,1970-01-01 21:49,System,1970-01-01 22:22,1970-01-01 23:21,120,Anne,,,,,1970-01-01 23:21,Anne,1970-01-02 1:33,Anne,,,1970-01-02 7:37,1970-01-02 8:43,1970-01-02 8:43
222,1970-01-08 5:49,Phone,Monica,,,1970-01-08 5:49,1970-01-08 5:54,P,Monica,1970-01-08 5:54,1970-01-08 5:59,Monica,1970-01-08 5:59,System,1970-01-12 16:45,1970-01-12 17:28,120,Jacky,,,,,1970-01-12 17:28,Jacky,1970-01-12 19:28,Jacky,,,1970-01-12 22:42,1970-01-12 20:33,1970-01-12 22:42
223,1970-01-04 13:37,Letter,Monica,1970-01-04 13:37,Monica,,,,,,,,,,,,,,,,,,,,,,,,,,
224,1970-01-04 16:40,Web,Dian,,,1970-01-04 16:40,1970-01-04 16:45,E,Dian,1970-01-04 16:45,1970-01-06 3:17,Monica,1970-01-06 3:17,System,1970-01-06 11:03,1970-01-06 11:23,240,Edd,1970-01-07 6:50,Cindy,1970-01-07 11:14,Cindy,,,,,,,1970-01-07 17:55,1970-01-07 15:22,1970-01-07 17:55
225,1970-01-07 7:27,Phone,Dian,,,1970-01-07 7:27,1970-01-07 7:36,E,Dian,1970-01-07 7:36,1970-01-07 7:38,Dian,1970-01-07 7:38,System,1970-01-14 7:08,1970-01-14 8:02,220,Cindy,1970-01-16 19:14,Edd,1970-01-16 22:32,Edd,,,,,,,1970-01-17 1:44,1970-01-17 4:51,1970-01-17 4:51
226,1970-01-06 2:57,Phone,Dian,,,1970-01-06 2:57,1970-01-06 3:01,P,Dian,1970-01-06 3:01,1970-01-06 3:04,Dian,1970-01-06 3:04,System,1970-01-10 7:30,1970-01-10 8:06,120,Anne,,,,,1970-01-10 8:06,Anne,1970-01-10 10:18,Anne,,,1970-01-10 12:38,1970-01-10 15:00,1970-01-10 15:00
227,1970-01-05 4:47,Phone,Dian,,,1970-01-05 4:47,1970-01-05 4:55,E,Dian,1970-01-05 4:55,1970-01-05 4:57,Dian,1970-01-05 4:57,System,1970-01-09 11:33,1970-01-09 12:27,240,Edd,1970-01-10 22:21,John,1970-01-11 2:21,John,,,,,,,1970-01-11 3:19,1970-01-11 9:15,1970-01-11 9:15
228,1970-01-01 13:09,Phone,Monica,,,1970-01-01 13:09,1970-01-01 13:13,E,Monica,1970-01-01 13:13,1970-01-01 13:16,Monica,1970-01-01 13:16,System,1970-01-01 15:38,1970-01-01 16:15,240,Cindy,1970-01-01 17:41,Paul,1970-01-01 21:17,Paul,,,,,,,1970-01-01 22:57,1970-01-01 22:46,1970-01-01 22:57
229,1970-01-05 19:12,Phone,Monica,,,1970-01-05 19:12,1970-01-05 19:17,P,Monica,1970-01-05 19:17,1970-01-05 19:22,Monica,1970-01-05 19:22,System,1970-01-08 4:56,1970-01-08 5:48,120,Anne,,,,,1970-01-08 5:48,Anne,1970-01-08 7:36,Anne,1970-01-08 7:36,DoIt,1970-01-08 10:07,1970-01-08 16:29,1970-01-08 16:29
230,1970-01-02 1:04,Web,Monica,1970-01-02 1:04,Monica,,,,,,,,,,,,,,,,,,,,,,,,,,
231,1970-01-05 3:05,Web,Monica,,,1970-01-05 3:05,1970-01-05 3:09,E,Monica,1970-01-05 3:09,1970-01-05 3:11,Monica,1970-01-05 3:11,System,1970-01-06 13:59,1970-01-06 14:51,240,John,1970-01-07 4:07,John,1970-01-07 8:07,John,,,,,,,1970-01-07 11:03,1970-01-07 13:23,1970-01-07 13:23
232,1970-01-04 17:56,Letter,Dian,,,1970-01-04 17:56,1970-01-04 18:00,P,Dian,1970-01-04 18:00,1970-01-05 11:32,Dian,1970-01-05 11:32,System,1970-01-07 22:43,1970-01-07 23:25,120,Jacky,,,,,1970-01-07 23:25,Jacky,1970-01-08 1:25,Jacky,,,1970-01-08 6:56,1970-01-08 2:59,1970-01-08 6:56
233,1970-01-05 23:21,Web,Monica,,,1970-01-05 23:21,1970-01-05 23:25,E,Monica,1970-01-05 23:25,1970-01-05 23:30,Monica,1970-01-05 23:30,System,1970-01-06 8:07,1970-01-06 9:00,220,John,1970-01-06 18:31,John,1970-01-06 22:11,John,,,,,1970-01-06 22:11,DoIt,1970-01-07 4:28,1970-01-07 8:18,1970-01-07 8:18
234,1970-01-05 21:48,Personal,Dian,,,1970-01-05 21:48,1970-01-05 21:57,E,Dian,1970-01-05 21:57,1970-01-05 22:02,Dian,1970-01-05 22:02,System,1970-01-15 5:42,1970-01-15 6:36,220,Edd,1970-01-17 18:50,John,1970-01-17 22:52,John,,,,,,,1970-01-18 5:51,1970-01-18 0:22,1970-01-18 5:51
235,1970-01-02 20:06,Phone,Dian,,,1970-01-02 20:06,1970-01-02 20:11,P,Dian,1970-01-02 20:11,1970-01-02 20:15,Dian,1970-01-02 20:15,System,1970-01-14 11:05,1970-01-14 11:39,120,Anne,,,,,1970-01-14 11:39,Anne,1970-01-14 13:51,Anne,,,1970-01-14 18:22,1970-01-14 15:00,1970-01-14 18:22
236,1970-01-04 6:41,Web,Monica,,,1970-01-04 6:41,1970-01-04 6:44,P,Monica,1970-01-04 6:44,1970-01-04 6:46,Monica,1970-01-04 6:46,System,1970-01-12 13:14,1970-01-12 14:03,360,Barbara,,,,,,,,,1970-01-12 14:03,FixIt,1970-01-13 4:19,1970-01-13 4:57,1970-01-13 4:57
237,1970-01-06 10:08,Personal,Dian,,,1970-01-06 10:08,1970-01-06 10:14,P,Dian,1970-01-06 10:14,1970-01-06 10:19,Dian,1970-01-06 10:19,System,1970-01-14 7:09,1970-01-14 7:56,120,Jacky,,,,,1970-01-14 7:56,Jacky,1970-01-14 9:56,Jacky,,,1970-01-14 12:16,1970-01-14 14:31,1970-01-14 14:31
238,1970-01-05 7:02,Personal,Monica,,,1970-01-05 7:02,1970-01-05 7:06,B,Monica,1970-01-05 7:06,1970-01-05 7:10,Monica,1970-01-05 7:10,System,1970-01-05 8:50,1970-01-05 9:25,240,Eric,1970-01-05 9:25,Eric,1970-01-05 13:25,Eric,,,,,,,1970-01-05 17:31,1970-01-05 13:41,1970-01-05 17:31
239,1970-01-03 16:29,Letter,Dian,,,1970-01-03 16:29,1970-01-03 16:39,P,Dian,1970-01-03 16:39,1970-01-03 16:41,Dian,1970-01-03 16:41,System,1970-01-04 22:34,1970-01-04 23:06,120,Anne,,,,,1970-01-04 23:06,Anne,1970-01-05 1:18,Anne,,,1970-01-05 3:53,1970-01-05 3:27,1970-01-05 3:53
240,1970-01-06 11:23,Personal,Dian,,,1970-01-06 11:23,1970-01-06 11:30,P,Dian,1970-01-06 11:30,1970-01-06 11:35,Dian,1970-01-06 11:35,System,1970-01-07 12:13,1970-01-07 13:05,120,Jacky,,,,,1970-01-07 13:05,Jacky,1970-01-07 14:53,Jacky,,,1970-01-07 15:46,1970-01-07 21:23,1970-01-07 21:23
241,1970-01-04 4:00,Web,Dian,,,1970-01-04 4:00,1970-01-04 4:04,E,Dian,1970-01-04 4:04,1970-01-04 4:07,Dian,1970-01-04 4:07,System,1970-01-08 7:11,1970-01-08 8:08,240,Edd,1970-01-08 9:13,Cindy,1970-01-09 8:59,Paul,,,,,,,1970-01-09 9:00,1970-01-09 16:50,1970-01-09 16:50
242,1970-01-03 4:56,Personal,Monica,,,1970-01-03 4:56,1970-01-03 4:59,P,Monica,1970-01-03 4:59,1970-01-03 5:01,Monica,1970-01-03 5:01,System,1970-01-04 5:26,1970-01-04 5:57,120,Anne,,,,,1970-01-04 5:57,Anne,1970-01-04 8:09,Anne,,,1970-01-04 12:50,1970-01-04 11:30,1970-01-04 12:50
243,1970-01-06 5:04,Personal,Dian,,,1970-01-06 5:04,1970-01-06 5:06,E,Dian,1970-01-06 5:06,1970-01-06 5:11,Dian,1970-01-06 5:11,System,1970-01-07 12:31,1970-01-07 12:55,240,John,1970-01-07 19:56,Edd,1970-01-08 0:20,Edd,,,,,,,1970-01-08 6:01,1970-01-08 4:44,1970-01-08 6:01
244,1970-01-08 4:13,Web,Monica,,,1970-01-08 4:13,1970-01-08 4:15,E,Monica,1970-01-08 4:15,1970-01-08 11:29,Monica,1970-01-08 11:29,System,1970-01-09 13:12,1970-01-09 13:58,240,Paul,1970-01-14 10:00,Edd,1970-01-14 13:36,Edd,,,,,,,1970-01-14 18:24,1970-01-14 16:13,1970-01-14 18:24
245,1970-01-02 14:37,Web,Dian,,,1970-01-02 14:37,1970-01-02 14:42,E,Dian,1970-01-02 14:42,1970-01-03 2:45,Monica,1970-01-03 2:45,System,1970-01-04 11:55,1970-01-04 12:49,220,Paul,1970-01-04 12:49,Paul,1970-01-04 16:07,Paul,,,,,,,1970-01-04 19:53,1970-01-04 16:33,1970-01-04 19:53
246,1970-01-05 22:36,Web,Dian,,,1970-01-05 22:36,1970-01-05 22:42,P,Dian,1970-01-05 22:42,1970-01-05 22:45,Dian,1970-01-05 22:45,System,1970-01-06 4:35,1970-01-06 5:13,120,Anne,,,,,1970-01-06 5:13,Anne,1970-01-06 7:01,Anne,,,1970-01-06 13:00,1970-01-06 13:22,1970-01-06 13:22
247,1970-01-01 13:28,Personal,Dian,,,1970-01-01 13:28,1970-01-01 13:34,E,Dian,1970-01-01 13:34,1970-01-01 13:37,Dian,1970-01-01 13:37,System,1970-01-01 16:15,1970-01-01 16:50,220,Cindy,1970-01-01 16:56,John,1970-01-01 20:14,John,,,,,,,1970-01-01 21:29,1970-01-01 20:30,1970-01-01 21:29
248,1970-01-01 20:12,Web,Monica,,,1970-01-01 20:12,1970-01-01 20:16,E,Monica,1970-01-01 20:16,1970-01-01 23:18,Monica,1970-01-01 23:18,System,1970-01-02 2:18,1970-01-02 2:48,240,Paul,1970-01-02 14:32,John,1970-01-02 18:08,John,,,,,,,1970-01-02 22:29,1970-01-03 0:09,1970-01-03 0:09
249,1970-01-03 22:06,Personal,Dian,,,1970-01-03 22:06,1970-01-03 22:11,P,Dian,1970-01-03 22:11,1970-01-03 22:13,Dian,1970-01-03 22:13,System,1970-01-04 19:42,1970-01-04 20:32,120,Anne,,,,,1970-01-04 20:32,Anne,1970-01-04 22:44,Anne,,,1970-01-05 5:28,1970-01-05 6:07,1970-01-05 6:07
250,1970-01-03 20:21,Personal,Dian,,,1970-01-03 20:21,1970-01-03 20:23,P,Dian,1970-01-03 20:23,1970-01-03 20:26,Dian,1970-01-03 20:26,System,1970-01-13 15:18,1970-01-13 15:55,120,Anne,,,,,1970-01-13 15:55,Anne,1970-01-13 17:43,Anne,,,1970-01-13 23:42,1970-01-13 20:07,1970-01-13 23:42
251,1970-01-07 4:11,Letter,Dian,,,1970-01-07 4:11,1970-01-07 4:15,E,Dian,1970-01-07 4:15,1970-01-07 4:20,Dian,1970-01-07 4:20,System,1970-01-11 17:10,1970-01-11 17:32,220,Paul,1970-01-16 20:25,Cindy,1970-01-17 0:27,Cindy,,,,,,,1970-01-17 6:45,1970-01-17 1:32,1970-01-17 6:45
252,1970-01-05 13:16,Web,Dian,,,1970-01-05 13:16,1970-01-05 13:18,B,Dian,1970-01-05 13:18,1970-01-05 18:53,Monica,1970-01-05 18:53,System,1970-01-05 19:19,1970-01-05 19:49,240,Lex,1970-01-05 19:49,Lex,1970-01-05 23:01,Lex,,,,,,,1970-01-06 6:22,1970-01-06 4:03,1970-01-06 6:22
253,1970-01-02 19:10,Phone,Monica,,,1970-01-02 19:10,1970-01-02 19:12,E,Monica,1970-01-02 19:12,1970-01-02 19:17,Monica,1970-01-02 19:17,System,1970-01-03 15:44,1970-01-03 16:11,240,Cindy,1970-01-03 16:11,Cindy,1970-01-03 20:35,Cindy,,,,,,,1970-01-04 1:49,1970-01-03 22:48,1970-01-04 1:49
254,1970-01-07 22:50,Letter,Monica,,,1970-01-07 22:50,1970-01-07 22:52,P,Monica,1970-01-07 22:52,1970-01-07 22:56,Monica,1970-01-07 22:56,System,1970-01-10 4:37,1970-01-10 5:29,120,Barbara,,,,,1970-01-10 5:29,Barbara,1970-01-10 7:41,Barbara,,,1970-01-10 11:49,1970-01-10 13:36,1970-01-10 13:36
255,1970-01-02 19:31,Letter,Dian,,,1970-01-02 19:31,1970-01-02 19:34,P,Dian,1970-01-02 19:34,1970-01-02 19:38,Dian,1970-01-02 19:38,System,1970-01-03 7:34,1970-01-03 8:19,120,Jacky,,,,,1970-01-03 8:19,Jacky,1970-01-03 10:07,Jacky,,,1970-01-03 11:18,1970-01-03 17:27,1970-01-03 17:27
256,1970-01-07 15:59,Web,Monica,,,1970-01-07 15:59,1970-01-07 16:02,P,Monica,1970-01-07 16:02,1970-01-07 22:24,Monica,1970-01-07 22:24,System,1970-01-09 16:34,1970-01-09 17:21,120,Anne,,,,,1970-01-09 17:21,Anne,1970-01-09 19:33,Anne,,,1970-01-10 0:11,1970-01-09 21:07,1970-01-10 0:11
257,1970-01-02 18:05,Letter,Monica,,,1970-01-02 18:05,1970-01-02 18:08,E,Monica,1970-01-02 18:08,1970-01-02 18:10,Monica,1970-01-02 18:10,System,1970-01-03 18:27,1970-01-03 19:14,240,Edd,1970-01-03 20:59,Cindy,1970-01-04 0:35,Cindy,,,,,,,1970-01-04 6:02,1970-01-04 7:46,1970-01-04 7:46
258,1970-01-02 8:59,Phone,Monica,,,1970-01-02 8:59,1970-01-02 9:03,E,Monica,1970-01-02 9:03,1970-01-02 9:05,Monica,1970-01-02 9:05,System,1970-01-08 15:41,1970-01-08 16:01,220,Cindy,1970-01-17 4:35,Edd,1970-01-17 8:15,Edd,,,,,,,1970-01-17 8:23,1970-01-17 10:11,1970-01-17 10:11
259,1970-01-03 13:06,Web,Monica,,,1970-01-03 13:06,1970-01-03 13:08,E,Monica,1970-01-03 13:08,1970-01-03 13:11,Monica,1970-01-03 13:11,System,1970-01-16 13:49,1970-01-16 14:19,220,John,1970-01-19 10:05,Edd,1970-01-19 13:23,Edd,,,,,,,1970-01-19 15:07,1970-01-19 13:43,1970-01-19 15:07
260,1970-01-04 4:28,Letter,Monica,,,1970-01-04 4:28,1970-01-04 4:34,P,Monica,1970-01-04 4:34,1970-01-04 4:37,Monica,1970-01-04 4:37,System,1970-01-10 19:34,1970-01-10 20:26,120,Barbara,,,,,1970-01-10 20:26,Barbara,1970-01-10 22:38,Barbara,,,1970-01-11 6:29,1970-01-11 3:45,1970-01-11 6:29
261,1970-01-06 14:59,Web,Monica,,,1970-01-06 14:59,1970-01-06 15:01,P,Monica,1970-01-06 15:01,1970-01-06 18:10,Monica,1970-01-06 18:10,System,1970-01-07 9:17,1970-01-07 10:13,120,Jacky,,,,,1970-01-07 10:13,Jacky,1970-01-07 12:13,Jacky,,,1970-01-07 15:47,1970-01-07 18:07,1970-01-07 18:07
262,1970-01-03 6:11,Personal,Monica,,,1970-01-03 6:11,1970-01-03 6:17,P,Monica,1970-01-03 6:17,1970-01-03 6:20,Monica,1970-01-03 6:20,System,1970-01-12 5:44,1970-01-12 6:31,120,Barbara,,,,,1970-01-12 6:31,Barbara,1970-01-12 8:19,Barbara,,,1970-01-12 10:45,1970-01-12 10:49,1970-01-12 10:49
263,1970-01-03 16:18,Personal,Dian,,,1970-01-03 16:18,1970-01-03 16:20,E,Dian,1970-01-03 16:20,1970-01-03 16:25,Dian,1970-01-03 16:25,System,1970-01-10 0:16,1970-01-10 1:07,240,Cindy,1970-01-10 18:35,Edd,1970-01-10 22:59,Edd,,,,,,,1970-01-11 4:16,1970-01-11 3:36,1970-01-11 4:16
264,1970-01-03 6:42,Phone,Monica,,,1970-01-03 6:42,1970-01-03 6:48,P,Monica,1970-01-03 6:48,1970-01-03 6:52,Monica,1970-01-03 6:52,System,1970-01-05 3:45,1970-01-05 4:22,120,Jacky,,,,,1970-01-05 4:22,Jacky,1970-01-05 6:10,Jacky,,,1970-01-05 10:59,1970-01-05 12:36,1970-01-05 12:36
265,1970-01-03 19:24,Web,Monica,,,1970-01-03 19:24,1970-01-03 19:27,E,Monica,1970-01-03 19:27,1970-01-03 19:31,Monica,1970-01-03 19:31,System,1970-01-06 7:50,1970-01-06 8:07,220,John,1970-01-06 14:59,Edd,1970-01-06 18:39,Edd,,,,,,,1970-01-06 21:53,1970-01-07 1:05,1970-01-07 1:05
266,1970-01-07 14:21,Phone,Monica,,,1970-01-07 14:21,1970-01-07 14:25,P,Monica,1970-01-07 14:25,1970-01-07 14:27,Monica,1970-01-07 14:27,System,1970-01-07 22:12,1970-01-07 22:43,120,Barbara,,,,,1970-01-07 22:43,Barbara,1970-01-08 0:31,Barbara,,,1970-01-08 5:29,1970-01-08 7:49,1970-01-08 7:49
267,1970-01-07 18:13,Phone,Dian,,,1970-01-07 18:13,1970-01-07 18:16,E,Dian,1970-01-07 18:16,1970-01-07 18:21,Dian,1970-01-07 18:21,System,1970-01-12 19:45,1970-01-12 20:43,240,Edd,1970-01-13 12:13,Cindy,1970-01-13 16:37,Cindy,,,,,,,1970-01-13 17:08,1970-01-13 23:45,1970-01-13 23:45
268,1970-01-06 16:09,Phone,Dian,,,1970-01-06 16:09,1970-01-06 16:19,P,Dian,1970-01-06 16:19,1970-01-06 16:21,Dian,1970-01-06 16:21,System,1970-01-11 19:00,1970-01-11 19:39,120,Anne,,,,,1970-01-11 19:39,Anne,1970-01-11 21:51,Anne,,,1970-01-12 5:17,1970-01-11 23:56,1970-01-12 5:17
269,1970-01-03 2:52,Phone,Monica,,,1970-01-03 2:52,1970-01-03 2:56,E,Monica,1970-01-03 2:56,1970-01-03 2:58,Monica,1970-01-03 2:58,System,1970-01-15 22:32,1970-01-15 23:03,240,Cindy,1970-01-16 0:37,John,1970-01-16 5:01,John,,,,,,,1970-01-16 10:32,1970-01-16 7:00,1970-01-16 10:32
270,1970-01-07 19:53,Phone,Dian,,,1970-01-07 19:53,1970-01-07 19:57,P,Dian,1970-01-07 19:57,1970-01-07 20:01,Dian,1970-01-07 20:01,System,1970-01-12 12:56,1970-01-12 13:54,120,Jacky,,,,,1970-01-12 13:54,Jacky,1970-01-12 15:54,Jacky,,,1970-01-12 19:27,1970-01-12 22:50,1970-01-12 22:50
271,1970-01-03 14:51,Phone,Dian,,,1970-01-03 14:51,1970-01-03 15:01,P,Dian,1970-01-03 15:01,1970-01-03 15:03,Dian,1970-01-03 15:03,System,1970-01-04 8:06,1970-01-04 8:57,120,Jacky,,,,,1970-01-04 8:57,Jacky,1970-01-04 11:09,Jacky,,,1970-01-04 14:06,1970-01-04 13:37,1970-01-04 14:06
272,1970-01-07 8:54,Personal,Dian,,,1970-01-07 8:54,1970-01-07 9:02,P,Dian,1970-01-07 9:02,1970-01-07 9:07,Dian,1970-01-07 9:07,System,1970-01-07 14:53,1970-01-07 15:31,120,Jacky,,,,,1970-01-07 15:31,Jacky,1970-01-07 17:31,Jacky,,,1970-01-07 19:11,1970-01-08 0:50,1970-01-08 0:50
273,1970-01-05 3:38,Personal,Dian,,,1970-01-05 3:38,1970-01-05 3:42,P,Dian,1970-01-05 3:42,1970-01-05 3:44,Dian,1970-01-05 3:44,System,1970-01-11 21:12,1970-01-11 21:53,120,Jacky,,,,,1970-01-11 21:53,Jacky,1970-01-11 23:41,Jacky,,,1970-01-12 3:27,1970-01-12 4:04,1970-01-12 4:04
274,1970-01-08 4:08,Personal,Monica,,,1970-01-08 4:08,1970-01-08 4:11,P,Monica,1970-01-08 4:11,1970-01-08 4:13,Monica,1970-01-08 4:13,System,1970-01-10 23:20,1970-01-11 0:12,120,Anne,,,,,1970-01-11 0:12,Anne,1970-01-11 2:00,Anne,,,1970-01-11 7:02,1970-01-11 5:03,1970-01-11 7:02
275,1970-01-06 4:23,Web,Dian,,,1970-01-06 4:23,1970-01-06 4:25,P,Dian,1970-01-06 4:25,1970-01-06 7:13,Monica,1970-01-06 7:13,System,1970-01-11 9:52,1970-01-11 10:46,120,Barbara,,,,,1970-01-11 10:46,Barbara,1970-01-11 12:58,Barbara,,,1970-01-11 19:19,1970-01-11 20:31,1970-01-11 20:31
276,1970-01-03 4:35,Web,Monica,,,1970-01-03 4:35,1970-01-03 4:37,P,Monica,1970-01-03 4:37,1970-01-03 19:57,Monica,1970-01-03 19:57,System,1970-01-04 3:02,1970-01-04 3:40,120,Jacky,,,,,1970-01-04 3:40,Jacky,1970-01-04 5:40,Jacky,,,1970-01-04 10:46,1970-01-04 12:05,1970-01-04 12:05
277,1970-01-07 3:32,Web,Monica,,,1970-01-07 3:32,1970-01-07 3:34,P,Monica,1970-01-07 3:34,1970-01-08 12:10,Monica,1970-01-08 12:10,System,1970-01-09 22:16,1970-01-09 23:15,120,Anne,,,,,1970-01-09 23:15,Anne,1970-01-10 1:15,Anne,,,1970-01-10 7:56,1970-01-10 4:26,1970-01-10 7:56
278,1970-01-05 0:20,Phone,Monica,,,1970-01-05 0:20,1970-01-05 0:22,E,Monica,1970-01-05 0:22,1970-01-05 0:26,Monica,1970-01-05 0:26,System,1970-01-05 21:41,1970-01-05 22:02,240,Edd,1970-01-13 2:54,Edd,1970-01-13 6:30,Edd,,,,,,,1970-01-13 11:13,1970-01-13 11:50,1970-01-13 11:50
279,1970-01-02 8:45,Phone,Monica,,,1970-01-02 8:45,1970-01-02 8:47,E,Monica,1970-01-02 8:47,1970-01-02 8:50,Monica,1970-01-02 8:50,System,1970-01-03 5:49,1970-01-03 6:44,240,Cindy,1970-01-03 6:44,Cindy,1970-01-03 11:08,Cindy,,,,,,,1970-01-03 17:29,1970-01-03 13:26,1970-01-03 17:29
280,1970-01-05 23:07,Letter,Dian,,,1970-01-05 23:07,1970-01-05 23:13,E,Dian,1970-01-05 23:13,1970-01-06 0:32,Monica,1970-01-06 0:32,System,1970-01-14 22:49,1970-01-14 23:08,240,Cindy,1970-01-15 18:32,Cindy,1970-01-15 22:32,Cindy,,,,,,,1970-01-16 2:46,1970-01-15 22:50,1970-01-16 2:46
281,1970-01-03 2:54,Web,Dian,1970-01-03 2:54,Dian,,,,,,,,,,,,,,,,,,,,,,,,,,
282,1970-01-01 16:03,Web,Monica,,,1970-01-01 16:03,1970-01-01 16:06,P,Monica,1970-01-01 16:06,1970-01-01 21:43,Monica,1970-01-01 21:43,System,1970-01-11 0:08,1970-01-11 0:38,120,Jacky,,,,,1970-01-11 0:38,Jacky,1970-01-11 2:26,Jacky,,,1970-01-11 8:02,1970-01-11 9:55,1970-01-11 9:55
283,1970-01-05 5:00,Personal,Dian,,,1970-01-05 5:00,1970-01-05 5:05,B,Dian,1970-01-05 5:05,1970-01-05 5:07,Dian,1970-01-05 5:07,System,1970-01-05 6:03,1970-01-05 6:48,160,Eric,1970-01-05 7:15,Ben,1970-01-05 10:27,Ben,,,,,,,1970-01-05 18:20,1970-01-05 15:21,1970-01-05 18:20
284,1970-01-06 5:16,Web,Monica,,,1970-01-06 5:16,1970-01-06 5:19,E,Monica,1970-01-06 5:19,1970-01-06 16:27,Monica,1970-01-06 16:27,System,1970-01-08 11:53,1970-01-08 12:16,240,John,1970-01-09 17:09,Cindy,1970-01-09 21:09,Cindy,,,,,,,1970-01-10 3:08,1970-01-10 4:44,1970-01-10 4:44
285,1970-01-04 2:23,Personal,Dian,,,1970-01-04 2:23,1970-01-04 2:32,P,Dian,1970-01-04 2:32,1970-01-04 2:37,Dian,1970-01-04 2:37,System,1970-01-08 0:31,1970-01-08 1:31,360,Barbara,,,,,,,,,1970-01-08 1:31,DoIt,1970-01-08 12:28,1970-01-08 14:40,1970-01-08 14:40
286,1970-01-02 8:20,Phone,Monica,,,1970-01-02 8:20,1970-01-02 8:26,P,Monica,1970-01-02 8:26,1970-01-02 8:31,Monica,1970-01-02 8:31,System,1970-01-07 17:57,1970-01-07 18:29,120,Anne,1970-01-07 20:43,Jacky,1970-01-07 22:43,Jacky,1970-01-07 18:29,Anne,1970-01-07 20:41,Anne,,,1970-01-08 5:06,1970-01-08 2:28,1970-01-08 5:06
287,1970-01-02 15:29,Letter,Dian,,,1970-01-02 15:29,1970-01-02 15:36,P,Dian,1970-01-02 15:36,1970-01-02 16:47,Dian,1970-01-02 16:47,System,1970-01-04 8:49,1970-01-04 9:26,120,Anne,,,,,1970-01-04 9:26,Anne,1970-01-04 11:38,Anne,,,1970-01-04 17:58,1970-01-04 14:07,1970-01-04 17:58
288,1970-01-07 8:41,Letter,Dian,,,1970-01-07 8:41,1970-01-07 8:43,E,Dian,1970-01-07 8:43,1970-01-07 8:47,Dian,1970-01-07 8:47,System,1970-01-09 16:47,1970-01-09 17:36,240,John,1970-01-16 10:11,Cindy,1970-01-16 14:35,Cindy,,,,,,,1970-01-16 16:27,1970-01-16 20:59,1970-01-16 20:59
289,1970-01-04 14:50,Letter,Monica,,,1970-01-04 14:50,1970-01-04 14:55,P,Monica,1970-01-04 14:55,1970-01-04 14:57,Monica,1970-01-04 14:57,System,1970-01-09 19:58,1970-01-09 20:47,120,Anne,,,,,1970-01-09 20:47,Anne,1970-01-09 22:35,Anne,,,1970-01-10 1:24,1970-01-10 6:02,1970-01-10 6:02
290,1970-01-03 15:39,Web,Dian,,,1970-01-03 15:39,1970-01-03 15:42,P,Dian,1970-01-03 15:42,1970-01-03 15:45,Dian,1970-01-03 15:45,System,1970-01-04 16:47,1970-01-04 17:41,120,Jacky,,,,,1970-01-04 17:41,Jacky,1970-01-04 19:53,Jacky,,,1970-01-04 23:43,1970-01-04 22:08,1970-01-04 23:43
291,1970-01-06 19:59,Phone,Monica,,,1970-01-06 19:59,1970-01-06 20:05,E,Monica,1970-01-06 20:05,1970-01-06 20:08,Monica,1970-01-06 20:08,System,1970-01-13 5:01,1970-01-13 5:42,240,Paul,1970-01-15 2:00,John,1970-01-15 6:00,John,,,,,,,1970-01-15 10:09,1970-01-15 13:14,1970-01-15 13:14
292,1970-01-04 22:48,Web,Monica,,,1970-01-04 22:48,1970-01-04 22:50,B,Monica,1970-01-04 22:50,1970-01-04 22:52,Monica,1970-01-04 22:52,System,1970-01-04 22:52,1970-01-04 23:10,60,Eric,,,,,1970-01-04 23:10,Eric,1970-01-05 0:22,Eric,,,1970-01-05 5:55,1970-01-05 1:32,1970-01-05 5:55
293,1970-01-02 21:14,Web,Dian,,,1970-01-02 21:14,1970-01-02 21:17,E,Dian,1970-01-02 21:17,1970-01-03 4:15,Monica,1970-01-03 4:15,System,1970-01-05 0:54,1970-01-05 1:53,220,Paul,1970-01-06 1:16,John,1970-01-06 5:18,John,,,,,,,1970-01-06 10:14,1970-01-06 7:43,1970-01-06 10:14
294,1970-01-08 0:51,Personal,Dian,,,1970-01-08 0:51,1970-01-08 0:55,E,Dian,1970-01-08 0:55,1970-01-08 0:58,Dian,1970-01-08 0:58,System,1970-01-14 20:56,1970-01-14 21:49,220,John,1970-01-15 7:58,Cindy,1970-01-15 11:16,Cindy,,,,,,,1970-01-15 16:18,1970-01-15 12:28,1970-01-15 16:18
295,1970-01-04 9:48,Personal,Monica,,,1970-01-04 9:48,1970-01-04 9:53,P,Monica,1970-01-04 9:53,1970-01-04 9:55,Monica,1970-01-04 9:55,System,1970-01-06 4:54,1970-01-06 5:34,240,Jacky,1970-01-06 5:34,Jacky,1970-01-06 9:10,Jacky,,,,,,,1970-01-06 9:34,1970-01-06 15:37,1970-01-06 15:37
296,1970-01-01 22:56,Letter,Dian,1970-01-01 22:56,Dian,,,,,,,,,,,,,,,,,,,,,,,,,,
297,1970-01-02 16:13,Phone,Monica,,,1970-01-02 16:13,1970-01-02 16:15,P,Monica,1970-01-02 16:15,1970-01-02 16:20,Monica,1970-01-02 16:20,System,1970-01-02 16:28,1970-01-02 17:16,120,Barbara,,,,,1970-01-02 17:16,Barbara,1970-01-02 19:28,Barbara,,,1970-01-03 0:14,1970-01-03 0:23,1970-01-03 0:23
298,1970-01-07 9:01,Phone,Monica,,,1970-01-07 9:01,1970-01-07 9:07,P,Monica,1970-01-07 9:07,1970-01-07 9:12,Monica,1970-01-07 9:12,System,1970-01-08 1:25,1970-01-08 2:19,120,Jacky,,,,,1970-01-08 2:19,Jacky,1970-01-08 4:31,Jacky,1970-01-08 4:31,DoIt,1970-01-08 10:28,1970-01-08 10:04,1970-01-08 10:28
299,1970-01-06 3:05,Personal,Monica,1970-01-06 3:05,Monica,,,,,,,,,,,,,,,,,,,,,,,,,,
300,1970-01-04 6:12,Letter,Monica,,,1970-01-04 6:12,1970-01-04 6:14,E,Monica,1970-01-04 6:14,1970-01-04 22:14,Monica,1970-01-04 22:14,System,1970-01-05 5:05,1970-01-05 5:28,240,John,1970-01-06 3:03,Edd,1970-01-07 10:26,Edd,,,,,,,1970-01-07 12:30,1970-01-07 10:48,1970-01-07 12:30
301,1970-01-04 13:59,Letter,Monica,,,1970-01-04 13:59,1970-01-04 14:02,E,Monica,1970-01-04 14:02,1970-01-04 14:06,Monica,1970-01-04 14:06,System,1970-01-12 19:16,1970-01-12 19:45,220,Edd,1970-01-16 14:19,John,1970-01-16 18:21,John,,,,,,,1970-01-16 19:15,1970-01-16 20:48,1970-01-16 20:48
302,1970-01-05 20:09,Phone,Dian,,,1970-01-05 20:09,1970-01-05 20:14,P,Dian,1970-01-05 20:14,1970-01-05 20:18,Dian,1970-01-05 20:18,System,1970-01-05 23:31,1970-01-06 0:10,120,Barbara,,,,,1970-01-06 0:10,Barbara,1970-01-06 1:58,Barbara,,,1970-01-06 8:55,1970-01-06 7:56,1970-01-06 8:55
303,1970-01-03 15:12,Personal,Monica,,,1970-01-03 15:12,1970-01-03 15:15,E,Monica,1970-01-03 15:15,1970-01-03 15:17,Monica,1970-01-03 15:17,System,1970-01-12 20:43,1970-01-12 21:00,220,Edd,1970-01-19 3:27,Cindy,1970-01-19 7:07,Cindy,,,,,,,1970-01-19 9:56,1970-01-19 8:53,1970-01-19 9:56
304,1970-01-06 18:59,Web,Dian,,,1970-01-06 18:59,1970-01-06 19:01,P,Dian,1970-01-06 19:01,1970-01-06 23:49,Monica,1970-01-06 23:49,System,1970-01-14 10:58,1970-01-14 11:29,120,Anne,,,,,1970-01-14 11:29,Anne,1970-01-14 13:41,Anne,,,1970-01-14 20:00,1970-01-14 15:30,1970-01-14 20:00
305,1970-01-04 9:24,Phone,Monica,,,1970-01-04 9:24,1970-01-04 9:26,B,Monica,1970-01-04 9:26,1970-01-04 9:28,Monica,1970-01-04 9:28,System,1970-01-04 9:59,1970-01-04 10:34,60,Lex,,,,,1970-01-04 10:34,Lex,1970-01-04 11:34,Lex,,,1970-01-04 18:19,1970-01-04 17:39,1970-01-04 18:19
306,1970-01-02 15:04,Phone,Dian,,,1970-01-02 15:04,1970-01-02 15:08,E,Dian,1970-01-02 15:08,1970-01-02 15:11,Dian,1970-01-02 15:11,System,1970-01-09 12:24,1970-01-09 13:12,240,Paul,1970-01-09 22:17,John,1970-01-10 2:41,John,,,,,,,1970-01-10 3:25,1970-01-10 10:12,1970-01-10 10:12
307,1970-01-02 13:50,Letter,Dian,,,1970-01-02 13:50,1970-01-02 13:53,P,Dian,1970-01-02 13:53,1970-01-03 10:29,Monica,1970-01-03 10:29,System,1970-01-05 12:50,1970-01-05 13:28,120,Jacky,,,,,1970-01-05 13:28,Jacky,1970-01-05 15:40,Jacky,,,1970-01-05 17:59,1970-01-05 16:24,1970-01-05 17:59
308,1970-01-07 19:10,Phone,Dian,,,1970-01-07 19:10,1970-01-07 19:16,E,Dian,1970-01-07 19:16,1970-01-07 19:18,Dian,1970-01-07 19:18,System,1970-01-11 5:57,1970-01-11 6:43,240,John,1970-01-19 2:05,Edd,1970-01-19 5:41,Edd,,,,,,,1970-01-19 8:18,1970-01-19 8:15,1970-01-19 8:18
309,1970-01-04 19:47,Phone,Monica,,,1970-01-04 19:47,1970-01-04 19:52,P,Monica,1970-01-04 19:52,1970-01-04 19:57,Monica,1970-01-04 19:57,System,1970-01-09 5:19,1970-01-09 5:52,120,Jacky,,,,,1970-01-09 5:52,Jacky,1970-01-09 8:04,Jacky,,,1970-01-09 10:22,1970-01-09 15:37,1970-01-09 15:37
310,1970-01-04 2:54,Personal,Monica,,,1970-01-04 2:54,1970-01-04 2:57,E,Monica,1970-01-04 2:57,1970-01-04 3:01,Monica,1970-01-04 3:01,System,1970-01-07 3:06,1970-01-07 3:37,240,Paul,1970-01-07 11:25,Edd,1970-01-07 15:01,Edd,,,,,,,1970-01-07 21:15,1970-01-07 18:54,1970-01-07 21:15
311,1970-01-04 9:01,Web,Monica,,,1970-01-04 9:01,1970-01-04 9:03,P,Monica,1970-01-04 9:03,1970-01-05 13:58,Monica,1970-01-05 13:58,System,1970-01-10 16:51,1970-01-10 17:22,120,Barbara,,,,,1970-01-10 17:22,Barbara,1970-01-10 19:34,Barbara,,,1970-01-10 19:52,1970-01-11 0:02,1970-01-11 0:02
312,1970-01-06 5:15,Letter,Monica,1970-01-06 5:15,Monica,,,,,,,,,,,,,,,,,,,,,,,,,,
313,1970-01-02 12:03,Personal,Dian,,,1970-01-02 12:03,1970-01-02 12:08,P,Dian,1970-01-02 12:08,1970-01-02 12:13,Dian,1970-01-02 12:13,System,1970-01-02 20:40,1970-01-02 21:11,120,Anne,,,,,1970-01-02 21:11,Anne,1970-01-02 23:23,Anne,,,1970-01-03 5:15,1970-01-03 0:25,1970-01-03 5:15
314,1970-01-03 11:54,Web,Dian,,,1970-01-03 11:54,1970-01-03 11:59,P,Dian,1970-01-03 11:59,1970-01-03 18:26,Monica,1970-01-03 18:26,System,1970-01-06 17:18,1970-01-06 18:12,120,Jacky,,,,,1970-01-06 18:12,Jacky,1970-01-06 20:00,Jacky,,,1970-01-06 22:40,1970-01-07 2:29,1970-01-07 2:29
315,1970-01-07 13:43,Personal,Dian,,,1970-01-07 13:43,1970-01-07 13:48,P,Dian,1970-01-07 13:48,1970-01-07 13:52,Dian,1970-01-07 13:52,System,1970-01-10 22:38,1970-01-10 23:21,240,Barbara,1970-01-10 23:26,Anne,1970-01-11 3:26,Anne,,,,,,,1970-01-11 10:36,1970-01-11 8:34,1970-01-11 10:36
316,1970-01-01 23:02,Phone,Monica,,,1970-01-01 23:02,1970-01-01 23:07,E,Monica,1970-01-01 23:07,1970-01-01 23:09,Monica,1970-01-01 23:09,System,1970-01-05 3:54,1970-01-05 4:24,240,John,1970-01-05 7:13,Paul,1970-01-05 11:13,Paul,,,,,,,1970-01-05 17:21,1970-01-05 14:32,1970-01-05 17:21
317,1970-01-02 3:10,Letter,Monica,,,1970-01-02 3:10,1970-01-02 3:12,E,Monica,1970-01-02 3:12,1970-01-02 3:14,Monica,1970-01-02 3:14,System,1970-01-02 18:32,1970-01-02 19:23,240,John,1970-01-02 23:39,Edd,1970-01-03 3:15,Edd,,,,,,,1970-01-03 4:49,1970-01-03 3:19,1970-01-03 4:49
318,1970-01-02 21:49,Letter,Dian,,,1970-01-02 21:49,1970-01-02 21:53,E,Dian,1970-01-02 21:53,1970-01-03 6:07,Dian,1970-01-03 6:07,System,1970-01-06 9:00,1970-01-06 9:35,240,John,1970-01-06 11:11,Edd,1970-01-07 6:26,Paul,,,,,,,1970-01-07 6:45,1970-01-07 10:45,1970-01-07 10:45
319,1970-01-06 9:03,Web,Monica,,,1970-01-06 9:03,1970-01-06 9:05,E,Monica,1970-01-06 9:05,1970-01-06 13:33,Monica,1970-01-06 13:33,System,1970-01-13 14:42,1970-01-13 14:58,240,Edd,1970-01-16 14:40,Paul,1970-01-16 19:04,Paul,,,,,,,1970-01-17 3:04,1970-01-17 2:47,1970-01-17 3:04
320,1970-01-05 6:38,Personal,Dian,,,1970-01-05 6:38,1970-01-05 6:43,B,Dian,1970-01-05 6:43,1970-01-05 6:47,Dian,1970-01-05 6:47,System,1970-01-05 6:48,1970-01-05 7:28,240,Eric,1970-01-05 8:05,Lex,1970-01-05 12:29,Lex,,,,,,,1970-01-05 13:18,1970-01-05 19:05,1970-01-05 19:05
321,1970-01-08 2:15,Phone,Dian,,,1970-01-08 2:15,1970-01-08 2:23,E,Dian,1970-01-08 2:23,1970-01-08 2:25,Dian,1970-01-08 2:25,System,1970-01-08 4:20,1970-01-08 5:17,240,Edd,1970-01-08 18:24,Edd,1970-01-08 22:48,Edd,,,,,,,1970-01-09 4:48,1970-01-08 23:16,1970-01-09 4:48
322,1970-01-08 5:03,Personal,Dian,,,1970-01-08 5:03,1970-01-08 5:10,P,Dian,1970-01-08 5:10,1970-01-08 5:12,Dian,1970-01-08 5:12,System,1970-01-11 16:29,1970-01-11 17:10,120,Anne,,,,,1970-01-11 17:10,Anne,1970-01-11 19:10,Anne,,,1970-01-11 22:01,1970-01-11 22:14,1970-01-11 22:14
323,1970-01-05 18:39,Web,Dian,,,1970-01-05 18:39,1970-01-05 18:42,B,Dian,1970-01-05 18:42,1970-01-05 18:44,Dian,1970-01-05 18:44,System,1970-01-05 18:44,1970-01-05 19:01,240,Nick,1970-01-05 19:01,Nick,1970-01-05 23:01,Nick,,,,,,,1970-01-06 1:32,1970-01-06 6:23,1970-01-06 6:23
324,1970-01-04 2:03,Phone,Dian,,,1970-01-04 2:03,1970-01-04 2:12,P,Dian,1970-01-04 2:12,1970-01-04 2:14,Dian,1970-01-04 2:14,System,1970-01-12 15:54,1970-01-12 16:45,240,Jacky,1970-01-12 19:33,Anne,1970-01-12 23:57,Anne,,,,,,,1970-01-13 6:38,1970-01-13 2:50,1970-01-13 6:38
325,1970-01-05 5:23,Personal,Dian,,,1970-01-05 5:23,1970-01-05 5:26,E,Dian,1970-01-05 5:26,1970-01-05 5:31,Dian,1970-01-05 5:31,System,1970-01-06 0:17,1970-01-06 1:09,240,Paul,1970-01-06 6:47,Cindy,1970-01-06 20:00,Paul,,,,,,,1970-01-06 20:07,1970-01-06 23:27,1970-01-06 23:27
326,1970-01-07 1:52,Letter,Dian,,,1970-01-07 1:52,1970-01-07 1:55,E,Dian,1970-01-07 1:55,1970-01-07 11:32,Dian,1970-01-07 11:32,System,1970-01-12 1:32,1970-01-12 1:48,220,Cindy,1970-01-17 19:43,Paul,1970-01-17 23:01,Paul,,,,,,,1970-01-18 3:14,1970-01-18 0:00,1970-01-18 3:14
327,1970-01-03 4:37,Web,Dian,,,1970-01-03 4:37,1970-01-03 4:43,P,Dian,1970-01-03 4:43,1970-01-03 4:48,Dian,1970-01-03 4:48,System,1970-01-03 6:40,1970-01-03 7:20,120,Anne,,,,,1970-01-03 7:20,Anne,1970-01-03 9:20,Anne,,,1970-01-03 12:25,1970-01-03 10:29,1970-01-03 12:25
328,1970-01-03 6:03,Phone,Monica,,,1970-01-03 6:03,1970-01-03 6:08,E,Monica,1970-01-03 6:08,1970-01-03 6:11,Monica,1970-01-03 6:11,System,1970-01-05 6:57,1970-01-05 7:18,240,Edd,1970-01-05 15:25,John,1970-01-05 19:49,John,,,,,,,1970-01-05 20:54,1970-01-06 2:40,1970-01-06 2:40
329,1970-01-05 10:17,Letter,Monica,,,1970-01-05 10:17,1970-01-05 10:22,B,Monica,1970-01-05 10:22,1970-01-05 12:55,Monica,1970-01-05 12:55,System,1970-01-05 12:55,1970-01-05 13:36,240,Ben,1970-01-05 13:36,Eric,1970-01-05 16:48,Eric,,,,,,,1970-01-05 20:41,1970-01-05 16:51,1970-01-05 20:41
330,1970-01-04 21:47,Phone,Monica,,,1970-01-04 21:47,1970-01-04 21:50,P,Monica,1970-01-04 21:50,1970-01-04 21:53,Monica,1970-01-04 21:53,System,1970-01-05 15:19,1970-01-05 16:05,120,Anne,,,,,1970-01-05 16:05,Anne,1970-01-05 18:05,Anne,,,1970-01-05 20:26,1970-01-06 0:48,1970-01-06 0:48
331,1970-01-06 4:13,Web,Monica,,,1970-01-06 4:13,1970-01-06 4:15,P,Monica,1970-01-06 4:15,1970-01-06 6:19,Monica,1970-01-06 6:19,System,1970-01-08 5:08,1970-01-08 6:08,120,Anne,,,,,1970-01-08 6:08,Anne,1970-01-08 7:56,Anne,,,1970-01-08 8:14,1970-01-08 12:09,1970-01-08 12:09
332,1970-01-02 14:56,Letter,Monica,,,1970-01-02 14:56,1970-01-02 15:00,E,Monica,1970-01-02 15:00,1970-01-02 20:03,Monica,1970-01-02 20:03,System,1970-01-04 10:42,1970-01-04 10:57,240,Edd,1970-01-04 10:57,Edd,1970-01-04 14:33,Edd,,,,,,,1970-01-04 18:12,1970-01-04 21:50,1970-01-04 21:50
333,1970-01-08 0:39,Web,Monica,,,1970-01-08 0:39,1970-01-08 0:41,P,Monica,1970-01-08 0:41,1970-01-08 2:47,Monica,1970-01-08 2:47,System,1970-01-12 22:40,1970-01-12 23:31,120,Barbara,,,,,1970-01-12 23:31,Barbara,1970-01-13 1:31,Barbara,,,1970-01-13 5:16,1970-01-13 8:45,1970-01-13 8:45
334,1970-01-08 6:20,Phone,Dian,,,1970-01-08 6:20,1970-01-08 6:23,E,Dian,1970-01-08 6:23,1970-01-08 6:25,Dian,1970-01-08 6:25,System,1970-01-13 1:40,1970-01-13 2:37,220,Edd,1970-01-18 3:37,Cindy,1970-01-18 7:17,Cindy,,,,,,,1970-01-18 12:12,1970-01-18 8:57,1970-01-18 12:12
335,1970-01-05 5:10,Phone,Monica,,,1970-01-05 5:10,1970-01-05 5:15,E,Monica,1970-01-05 5:15,1970-01-05 5:19,Monica,1970-01-05 5:19,System,1970-01-10 7:11,1970-01-10 7:46,220,Cindy,1970-01-10 8:47,Paul,1970-01-10 12:27,Paul,,,,,,,1970-01-10 20:24,1970-01-10 15:04,1970-01-10 20:24
336,1970-01-02 14:47,Web,Dian,,,1970-01-02 14:47,1970-01-02 14:52,P,Dian,1970-01-02 14:52,1970-01-02 14:54,Dian,1970-01-02 14:54,System,1970-01-03 2:19,1970-01-03 3:03,120,Jacky,,,,,1970-01-03 3:03,Jacky,1970-01-03 4:51,Jacky,1970-01-03 4:51,FixIt,1970-01-03 11:06,1970-01-03 7:01,1970-01-03 11:06
337,1970-01-02 12:30,Letter,Monica,,,1970-01-02 12:30,1970-01-02 12:35,B,Monica,1970-01-02 12:35,1970-01-02 12:37,Monica,1970-01-02 12:37,System,1970-01-02 12:37,1970-01-02 13:14,480,Lex,,,,,,,,,1970-01-02 13:14,DoIt,1970-01-03 3:33,1970-01-03 2:13,1970-01-03 3:33
338,1970-01-04 6:33,Phone,Dian,,,1970-01-04 6:33,1970-01-04 6:35,E,Dian,1970-01-04 6:35,1970-01-04 6:37,Dian,1970-01-04 6:37,System,1970-01-10 6:41,1970-01-10 7:08,240,John,1970-01-10 12:27,Paul,1970-01-10 16:51,Paul,,,,,1970-01-10 16:51,FixIt,1970-01-11 2:18,1970-01-10 23:08,1970-01-11 2:18
339,1970-01-03 19:44,Web,Dian,,,1970-01-03 19:44,1970-01-03 19:49,B,Dian,1970-01-03 19:49,1970-01-04 2:03,Monica,1970-01-04 2:03,System,1970-01-04 2:03,1970-01-04 2:31,60,Lex,,,,,1970-01-04 2:31,Lex,1970-01-04 3:13,Lex,,,1970-01-04 3:48,1970-01-04 6:58,1970-01-04 6:58
340,1970-01-07 23:14,Web,Dian,,,1970-01-07 23:14,1970-01-07 23:18,E,Dian,1970-01-07 23:18,1970-01-07 23:21,Dian,1970-01-07 23:21,System,1970-01-12 6:27,1970-01-12 7:22,220,Cindy,1970-01-15 20:35,John,1970-01-16 0:37,John,,,,,,,1970-01-16 4:54,1970-01-16 2:25,1970-01-16 4:54
341,1970-01-04 12:19,Phone,Dian,,,1970-01-04 12:19,1970-01-04 12:24,E,Dian,1970-01-04 12:24,1970-01-04 12:27,Dian,1970-01-04 12:27,System,1970-01-04 18:33,1970-01-04 19:17,240,Edd,1970-01-05 1:12,Edd,1970-01-05 5:12,Edd,,,,,,,1970-01-05 9:07,1970-01-05 7:40,1970-01-05 9:07
342,1970-01-04 19:08,Web,Dian,,,1970-01-04 19:08,1970-01-04 19:13,P,Dian,1970-01-04 19:13,1970-01-05 6:10,Dian,1970-01-05 6:10,System,1970-01-05 6:57,1970-01-05 7:49,120,Anne,,,,,1970-01-05 7:49,Anne,1970-01-05 9:37,Anne,,,1970-01-05 9:43,1970-01-05 15:04,1970-01-05 15:04
343,1970-01-02 17:51,Phone,Monica,,,1970-01-02 17:51,1970-01-02 17:53,E,Monica,1970-01-02 17:53,1970-01-02 17:55,Monica,1970-01-02 17:55,System,1970-01-04 4:08,1970-01-04 4:58,240,John,1970-01-04 6:09,John,1970-01-04 10:33,John,,,,,,,1970-01-04 16:54,1970-01-04 13:19,1970-01-04 16:54
344,1970-01-08 0:10,Letter,Dian,,,1970-01-08 0:10,1970-01-08 0:19,E,Dian,1970-01-08 0:19,1970-01-08 0:23,Dian,1970-01-08 0:23,System,1970-01-08 17:49,1970-01-08 18:10,220,Cindy,1970-01-09 3:24,Paul,1970-01-09 6:42,Paul,,,,,,,1970-01-09 14:38,1970-01-09 13:21,1970-01-09 14:38
345,1970-01-05 1:37,Phone,Monica,,,1970-01-05 1:37,1970-01-05 1:39,E,Monica,1970-01-05 1:39,1970-01-05 1:42,Monica,1970-01-05 1:42,System,1970-01-12 21:30,1970-01-12 22:22,220,Edd,1970-01-13 6:30,Edd,1970-01-13 10:10,Edd,,,,,,,1970-01-13 10:19,1970-01-13 15:45,1970-01-13 15:45
346,1970-01-06 7:13,Letter,Dian,,,1970-01-06 7:13,1970-01-06 7:19,P,Dian,1970-01-06 7:19,1970-01-06 7:23,Dian,1970-01-06 7:23,System,1970-01-06 22:48,1970-01-06 23:39,120,Jacky,,,,,1970-01-06 23:39,Jacky,1970-01-07 1:39,Jacky,,,1970-01-07 1:50,1970-01-07 5:08,1970-01-07 5:08
347,1970-01-07 15:07,Phone,Dian,,,1970-01-07 15:07,1970-01-07 15:13,E,Dian,1970-01-07 15:13,1970-01-07 15:15,Dian,1970-01-07 15:15,System,1970-01-14 10:07,1970-01-14 10:45,240,John,1970-01-17 3:41,Cindy,1970-01-17 20:17,Paul,,,,,,,1970-01-18 4:09,1970-01-18 1:43,1970-01-18 4:09
348,1970-01-05 8:56,Personal,Monica,,,1970-01-05 8:56,1970-01-05 9:02,P,Monica,1970-01-05 9:02,1970-01-05 9:05,Monica,1970-01-05 9:05,System,1970-01-12 16:38,1970-01-12 17:18,120,Barbara,,,,,1970-01-12 17:18,Barbara,1970-01-12 19:18,Barbara,,,1970-01-12 20:32,1970-01-12 19:24,1970-01-12 20:32
349,1970-01-07 6:34,Phone,Dian,,,1970-01-07 6:34,1970-01-07 6:38,E,Dian,1970-01-07 6:38,1970-01-07 6:43,Dian,1970-01-07 6:43,System,1970-01-15 1:48,1970-01-15 2:19,220,Paul,1970-01-15 6:53,Paul,1970-01-15 10:11,Paul,,,,,,,1970-01-15 17:48,1970-01-15 13:46,1970-01-15 17:48
350,1970-01-07 16:26,Web,Monica,,,1970-01-07 16:26,1970-01-07 16:28,P,Monica,1970-01-07 16:28,1970-01-07 16:30,Monica,1970-01-07 16:30,System,1970-01-11 16:24,1970-01-11 17:00,120,Anne,,,,,1970-01-11 17:00,Anne,1970-01-11 19:00,Anne,1970-01-11 19:00,DoIt,1970-01-12 2:57,1970-01-12 1:16,1970-01-12 2:57
351,1970-01-05 0:11,Letter,Dian,,,1970-01-05 0:11,1970-01-05 0:21,P,Dian,1970-01-05 0:21,1970-01-05 0:25,Dian,1970-01-05 0:25,System,1970-01-05 12:01,1970-01-05 12:57,120,Anne,,,,,1970-01-05 12:57,Anne,1970-01-05 15:09,Anne,,,1970-01-05 16:09,1970-01-05 22:56,1970-01-05 22:56
352,1970-01-01 9:49,Personal,Dian,,,1970-01-01 9:49,1970-01-01 9:54,E,Dian,1970-01-01 9:54,1970-01-01 9:59,Dian,1970-01-01 9:59,System,1970-01-01 9:59,1970-01-01 10:54,220,Edd,1970-01-01 10:54,Edd,1970-01-01 14:56,Edd,,,,,,,1970-01-01 16:23,1970-01-01 22:37,1970-01-01 22:37
353,1970-01-06 20:50,Letter,Monica,1970-01-06 20:50,Monica,,,,,,,,,,,,,,,,,,,,,,,,,,
354,1970-01-06 12:35,Web,Dian,,,1970-01-06 12:35,1970-01-06 12:38,B,Dian,1970-01-06 12:38,1970-01-07 5:29,Monica,1970-01-07 5:29,System,1970-01-07 5:29,1970-01-07 6:03,160,Ben,1970-01-07 6:03,Ben,1970-01-07 8:27,Ben,,,,,,,1970-01-07 10:15,1970-01-07 13:16,1970-01-07 13:16
355,1970-01-01 22:08,Letter,Dian,,,1970-01-01 22:08,1970-01-01 22:16,E,Dian,1970-01-01 22:16,1970-01-01 22:18,Dian,1970-01-01 22:18,System,1970-01-02 8:04,1970-01-02 8:49,240,Paul,1970-01-03 10:01,John,1970-01-03 14:25,John,,,,,,,1970-01-03 19:48,1970-01-03 15:25,1970-01-03 19:48
356,1970-01-07 10:40,Letter,Monica,,,1970-01-07 10:40,1970-01-07 10:44,P,Monica,1970-01-07 10:44,1970-01-07 17:08,Monica,1970-01-07 17:08,System,1970-01-10 10:11,1970-01-10 10:46,120,Anne,,,,,1970-01-10 10:46,Anne,1970-01-10 12:58,Anne,,,1970-01-10 20:14,1970-01-10 16:21,1970-01-10 20:14
357,1970-01-06 17:42,Personal,Monica,,,1970-01-06 17:42,1970-01-06 17:48,E,Monica,1970-01-06 17:48,1970-01-06 17:53,Monica,1970-01-06 17:53,System,1970-01-13 13:25,1970-01-13 13:55,240,Paul,1970-01-18 11:09,Edd,1970-01-18 14:45,Edd,,,,,,,1970-01-18 22:26,1970-01-18 16:24,1970-01-18 22:26
358,1970-01-05 23:09,Letter,Monica,,,1970-01-05 23:09,1970-01-05 23:11,P,Monica,1970-01-05 23:11,1970-01-06 1:05,Monica,1970-01-06 1:05,System,1970-01-12 12:01,1970-01-12 12:56,360,Jacky,,,,,,,,,1970-01-12 12:56,DoIt,1970-01-13 1:08,1970-01-13 1:16,1970-01-13 1:16
359,1970-01-05 19:54,Web,Dian,,,1970-01-05 19:54,1970-01-05 19:56,E,Dian,1970-01-05 19:56,1970-01-05 19:58,Dian,1970-01-05 19:58,System,1970-01-09 6:42,1970-01-09 7:27,240,Paul,1970-01-11 2:35,Edd,1970-01-11 6:11,Edd,,,,,,,1970-01-11 6:31,1970-01-11 6:17,1970-01-11 6:31
360,1970-01-07 12:54,Web,Monica,,,1970-01-07 12:54,1970-01-07 12:56,P,Monica,1970-01-07 12:56,1970-01-08 3:20,Monica,1970-01-08 3:20,System,1970-01-13 9:09,1970-01-13 9:58,120,Barbara,,,,,1970-01-13 9:58,Barbara,1970-01-13 11:46,Barbara,,,1970-01-13 14:43,1970-01-13 16:58,1970-01-13 16:58
361,1970-01-04 19:28,Letter,Dian,,,1970-01-04 19:28,1970-01-04 19:33,P,Dian,1970-01-04 19:33,1970-01-04 19:38,Dian,1970-01-04 19:38,System,1970-01-05 9:09,1970-01-05 9:49,120,Anne,,,,,1970-01-05 9:49,Anne,1970-01-05 12:01,Anne,,,1970-01-05 12:59,1970-01-05 17:51,1970-01-05 17:51
362,1970-01-05 16:16,Letter,Dian,,,1970-01-05 16:16,1970-01-05 16:18,P,Dian,1970-01-05 16:18,1970-01-05 16:21,Dian,1970-01-05 16:21,System,1970-01-09 8:00,1970-01-09 8:55,120,Barbara,,,,,1970-01-09 8:55,Barbara,1970-01-09 10:43,Barbara,,,1970-01-09 18:12,1970-01-09 11:56,1970-01-09 18:12
363,1970-01-04 1:31,Phone,Dian,,,1970-01-04 1:31,1970-01-04 1:37,E,Dian,1970-01-04 1:37,1970-01-04 1:41,Dian,1970-01-04 1:41,System,1970-01-06 9:52,1970-01-06 10:51,240,Cindy,1970-01-07 12:01,Paul,1970-01-07 16:01,Paul,,,,,,,1970-01-07 22:35,1970-01-07 23:07,1970-01-07 23:07
364,1970-01-05 0:47,Phone,Dian,,,1970-01-05 0:47,1970-01-05 0:52,P,Dian,1970-01-05 0:52,1970-01-05 0:56,Dian,1970-01-05 0:56,System,1970-01-06 16:54,1970-01-06 17:28,120,Anne,,,,,1970-01-06 17:28,Anne,1970-01-06 19:40,Anne,,,1970-01-07 0:48,1970-01-07 0:18,1970-01-07 0:48
365,1970-01-07 1:31,Personal,Monica,,,1970-01-07 1:31,1970-01-07 1:36,E,Monica,1970-01-07 1:36,1970-01-07 1:38,Monica,1970-01-07 1:38,System,1970-01-15 15:00,1970-01-15 15:43,220,John,1970-01-18 18:19,Paul,1970-01-18 21:37,Paul,,,,,,,1970-01-19 4:36,1970-01-19 3:55,1970-01-19 4:36
366,1970-01-06 0:12,Phone,Monica,,,1970-01-06 0:12,1970-01-06 0:17,E,Monica,1970-01-06 0:17,1970-01-06 0:20,Monica,1970-01-06 0:20,System,1970-01-14 21:49,1970-01-14 22:20,220,John,1970-01-17 19:27,Edd,1970-01-17 23:07,Edd,,,,,,,1970-01-18 2:20,1970-01-18 6:31,1970-01-18 6:31
367,1970-01-02 3:19,Web,Monica,,,1970-01-02 3:19,1970-01-02 3:22,E,Monica,1970-01-02 3:22,1970-01-02 6:55,Monica,1970-01-02 6:55,System,1970-01-05 2:43,1970-01-05 3:33,220,Paul,1970-01-05 12:10,Paul,1970-01-05 15:50,Paul,,,,,,,1970-01-05 20:38,1970-01-05 22:17,1970-01-05 22:17
368,1970-01-07 13:45,Personal,Monica,,,1970-01-07 13:45,1970-01-07 13:48,E,Monica,1970-01-07 13:48,1970-01-07 13:52,Monica,1970-01-07 13:52,System,1970-01-12 22:45,1970-01-12 23:30,220,Paul,1970-01-13 16:11,Paul,1970-01-13 19:51,Paul,,,,,,,1970-01-13 19:57,1970-01-14 1:22,1970-01-14 1:22
369,1970-01-04 15:10,Web,Dian,,,1970-01-04 15:10,1970-01-04 15:13,B,Dian,1970-01-04 15:13,1970-01-04 21:35,Dian,1970-01-04 21:35,System,1970-01-04 21:35,1970-01-04 21:56,160,Nick,1970-01-04 21:56,Nick,1970-01-05 0:20,Nick,,,,,,,1970-01-05 5:48,1970-01-05 8:20,1970-01-05 8:20
370,1970-01-05 9:26,Web,Monica,,,1970-01-05 9:26,1970-01-05 9:29,E,Monica,1970-01-05 9:29,1970-01-06 3:49,Monica,1970-01-06 3:49,System,1970-01-09 16:37,1970-01-09 17:09,220,Cindy,1970-01-10 10:08,Edd,1970-01-10 14:10,Edd,,,,,,,1970-01-10 15:01,1970-01-10 15:02,1970-01-10 15:02
371,1970-01-02 15:15,Letter,Dian,,,1970-01-02 15:15,1970-01-02 15:22,B,Dian,1970-01-02 15:22,1970-01-02 15:27,Dian,1970-01-02 15:27,System,1970-01-02 15:27,1970-01-02 15:47,160,Ben,1970-01-02 15:47,Eric,1970-01-02 18:11,Eric,,,,,,,1970-01-03 0:18,1970-01-02 23:12,1970-01-03 0:18
372,1970-01-02 1:25,Letter,Monica,,,1970-01-02 1:25,1970-01-02 1:27,E,Monica,1970-01-02 1:27,1970-01-02 1:30,Monica,1970-01-02 1:30,System,1970-01-02 7:05,1970-01-02 7:21,240,John,1970-01-02 16:06,Cindy,1970-01-02 19:42,Cindy,,,,,,,1970-01-02 22:58,1970-01-02 20:54,1970-01-02 22:58
373,1970-01-07 5:33,Letter,Monica,,,1970-01-07 5:33,1970-01-07 5:38,P,Monica,1970-01-07 5:38,1970-01-07 5:40,Monica,1970-01-07 5:40,System,1970-01-13 8:31,1970-01-13 9:01,240,Anne,1970-01-13 9:01,Anne,1970-01-13 13:25,Anne,,,,,1970-01-13 13:25,FixIt,1970-01-13 22:12,1970-01-13 18:31,1970-01-13 22:12
374,1970-01-06 6:56,Personal,Monica,,,1970-01-06 6:56,1970-01-06 6:59,E,Monica,1970-01-06 6:59,1970-01-06 7:01,Monica,1970-01-06 7:01,System,1970-01-13 15:53,1970-01-13 16:11,220,Paul,1970-01-14 18:04,Cindy,1970-01-14 21:22,Cindy,,,,,,,1970-01-15 3:16,1970-01-14 23:40,1970-01-15 3:16
375,1970-01-07 12:20,Web,Dian,1970-01-07 12:20,Dian,,,,,,,,,,,,,,,,,,,,,,,,,,
376,1970-01-01 19:56,Phone,Monica,,,1970-01-01 19:56,1970-01-01 20:00,B,Monica,1970-01-01 20:00,1970-01-01 20:04,Monica,1970-01-01 20:04,System,1970-01-01 20:04,1970-01-01 20:25,160,Ben,1970-01-01 20:25,Ben,1970-01-01 23:37,Ben,,,,,,,1970-01-02 1:47,1970-01-02 0:31,1970-01-02 1:47
377,1970-01-01 21:39,Personal,Dian,,,1970-01-01 21:39,1970-01-01 21:42,P,Dian,1970-01-01 21:42,1970-01-01 21:44,Dian,1970-01-01 21:44,System,1970-01-02 10:32,1970-01-02 11:03,240,Barbara,1970-01-02 12:28,Anne,1970-01-02 16:28,Anne,,,,,,,1970-01-02 17:02,1970-01-03 0:04,1970-01-03 0:04
378,1970-01-07 4:04,Letter,Monica,,,1970-01-07 4:04,1970-01-07 4:09,P,Monica,1970-01-07 4:09,1970-01-07 4:12,Monica,1970-01-07 4:12,System,1970-01-11 21:51,1970-01-11 22:43,360,Anne,,,,,,,,,1970-01-11 22:43,FixIt,1970-01-12 6:12,1970-01-12 13:39,1970-01-12 13:39
379,1970-01-01 19:16,Letter,Dian,,,1970-01-01 19:16,1970-01-01 19:20,P,Dian,1970-01-01 19:20,1970-01-01 21:42,Monica,1970-01-01 21:42,System,1970-01-02 3:16,1970-01-02 4:13,120,Jacky,,,,,1970-01-02 4:13,Jacky,1970-01-02 6:13,Jacky,,,1970-01-02 11:13,1970-01-02 13:01,1970-01-02 13:01
380,1970-01-06 21:09,Personal,Dian,,,1970-01-06 21:09,1970-01-06 21:13,B,Dian,1970-01-06 21:13,1970-01-06 21:15,Dian,1970-01-06 21:15,System,1970-01-06 21:15,1970-01-06 21:31,480,Ben,,,,,,,,,1970-01-06 21:31,DoIt,1970-01-07 6:25,1970-01-07 8:36,1970-01-07 8:36
381,1970-01-04 12:13,Web,Dian,,,1970-01-04 12:13,1970-01-04 12:17,P,Dian,1970-01-04 12:17,1970-01-04 18:15,Monica,1970-01-04 18:15,System,1970-01-06 7:01,1970-01-06 8:00,120,Anne,,,,,1970-01-06 8:00,Anne,1970-01-06 10:00,Anne,,,1970-01-06 17:31,1970-01-06 10:23,1970-01-06 17:31
382,1970-01-02 10:08,Phone,Dian,,,1970-01-02 10:08,1970-01-02 10:17,P,Dian,1970-01-02 10:17,1970-01-02 10:20,Dian,1970-01-02 10:20,System,1970-01-02 19:28,1970-01-02 20:26,120,Barbara,,,,,1970-01-02 20:26,Barbara,1970-01-02 22:38,Barbara,,,1970-01-03 0:56,1970-01-03 6:27,1970-01-03 6:27
383,1970-01-05 4:54,Web,Monica,,,1970-01-05 4:54,1970-01-05 4:57,P,Monica,1970-01-05 4:57,1970-01-05 5:01,Monica,1970-01-05 5:01,System,1970-01-06 12:50,1970-01-06 13:47,120,Anne,,,,,1970-01-06 13:47,Anne,1970-01-06 15:59,Anne,,,1970-01-06 17:08,1970-01-06 20:00,1970-01-06 20:00
384,1970-01-04 18:04,Web,Monica,,,1970-01-04 18:04,1970-01-04 18:07,P,Monica,1970-01-04 18:07,1970-01-04 18:09,Monica,1970-01-04 18:09,System,1970-01-06 8:12,1970-01-06 8:42,120,Barbara,,,,,1970-01-06 8:42,Barbara,1970-01-06 10:42,Barbara,,,1970-01-06 14:32,1970-01-06 10:47,1970-01-06 14:32
385,1970-01-05 6:35,Web,Monica,,,1970-01-05 6:35,1970-01-05 6:38,E,Monica,1970-01-05 6:38,1970-01-05 18:32,Monica,1970-01-05 18:32,System,1970-01-08 17:29,1970-01-08 18:14,220,Paul,1970-01-08 22:57,Paul,1970-01-09 2:37,Paul,,,,,,,1970-01-09 9:59,1970-01-09 8:53,1970-01-09 9:59
386,1970-01-05 14:39,Phone,Dian,,,1970-01-05 14:39,1970-01-05 14:46,E,Dian,1970-01-05 14:46,1970-01-05 14:48,Dian,1970-01-05 14:48,System,1970-01-13 4:30,1970-01-13 5:01,220,Paul,1970-01-15 2:02,Edd,1970-01-15 5:42,Edd,,,,,,,1970-01-15 10:02,1970-01-15 12:49,1970-01-15 12:49
387,1970-01-04 18:40,Letter,Dian,,,1970-01-04 18:40,1970-01-04 18:45,P,Dian,1970-01-04 18:45,1970-01-04 18:49,Dian,1970-01-04 18:49,System,1970-01-10 6:32,1970-01-10 7:30,360,Anne,,,,,,,,,1970-01-10 7:30,FixIt,1970-01-10 18:51,1970-01-10 21:03,1970-01-10 21:03
388,1970-01-03 2:12,Phone,Dian,,,1970-01-03 2:12,1970-01-03 2:19,B,Dian,1970-01-03 2:19,1970-01-03 2:24,Dian,1970-01-03 2:24,System,1970-01-03 2:24,1970-01-03 2:44,60,Lex,,,,,1970-01-03 2:44,Lex,1970-01-03 3:50,Lex,1970-01-03 3:50,FixIt,1970-01-03 7:46,1970-01-03 7:38,1970-01-03 7:46
389,1970-01-04 4:21,Letter,Dian,,,1970-01-04 4:21,1970-01-04 4:31,P,Dian,1970-01-04 4:31,1970-01-04 4:36,Dian,1970-01-04 4:36,System,1970-01-05 3:59,1970-01-05 4:43,120,Anne,,,,,1970-01-05 4:43,Anne,1970-01-05 6:31,Anne,,,1970-01-05 12:20,1970-01-05 11:08,1970-01-05 12:20
390,1970-01-05 9:33,Phone,Dian,,,1970-01-05 9:33,1970-01-05 9:36,E,Dian,1970-01-05 9:36,1970-01-05 9:41,Dian,1970-01-05 9:41,System,1970-01-11 11:43,1970-01-11 11:58,240,Paul,1970-01-13 5:42,Paul,1970-01-13 9:42,Paul,,,,,1970-01-13 9:42,DoIt,1970-01-13 13:43,1970-01-13 14:30,1970-01-13 14:30
391,1970-01-06 8:39,Letter,Monica,,,1970-01-06 8:39,1970-01-06 8:41,E,Monica,1970-01-06 8:41,1970-01-06 15:24,Monica,1970-01-06 15:24,System,1970-01-07 10:26,1970-01-07 10:59,220,Edd,1970-01-07 16:57,John,1970-01-07 20:59,John,,,,,,,1970-01-08 0:21,1970-01-07 23:44,1970-01-08 0:21
392,1970-01-03 9:30,Phone,Monica,1970-01-03 9:30,Monica,,,,,,,,,,,,,,,,,,,,,,,,,,
393,1970-01-04 4:21,Web,Monica,,,1970-01-04 4:21,1970-01-04 4:24,B,Monica,1970-01-04 4:24,1970-01-04 9:32,Monica,1970-01-04 9:32,System,1970-01-04 11:34,1970-01-04 11:52,240,Lex,1970-01-04 12:19,Lex,1970-01-04 15:07,Lex,,,,,,,1970-01-04 22:01,1970-01-04 20:32,1970-01-04 22:01
394,1970-01-02 6:00,Phone,Dian,,,1970-01-02 6:00,1970-01-02 6:02,P,Dian,1970-01-02 6:02,1970-01-02 6:05,Dian,1970-01-02 6:05,System,1970-01-02 10:26,1970-01-02 11:18,120,Anne,,,,,1970-01-02 11:18,Anne,1970-01-02 13:06,Anne,,,1970-01-02 15:53,1970-01-02 13:53,1970-01-02 15:53
395,1970-01-04 17:23,Personal,Dian,,,1970-01-04 17:23,1970-01-04 17:33,P,Dian,1970-01-04 17:33,1970-01-04 17:35,Dian,1970-01-04 17:35,System,1970-01-06 10:42,1970-01-06 11:36,120,Barbara,1970-01-06 13:24,Barbara,1970-01-06 15:36,Barbara,1970-01-06 11:36,Barbara,1970-01-06 13:24,Barbara,,,1970-01-06 21:28,1970-01-06 18:30,1970-01-06 21:28
396,1970-01-05 15:54,Phone,Monica,,,1970-01-05 15:54,1970-01-05 15:58,E,Monica,1970-01-05 15:58,1970-01-05 16:00,Monica,1970-01-05 16:00,System,1970-01-10 7:46,1970-01-10 8:33,220,Cindy,1970-01-19 18:03,Cindy,1970-01-20 1:01,Cindy,,,,,,,1970-01-20 4:48,1970-01-20 7:28,1970-01-20 7:28
397,1970-01-05 3:12,Personal,Monica,1970-01-05 3:12,Monica,,,,,,,,,,,,,,,,,,,,,,,,,,
398,1970-01-04 10:17,Personal,Dian,,,1970-01-04 10:17,1970-01-04 10:19,E,Dian,1970-01-04 10:19,1970-01-04 10:23,Dian,1970-01-04 10:23,System,1970-01-14 13:05,1970-01-14 13:29,240,Cindy,1970-01-19 17:19,Paul,1970-01-19 21:43,Paul,,,,,,,1970-01-19 23:04,1970-01-20 4:40,1970-01-20 4:40
399,1970-01-05 19:11,Phone,Dian,,,1970-01-05 19:11,1970-01-05 19:14,P,Dian,1970-01-05 19:14,1970-01-05 19:18,Dian,1970-01-05 19:18,System,1970-01-12 12:52,1970-01-12 13:25,120,Anne,,,,,1970-01-12 13:25,Anne,1970-01-12 15:13,Anne,,,1970-01-12 22:00,1970-01-12 18:28,1970-01-12 22:00
400,1970-01-07 7:16,Web,Dian,,,1970-01-07 7:16,1970-01-07 7:22,E,Dian,1970-01-07 7:22,1970-01-07 7:27,Dian,1970-01-07 7:27,System,1970-01-13 1:29,1970-01-13 1:44,240,John,1970-01-15 10:36,John,1970-01-15 15:00,John,,,,,,,1970-01-15 16:42,1970-01-15 22:08,1970-01-15 22:08
401,1970-01-05 10:00,Personal,Dian,,,1970-01-05 10:00,1970-01-05 10:08,P,Dian,1970-01-05 10:08,1970-01-05 10:13,Dian,1970-01-05 10:13,System,1970-01-12 9:47,1970-01-12 10:40,120,Anne,,,,,1970-01-12 10:40,Anne,1970-01-12 12:52,Anne,,,1970-01-12 19:39,1970-01-12 17:52,1970-01-12 19:39
402,1970-01-05 5:58,Personal,Dian,,,1970-01-05 5:58,1970-01-05 6:04,P,Dian,1970-01-05 6:04,1970-01-05 6:08,Dian,1970-01-05 6:08,System,1970-01-06 10:21,1970-01-06 11:02,120,Anne,,,,,1970-01-06 11:02,Anne,1970-01-06 12:50,Anne,,,1970-01-06 19:25,1970-01-06 14:00,1970-01-06 19:25
403,1970-01-04 1:43,Personal,Dian,,,1970-01-04 1:43,1970-01-04 1:45,P,Dian,1970-01-04 1:45,1970-01-04 1:50,Dian,1970-01-04 1:50,System,1970-01-13 1:59,1970-01-13 2:38,120,Jacky,,,,,1970-01-13 2:38,Jacky,1970-01-13 4:38,Jacky,,,1970-01-13 5:39,1970-01-13 10:13,1970-01-13 10:13
404,1970-01-06 4:44,Web,Monica,,,1970-01-06 4:44,1970-01-06 4:46,P,Monica,1970-01-06 4:46,1970-01-06 9:12,Monica,1970-01-06 9:12,System,1970-01-07 10:33,1970-01-07 11:11,120,Anne,1970-01-07 13:11,Anne,1970-01-07 15:11,Anne,1970-01-07 11:11,Anne,1970-01-07 13:11,Anne,,,1970-01-07 20:22,1970-01-07 18:12,1970-01-07 20:22
405,1970-01-07 18:35,Web,Dian,1970-01-07 18:35,Dian,,,,,,,,,,,,,,,,,,,,,,,,,,
406,1970-01-06 4:50,Letter,Monica,,,1970-01-06 4:50,1970-01-06 4:54,P,Monica,1970-01-06 4:54,1970-01-06 11:23,Monica,1970-01-06 11:23,System,1970-01-09 20:27,1970-01-09 21:03,120,Barbara,,,,,1970-01-09 21:03,Barbara,1970-01-09 23:03,Barbara,,,1970-01-10 7:03,1970-01-10 5:41,1970-01-10 7:03
407,1970-01-02 9:01,Personal,Dian,,,1970-01-02 9:01,1970-01-02 9:05,E,Dian,1970-01-02 9:05,1970-01-02 9:10,Dian,1970-01-02 9:10,System,1970-01-02 18:08,1970-01-02 18:32,240,John,1970-01-02 23:22,Cindy,1970-01-03 3:46,Cindy,,,,,,,1970-01-03 9:59,1970-01-03 6:50,1970-01-03 9:59
408,1970-01-07 7:33,Personal,Monica,,,1970-01-07 7:33,1970-01-07 7:35,E,Monica,1970-01-07 7:35,1970-01-07 7:39,Monica,1970-01-07 7:39,System,1970-01-08 5:17,1970-01-08 6:03,220,Edd,1970-01-08 6:20,Cindy,1970-01-08 10:22,Cindy,,,,,,,1970-01-08 10:47,1970-01-08 17:44,1970-01-08 17:44
409,1970-01-04 13:53,Web,Dian,,,1970-01-04 13:53,1970-01-04 13:57,E,Dian,1970-01-04 13:57,1970-01-04 16:07,Dian,1970-01-04 16:07,System,1970-01-12 21:32,1970-01-12 22:05,240,Paul,1970-01-14 11:15,John,1970-01-14 15:15,John,,,,,,,1970-01-14 17:49,1970-01-14 21:57,1970-01-14 21:57
410,1970-01-02 11:39,Personal,Monica,,,1970-01-02 11:39,1970-01-02 11:41,P,Monica,1970-01-02 11:41,1970-01-02 11:45,Monica,1970-01-02 11:45,System,1970-01-02 23:28,1970-01-03 0:19,120,Jacky,,,,,1970-01-03 0:19,Jacky,1970-01-03 2:19,Jacky,,,1970-01-03 5:02,1970-01-03 4:20,1970-01-03 5:02
411,1970-01-01 12:07,Phone,Monica,,,1970-01-01 12:07,1970-01-01 12:12,P,Monica,1970-01-01 12:12,1970-01-01 12:15,Monica,1970-01-01 12:15,System,1970-01-01 12:25,1970-01-01 13:15,120,Jacky,,,,,1970-01-01 13:15,Jacky,1970-01-01 15:03,Jacky,,,1970-01-01 16:01,1970-01-01 17:53,1970-01-01 17:53
412,1970-01-02 5:47,Web,Monica,,,1970-01-02 5:47,1970-01-02 5:50,E,Monica,1970-01-02 5:50,1970-01-02 11:07,Monica,1970-01-02 11:07,System,1970-01-03 11:08,1970-01-03 12:08,240,Cindy,1970-01-03 14:27,Edd,1970-01-03 18:27,Edd,,,,,,,1970-01-03 20:54,1970-01-03 22:35,1970-01-03 22:35
413,1970-01-07 23:40,Phone,Monica,,,1970-01-07 23:40,1970-01-07 23:46,E,Monica,1970-01-07 23:46,1970-01-07 23:51,Monica,1970-01-07 23:51,System,1970-01-13 17:14,1970-01-13 17:52,240,Cindy,1970-01-14 2:44,Paul,1970-01-14 7:08,Paul,,,,,,,1970-01-14 12:48,1970-01-14 8:58,1970-01-14 12:48
414,1970-01-05 4:24,Personal,Dian,,,1970-01-05 4:24,1970-01-05 4:29,P,Dian,1970-01-05 4:29,1970-01-05 4:33,Dian,1970-01-05 4:33,System,1970-01-12 18:49,1970-01-12 19:49,120,Anne,,,,,1970-01-12 19:49,Anne,1970-01-12 21:49,Anne,,,1970-01-12 23:24,1970-01-12 21:53,1970-01-12 23:24
415,1970-01-06 13:40,Letter,Monica,,,1970-01-06 13:40,1970-01-06 13:46,P,Monica,1970-01-06 13:46,1970-01-06 14:52,Monica,1970-01-06 14:52,System,1970-01-12 5:11,1970-01-12 6:01,360,Anne,,,,,,,,,1970-01-12 6:01,DoIt,1970-01-12 18:47,1970-01-12 16:45,1970-01-12 18:47
416,1970-01-02 9:54,Personal,Dian,,,1970-01-02 9:54,1970-01-02 10:01,E,Dian,1970-01-02 10:01,1970-01-02 10:04,Dian,1970-01-02 10:04,System,1970-01-08 16:54,1970-01-08 17:45,240,Edd,1970-01-09 12:27,Edd,1970-01-09 16:51,Edd,,,,,,,1970-01-10 0:38,1970-01-09 22:40,1970-01-10 0:38
417,1970-01-04 6:05,Letter,Monica,,,1970-01-04 6:05,1970-01-04 6:08,P,Monica,1970-01-04 6:08,1970-01-04 9:27,Monica,1970-01-04 9:27,System,1970-01-04 14:02,1970-01-04 14:34,240,Anne,1970-01-04 14:34,Anne,1970-01-05 1:14,Barbara,,,,,,,1970-01-05 7:28,1970-01-05 1:25,1970-01-05 7:28
418,1970-01-07 10:19,Letter,Dian,,,1970-01-07 10:19,1970-01-07 10:23,B,Dian,1970-01-07 10:23,1970-01-07 10:28,Dian,1970-01-07 10:28,System,1970-01-07 10:28,1970-01-07 11:13,240,Lex,1970-01-07 11:13,Lex,1970-01-07 14:49,Lex,,,,,,,1970-01-07 17:00,1970-01-07 17:59,1970-01-07 17:59
419,1970-01-06 11:40,Phone,Monica,,,1970-01-06 11:40,1970-01-06 11:46,P,Monica,1970-01-06 11:46,1970-01-06 11:51,Monica,1970-01-06 11:51,System,1970-01-08 0:24,1970-01-08 0:56,120,Anne,,,,,1970-01-08 0:56,Anne,1970-01-08 2:56,Anne,,,1970-01-08 7:56,1970-01-08 9:59,1970-01-08 9:59
420,1970-01-02 4:33,Letter,Monica,,,1970-01-02 4:33,1970-01-02 4:36,E,Monica,1970-01-02 4:36,1970-01-02 4:38,Monica,1970-01-02 4:38,System,1970-01-03 20:35,1970-01-03 20:59,240,Cindy,1970-01-04 7:27,Paul,1970-01-04 11:27,Paul,,,,,,,1970-01-04 12:27,1970-01-04 16:54,1970-01-04 16:54
421,1970-01-02 5:36,Personal,Dian,,,1970-01-02 5:36,1970-01-02 5:46,P,Dian,1970-01-02 5:46,1970-01-02 5:50,Dian,1970-01-02 5:50,System,1970-01-02 7:55,1970-01-02 8:26,120,Anne,,,,,1970-01-02 8:26,Anne,1970-01-02 10:26,Anne,,,1970-01-02 17:35,1970-01-02 17:04,1970-01-02 17:35
422,1970-01-05 6:55,Web,Monica,,,1970-01-05 6:55,1970-01-05 6:57,P,Monica,1970-01-05 6:57,1970-01-05 13:32,Monica,1970-01-05 13:32,System,1970-01-13 4:57,1970-01-13 5:35,120,Barbara,,,,,1970-01-13 5:35,Barbara,1970-01-13 7:23,Barbara,1970-01-13 7:23,DoIt,1970-01-13 16:55,1970-01-13 15:09,1970-01-13 16:55
423,1970-01-02 23:17,Letter,Monica,,,1970-01-02 23:17,1970-01-02 23:21,E,Monica,1970-01-02 23:21,1970-01-02 23:26,Monica,1970-01-02 23:26,System,1970-01-11 10:43,1970-01-11 11:43,240,John,1970-01-11 12:38,Cindy,1970-01-11 16:38,Cindy,,,,,,,1970-01-12 0:11,1970-01-11 23:28,1970-01-12 0:11
424,1970-01-07 11:46,Web,Monica,,,1970-01-07 11:46,1970-01-07 11:48,E,Monica,1970-01-07 11:48,1970-01-07 11:53,Monica,1970-01-07 11:53,System,1970-01-10 12:35,1970-01-10 13:23,240,Cindy,1970-01-12 12:41,John,1970-01-12 17:05,John,,,,,,,1970-01-12 18:57,1970-01-13 0:43,1970-01-13 0:43
425,1970-01-01 22:44,Web,Dian,,,1970-01-01 22:44,1970-01-01 22:49,E,Dian,1970-01-01 22:49,1970-01-02 3:57,Dian,1970-01-02 3:57,System,1970-01-02 6:31,1970-01-02 7:31,240,Edd,1970-01-02 7:31,Cindy,1970-01-02 16:06,Edd,,,,,,,1970-01-02 16:51,1970-01-02 23:54,1970-01-02 23:54
426,1970-01-07 17:14,Letter,Monica,,,1970-01-07 17:14,1970-01-07 17:20,E,Monica,1970-01-07 17:20,1970-01-07 17:22,Monica,1970-01-07 17:22,System,1970-01-09 11:29,1970-01-09 12:24,240,Paul,1970-01-13 0:03,Paul,1970-01-13 3:39,Paul,,,,,,,1970-01-13 9:53,1970-01-13 8:33,1970-01-13 9:53
427,1970-01-02 7:34,Phone,Dian,,,1970-01-02 7:34,1970-01-02 7:38,P,Dian,1970-01-02 7:38,1970-01-02 7:40,Dian,1970-01-02 7:40,System,1970-01-02 13:26,1970-01-02 14:23,120,Jacky,,,,,1970-01-02 14:23,Jacky,1970-01-02 16:23,Jacky,,,1970-01-02 17:15,1970-01-02 21:06,1970-01-02 21:06
428,1970-01-06 11:58,Letter,Dian,,,1970-01-06 11:58,1970-01-06 12:01,P,Dian,1970-01-06 12:01,1970-01-06 12:04,Dian,1970-01-06 12:04,System,1970-01-09 8:04,1970-01-09 8:37,240,Jacky,1970-01-09 9:31,Anne,1970-01-09 13:07,Anne,,,,,,,1970-01-09 20:15,1970-01-09 17:17,1970-01-09 20:15
429,1970-01-08 1:54,Personal,Monica,,,1970-01-08 1:54,1970-01-08 1:56,E,Monica,1970-01-08 1:56,1970-01-08 1:59,Monica,1970-01-08 1:59,System,1970-01-17 2:32,1970-01-17 2:47,240,Edd,1970-01-17 4:35,Cindy,1970-01-17 8:35,Cindy,,,,,,,1970-01-17 15:23,1970-01-17 15:07,1970-01-17 15:23
430,1970-01-02 1:30,Letter,Monica,,,1970-01-02 1:30,1970-01-02 1:34,P,Monica,1970-01-02 1:34,1970-01-02 1:36,Monica,1970-01-02 1:36,System,1970-01-10 15:43,1970-01-10 16:22,120,Anne,,,,,1970-01-10 16:22,Anne,1970-01-10 18:10,Anne,,,1970-01-11 0:20,1970-01-10 20:14,1970-01-11 0:20
431,1970-01-02 11:33,Personal,Dian,,,1970-01-02 11:33,1970-01-02 11:39,E,Dian,1970-01-02 11:39,1970-01-02 11:43,Dian,1970-01-02 11:43,System,1970-01-04 0:05,1970-01-04 0:51,240,Edd,1970-01-05 17:45,Cindy,1970-01-05 21:21,Cindy,,,,,,,1970-01-06 1:06,1970-01-06 4:46,1970-01-06 4:46
432,1970-01-04 2:50,Letter,Dian,,,1970-01-04 2:50,1970-01-04 2:52,E,Dian,1970-01-04 2:52,1970-01-04 15:10,Dian,1970-01-04 15:10,System,1970-01-09 22:50,1970-01-09 23:42,240,Cindy,1970-01-11 8:50,Edd,1970-01-11 12:50,Edd,,,,,,,1970-01-11 19:22,1970-01-11 16:36,1970-01-11 19:22
433,1970-01-03 14:31,Web,Monica,,,1970-01-03 14:31,1970-01-03 14:33,P,Monica,1970-01-03 14:33,1970-01-04 1:38,Monica,1970-01-04 1:38,System,1970-01-04 2:37,1970-01-04 3:34,120,Barbara,,,,,1970-01-04 3:34,Barbara,1970-01-04 5:22,Barbara,,,1970-01-04 7:48,1970-01-04 10:45,1970-01-04 10:45
434,1970-01-05 17:57,Letter,Monica,,,1970-01-05 17:57,1970-01-05 18:00,E,Monica,1970-01-05 18:00,1970-01-05 18:04,Monica,1970-01-05 18:04,System,1970-01-12 0:31,1970-01-12 1:07,240,John,1970-01-15 22:31,Edd,1970-01-16 2:07,Edd,,,,,,,1970-01-16 3:12,1970-01-16 8:03,1970-01-16 8:03
435,1970-01-02 1:50,Web,Dian,,,1970-01-02 1:50,1970-01-02 1:52,E,Dian,1970-01-02 1:52,1970-01-02 1:56,Dian,1970-01-02 1:56,System,1970-01-04 21:00,1970-01-04 21:29,220,Edd,1970-01-05 23:45,Edd,1970-01-06 3:03,Edd,,,,,,,1970-01-06 4:55,1970-01-06 4:20,1970-01-06 4:55
436,1970-01-08 2:53,Personal,Monica,,,1970-01-08 2:53,1970-01-08 2:55,B,Monica,1970-01-08 2:55,1970-01-08 2:57,Monica,1970-01-08 2:57,System,1970-01-08 2:57,1970-01-08 3:13,240,Ben,1970-01-08 3:13,Ben,1970-01-08 6:25,Ben,,,,,,,1970-01-08 8:14,1970-01-08 13:06,1970-01-08 13:06
437,1970-01-06 23:02,Phone,Dian,,,1970-01-06 23:02,1970-01-06 23:10,E,Dian,1970-01-06 23:10,1970-01-06 23:13,Dian,1970-01-06 23:13,System,1970-01-07 3:20,1970-01-07 4:07,220,John,1970-01-11 23:22,Paul,1970-01-12 2:40,Paul,,,,,,,1970-01-12 4:01,1970-01-12 6:08,1970-01-12 6:08
438,1970-01-02 17:13,Letter,Dian,,,1970-01-02 17:13,1970-01-02 17:19,P,Dian,1970-01-02 17:19,1970-01-03 5:36,Monica,1970-01-03 5:36,System,1970-01-05 9:37,1970-01-05 10:12,120,Anne,,,,,1970-01-05 10:12,Anne,1970-01-05 12:12,Anne,,,1970-01-05 19:29,1970-01-05 19:11,1970-01-05 19:29
439,1970-01-04 2:37,Letter,Dian,,,1970-01-04 2:37,1970-01-04 2:46,B,Dian,1970-01-04 2:46,1970-01-04 2:50,Dian,1970-01-04 2:50,System,1970-01-04 2:50,1970-01-04 3:21,240,Nick,1970-01-04 3:21,Ben,1970-01-04 6:33,Ben,,,,,,,1970-01-04 12:55,1970-01-04 13:41,1970-01-04 13:41
440,1970-01-03 23:03,Letter,Monica,,,1970-01-03 23:03,1970-01-03 23:07,P,Monica,1970-01-03 23:07,1970-01-03 23:09,Monica,1970-01-03 23:09,System,1970-01-08 4:31,1970-01-08 5:11,120,Jacky,,,,,1970-01-08 5:11,Jacky,1970-01-08 7:23,Jacky,,,1970-01-08 10:39,1970-01-08 13:19,1970-01-08 13:19
441,1970-01-08 2:18,Web,Monica,,,1970-01-08 2:18,1970-01-08 2:20,E,Monica,1970-01-08 2:20,1970-01-08 10:43,Monica,1970-01-08 10:43,System,1970-01-14 15:12,1970-01-14 15:55,240,Paul,1970-01-14 21:12,Paul,1970-01-15 1:12,Paul,,,,,,,1970-01-15 3:08,1970-01-15 3:16,1970-01-15 3:16
442,1970-01-03 7:46,Phone,Monica,,,1970-01-03 7:46,1970-01-03 7:48,B,Monica,1970-01-03 7:48,1970-01-03 7:50,Monica,1970-01-03 7:50,System,1970-01-03 7:50,1970-01-03 8:09,60,Nick,,,,,1970-01-03 8:09,Nick,1970-01-03 9:15,Nick,,,1970-01-03 14:54,1970-01-03 16:37,1970-01-03 16:37
443,1970-01-06 10:28,Personal,Monica,1970-01-06 10:28,Monica,,,,,,,,,,,,,,,,,,,,,,,,,,
444,1970-01-07 5:49,Web,Dian,,,1970-01-07 5:49,1970-01-07 5:52,E,Dian,1970-01-07 5:52,1970-01-07 5:57,Dian,1970-01-07 5:57,System,1970-01-10 23:50,1970-01-11 0:30,240,Cindy,1970-01-11 13:50,Edd,1970-01-11 18:14,Edd,,,,,,,1970-01-11 19:38,1970-01-12 1:41,1970-01-12 1:41
445,1970-01-03 18:48,Letter,Monica,,,1970-01-03 18:48,1970-01-03 18:51,P,Monica,1970-01-03 18:51,1970-01-03 18:54,Monica,1970-01-03 18:54,System,1970-01-04 11:38,1970-01-04 12:17,120,Anne,,,,,1970-01-04 12:17,Anne,1970-01-04 14:29,Anne,,,1970-01-04 18:38,1970-01-04 17:20,1970-01-04 18:38
446,1970-01-05 4:36,Web,Monica,1970-01-05 4:36,Monica,,,,,,,,,,,,,,,,,,,,,,,,,,
447,1970-01-04 22:19,Phone,Monica,,,1970-01-04 22:19,1970-01-04 22:22,P,Monica,1970-01-04 22:22,1970-01-04 22:27,Monica,1970-01-04 22:27,System,1970-01-13 14:53,1970-01-13 15:36,120,Barbara,,,,,1970-01-13 15:36,Barbara,1970-01-13 17:24,Barbara,,,1970-01-13 22:41,1970-01-13 22:18,1970-01-13 22:41
448,1970-01-03 9:09,Web,Dian,,,1970-01-03 9:09,1970-01-03 9:13,E,Dian,1970-01-03 9:13,1970-01-03 15:52,Monica,1970-01-03 15:52,System,1970-01-05 5:12,1970-01-05 6:06,240,Edd,1970-01-05 11:18,Edd,1970-01-05 15:42,Edd,,,,,,,1970-01-05 16:05,1970-01-05 18:08,1970-01-05 18:08
449,1970-01-03 15:26,Letter,Monica,,,1970-01-03 15:26,1970-01-03 15:30,B,Monica,1970-01-03 15:30,1970-01-03 15:33,Monica,1970-01-03 15:33,System,1970-01-03 15:33,1970-01-03 16:18,240,Ben,1970-01-03 16:18,Ben,1970-01-03 20:18,Ben,,,,,,,1970-01-03 20:48,1970-01-04 1:30,1970-01-04 1:30
450,1970-01-03 9:14,Phone,Monica,,,1970-01-03 9:14,1970-01-03 9:19,P,Monica,1970-01-03 9:19,1970-01-03 9:21,Monica,1970-01-03 9:21,System,1970-01-03 10:45,1970-01-03 11:40,120,Barbara,,,,,1970-01-03 11:40,Barbara,1970-01-03 13:52,Barbara,,,1970-01-03 21:18,1970-01-03 21:48,1970-01-03 21:48
451,1970-01-04 3:55,Personal,Monica,,,1970-01-04 3:55,1970-01-04 3:57,P,Monica,1970-01-04 3:57,1970-01-04 4:02,Monica,1970-01-04 4:02,System,1970-01-12 14:00,1970-01-12 14:55,120,Anne,,,,,1970-01-12 14:55,Anne,1970-01-12 16:55,Anne,,,1970-01-12 18:31,1970-01-12 21:59,1970-01-12 21:59
452,1970-01-01 15:34,Web,Monica,,,1970-01-01 15:34,1970-01-01 15:36,P,Monica,1970-01-01 15:36,1970-01-01 23:00,Monica,1970-01-01 23:00,System,1970-01-02 17:53,1970-01-02 18:52,120,Anne,,,,,1970-01-02 18:52,Anne,1970-01-02 20:40,Anne,,,1970-01-03 0:13,1970-01-02 23:25,1970-01-03 0:13
453,1970-01-05 23:55,Phone,Dian,1970-01-05 23:55,Dian,,,,,,,,,,,,,,,,,,,,,,,,,,
454,1970-01-01 19:58,Letter,Dian,,,1970-01-01 19:58,1970-01-01 20:02,E,Dian,1970-01-01 20:02,1970-01-02 0:47,Monica,1970-01-02 0:47,System,1970-01-02 2:48,1970-01-02 3:40,220,Paul,1970-01-02 19:23,John,1970-01-02 22:41,John,,,,,,,1970-01-03 6:00,1970-01-03 3:42,1970-01-03 6:00
455,1970-01-03 7:32,Phone,Monica,,,1970-01-03 7:32,1970-01-03 7:34,P,Monica,1970-01-03 7:34,1970-01-03 7:39,Monica,1970-01-03 7:39,System,1970-01-10 18:10,1970-01-10 18:48,120,Anne,,,,,1970-01-10 18:48,Anne,1970-01-10 21:00,Anne,,,1970-01-11 0:31,1970-01-11 1:22,1970-01-11 1:22
456,1970-01-07 14:26,Web,Dian,,,1970-01-07 14:26,1970-01-07 14:32,P,Dian,1970-01-07 14:32,1970-01-07 18:01,Monica,1970-01-07 18:01,System,1970-01-07 23:44,1970-01-08 0:41,120,Anne,1970-01-08 2:56,Anne,1970-01-08 4:56,Anne,1970-01-08 0:41,Anne,1970-01-08 2:29,Anne,1970-01-08 4:56,FixIt,1970-01-08 12:24,1970-01-08 10:00,1970-01-08 12:24
457,1970-01-05 4:07,Web,Dian,,,1970-01-05 4:07,1970-01-05 4:10,E,Dian,1970-01-05 4:10,1970-01-05 4:14,Dian,1970-01-05 4:14,System,1970-01-12 21:00,1970-01-12 21:30,240,Edd,1970-01-18 23:03,Cindy,1970-01-19 3:27,Cindy,,,,,,,1970-01-19 4:44,1970-01-19 6:45,1970-01-19 6:45
458,1970-01-07 9:07,Web,Dian,,,1970-01-07 9:07,1970-01-07 9:11,B,Dian,1970-01-07 9:11,1970-01-07 9:15,Dian,1970-01-07 9:15,System,1970-01-07 9:15,1970-01-07 9:44,240,Ben,1970-01-07 9:44,Ben,1970-01-07 13:20,Ben,,,,,1970-01-07 13:20,DoIt,1970-01-07 22:10,1970-01-07 23:03,1970-01-07 23:03
459,1970-01-03 11:46,Web,Dian,,,1970-01-03 11:46,1970-01-03 11:49,E,Dian,1970-01-03 11:49,1970-01-03 11:54,Dian,1970-01-03 11:54,System,1970-01-05 6:06,1970-01-05 6:57,220,Edd,1970-01-05 12:57,Cindy,1970-01-05 16:59,Cindy,,,,,,,1970-01-05 21:37,1970-01-05 22:16,1970-01-05 22:16
460,1970-01-03 8:31,Web,Dian,,,1970-01-03 8:31,1970-01-03 8:33,P,Dian,1970-01-03 8:33,1970-01-03 8:37,Dian,1970-01-03 8:37,System,1970-01-03 14:18,1970-01-03 15:12,240,Anne,1970-01-03 15:12,Anne,1970-01-03 19:36,Anne,,,,,,,1970-01-04 3:24,1970-01-03 23:42,1970-01-04 3:24
461,1970-01-01 13:37,Web,Dian,,,1970-01-01 13:37,1970-01-01 13:39,E,Dian,1970-01-01 13:39,1970-01-01 16:08,Monica,1970-01-01 16:08,System,1970-01-01 20:14,1970-01-01 20:43,220,John,1970-01-01 21:17,Paul,1970-01-02 0:35,Paul,,,,,,,1970-01-02 5:09,1970-01-02 6:11,1970-01-02 6:11
462,1970-01-06 4:58,Phone,Monica,,,1970-01-06 4:58,1970-01-06 5:04,P,Monica,1970-01-06 5:04,1970-01-06 5:07,Monica,1970-01-06 5:07,System,1970-01-10 13:03,1970-01-10 13:57,120,Anne,,,,,1970-01-10 13:57,Anne,1970-01-10 15:45,Anne,,,1970-01-10 17:06,1970-01-10 16:57,1970-01-10 17:06
463,1970-01-02 15:30,Web,Monica,,,1970-01-02 15:30,1970-01-02 15:33,E,Monica,1970-01-02 15:33,1970-01-02 15:37,Monica,1970-01-02 15:37,System,1970-01-02 16:15,1970-01-02 17:01,240,Paul,1970-01-02 18:16,Paul,1970-01-02 22:16,Paul,,,,,,,1970-01-03 2:05,1970-01-03 5:26,1970-01-03 5:26
464,1970-01-04 6:17,Letter,Dian,,,1970-01-04 6:17,1970-01-04 6:24,E,Dian,1970-01-04 6:24,1970-01-04 9:08,Monica,1970-01-04 9:08,System,1970-01-08 4:38,1970-01-08 4:58,240,John,1970-01-08 9:18,Edd,1970-01-08 12:54,Edd,,,,,,,1970-01-08 19:49,1970-01-08 14:53,1970-01-08 19:49
465,1970-01-04 15:36,Letter,Monica,1970-01-04 15:36,Monica,,,,,,,,,,,,,,,,,,,,,,,,,,
466,1970-01-06 17:05,Web,Dian,,,1970-01-06 17:05,1970-01-06 17:11,P,Dian,1970-01-06 17:11,1970-01-06 22:43,Monica,1970-01-06 22:43,System,1970-01-08 17:17,1970-01-08 18:03,120,Anne,,,,,1970-01-08 18:03,Anne,1970-01-08 19:51,Anne,1970-01-08 19:51,DoIt,1970-01-09 3:20,1970-01-09 4:04,1970-01-09 4:04
467,1970-01-06 22:29,Phone,Dian,,,1970-01-06 22:29,1970-01-06 22:34,B,Dian,1970-01-06 22:34,1970-01-06 22:37,Dian,1970-01-06 22:37,System,1970-01-06 22:37,1970-01-06 23:19,480,Ben,,,,,,,,,1970-01-06 23:19,DoIt,1970-01-07 11:14,1970-01-07 10:13,1970-01-07 11:14
468,1970-01-02 11:13,Personal,Dian,,,1970-01-02 11:13,1970-01-02 11:22,P,Dian,1970-01-02 11:22,1970-01-02 11:26,Dian,1970-01-02 11:26,System,1970-01-03 3:29,1970-01-03 4:21,120,Anne,,,,,1970-01-03 4:21,Anne,1970-01-03 6:09,Anne,,,1970-01-03 10:33,1970-01-03 12:37,1970-01-03 12:37
469,1970-01-05 22:05,Web,Monica,,,1970-01-05 22:05,1970-01-05 22:08,P,Monica,1970-01-05 22:08,1970-01-05 22:13,Monica,1970-01-05 22:13,System,1970-01-06 2:41,1970-01-06 3:39,120,Barbara,,,,,1970-01-06 3:39,Barbara,1970-01-06 5:27,Barbara,,,1970-01-06 12:07,1970-01-06 11:30,1970-01-06 12:07
470,1970-01-03 13:03,Web,Dian,,,1970-01-03 13:03,1970-01-03 13:07,P,Dian,1970-01-03 13:07,1970-01-04 11:27,Dian,1970-01-04 11:27,System,1970-01-12 21:49,1970-01-12 22:44,120,Anne,,,,,1970-01-12 22:44,Anne,1970-01-13 0:32,Anne,,,1970-01-13 1:56,1970-01-13 2:40,1970-01-13 2:40
471,1970-01-03 15:56,Letter,Dian,1970-01-03 15:56,Dian,,,,,,,,,,,,,,,,,,,,,,,,,,
472,1970-01-03 20:16,Letter,Monica,,,1970-01-03 20:16,1970-01-03 20:18,P,Monica,1970-01-03 20:18,1970-01-04 2:18,Monica,1970-01-04 2:18,System,1970-01-07 20:41,1970-01-07 21:32,120,Anne,,,,,1970-01-07 21:32,Anne,1970-01-07 23:44,Anne,,,1970-01-08 5:18,1970-01-08 3:12,1970-01-08 5:18
473,1970-01-04 19:40,Letter,Dian,,,1970-01-04 19:40,1970-01-04 19:47,E,Dian,1970-01-04 19:47,1970-01-05 6:25,Dian,1970-01-05 6:25,System,1970-01-07 11:14,1970-01-07 11:29,240,Cindy,1970-01-07 19:53,Cindy,1970-01-08 0:17,Cindy,,,,,,,1970-01-08 7:10,1970-01-08 4:36,1970-01-08 7:10
474,1970-01-04 19:58,Personal,Monica,,,1970-01-04 19:58,1970-01-04 20:02,E,Monica,1970-01-04 20:02,1970-01-04 20:04,Monica,1970-01-04 20:04,System,1970-01-05 4:24,1970-01-05 5:05,240,John,1970-01-05 8:33,Cindy,1970-01-05 12:57,Cindy,,,,,,,1970-01-05 14:47,1970-01-05 20:20,1970-01-05 20:20
475,1970-01-03 3:46,Personal,Monica,,,1970-01-03 3:46,1970-01-03 3:51,P,Monica,1970-01-03 3:51,1970-01-03 3:55,Monica,1970-01-03 3:55,System,1970-01-05 3:54,1970-01-05 4:45,120,Anne,,,,,1970-01-05 4:45,Anne,1970-01-05 6:57,Anne,,,1970-01-05 8:09,1970-01-05 13:51,1970-01-05 13:51
476,1970-01-01 20:04,Web,Dian,,,1970-01-01 20:04,1970-01-01 20:07,P,Dian,1970-01-01 20:07,1970-01-01 20:10,Dian,1970-01-01 20:10,System,1970-01-01 22:47,1970-01-01 23:34,360,Jacky,,,,,,,,,1970-01-01 23:34,DoIt,1970-01-02 13:32,1970-01-02 9:54,1970-01-02 13:32
477,1970-01-08 3:06,Phone,Dian,,,1970-01-08 3:06,1970-01-08 3:14,P,Dian,1970-01-08 3:14,1970-01-08 3:16,Dian,1970-01-08 3:16,System,1970-01-10 4:01,1970-01-10 4:32,120,Anne,,,,,1970-01-10 4:32,Anne,1970-01-10 6:32,Anne,1970-01-10 6:32,FixIt,1970-01-10 16:28,1970-01-10 9:03,1970-01-10 16:28
478,1970-01-06 23:52,Phone,Monica,,,1970-01-06 23:52,1970-01-06 23:55,P,Monica,1970-01-06 23:55,1970-01-06 23:57,Monica,1970-01-06 23:57,System,1970-01-12 10:46,1970-01-12 11:26,120,Barbara,,,,,1970-01-12 11:26,Barbara,1970-01-12 13:14,Barbara,,,1970-01-12 19:06,1970-01-12 15:00,1970-01-12 19:06
479,1970-01-01 23:20,Phone,Dian,,,1970-01-01 23:20,1970-01-01 23:27,E,Dian,1970-01-01 23:27,1970-01-01 23:31,Dian,1970-01-01 23:31,System,1970-01-02 10:43,1970-01-02 11:42,220,Cindy,1970-01-02 12:57,Paul,1970-01-02 16:15,Paul,,,,,,,1970-01-02 17:25,1970-01-02 16:23,1970-01-02 17:25
480,1970-01-06 8:32,Letter,Monica,1970-01-06 8:32,Monica,,,,,,,,,,,,,,,,,,,,,,,,,,
481,1970-01-04 4:44,Phone,Dian,,,1970-01-04 4:44,1970-01-04 4:54,P,Dian,1970-01-04 4:54,1970-01-04 4:56,Dian,1970-01-04 4:56,System,1970-01-11 1:33,1970-01-11 2:04,120,Barbara,,,,,1970-01-11 2:04,Barbara,1970-01-11 4:16,Barbara,,,1970-01-11 11:58,1970-01-11 5:12,1970-01-11 11:58
482,1970-01-04 18:10,Personal,Dian,,,1970-01-04 18:10,1970-01-04 18:16,E,Dian,1970-01-04 18:16,1970-01-04 18:18,Dian,1970-01-04 18:18,System,1970-01-08 4:41,1970-01-08 5:27,240,Cindy,1970-01-17 0:59,Cindy,1970-01-17 4:35,Cindy,,,,,,,1970-01-17 4:44,1970-01-17 12:16,1970-01-17 12:16
483,1970-01-02 4:58,Web,Dian,,,1970-01-02 4:58,1970-01-02 5:00,P,Dian,1970-01-02 5:00,1970-01-02 11:54,Dian,1970-01-02 11:54,System,1970-01-08 18:47,1970-01-08 19:27,120,Anne,,,,,1970-01-08 19:27,Anne,1970-01-08 21:27,Anne,,,1970-01-08 22:33,1970-01-08 23:05,1970-01-08 23:05
484,1970-01-04 14:43,Web,Monica,,,1970-01-04 14:43,1970-01-04 14:45,E,Monica,1970-01-04 14:45,1970-01-04 14:50,Monica,1970-01-04 14:50,System,1970-01-11 13:48,1970-01-11 14:10,220,Paul,1970-01-12 2:45,John,1970-01-12 6:47,John,,,,,1970-01-12 6:47,FixIt,1970-01-12 17:51,1970-01-12 13:10,1970-01-12 17:51
485,1970-01-07 9:51,Letter,Dian,,,1970-01-07 9:51,1970-01-07 10:00,P,Dian,1970-01-07 10:00,1970-01-07 14:21,Dian,1970-01-07 14:21,System,1970-01-08 16:19,1970-01-08 16:59,120,Anne,,,,,1970-01-08 16:59,Anne,1970-01-08 18:47,Anne,,,1970-01-08 22:47,1970-01-09 1:14,1970-01-09 1:14
486,1970-01-04 11:35,Phone,Dian,,,1970-01-04 11:35,1970-01-04 11:45,P,Dian,1970-01-04 11:45,1970-01-04 11:47,Dian,1970-01-04 11:47,System,1970-01-07 4:57,1970-01-07 5:45,120,Barbara,,,,,1970-01-07 5:45,Barbara,1970-01-07 7:45,Barbara,,,1970-01-07 14:50,1970-01-07 12:49,1970-01-07 14:50
487,1970-01-04 12:48,Phone,Dian,,,1970-01-04 12:48,1970-01-04 12:50,P,Dian,1970-01-04 12:50,1970-01-04 12:52,Dian,1970-01-04 12:52,System,1970-01-05 1:14,1970-01-05 1:53,120,Barbara,,,,,1970-01-05 1:53,Barbara,1970-01-05 4:05,Barbara,1970-01-05 4:05,FixIt,1970-01-05 6:58,1970-01-05 11:46,1970-01-05 11:46
488,1970-01-03 9:48,Personal,Monica,,,1970-01-03 9:48,1970-01-03 9:52,P,Monica,1970-01-03 9:52,1970-01-03 9:54,Monica,1970-01-03 9:54,System,1970-01-03 13:52,1970-01-03 14:48,120,Barbara,,,,,1970-01-03 14:48,Barbara,1970-01-03 17:00,Barbara,,,1970-01-03 21:49,1970-01-03 21:52,1970-01-03 21:52
489,1970-01-07 0:09,Phone,Monica,,,1970-01-07 0:09,1970-01-07 0:15,P,Monica,1970-01-07 0:15,1970-01-07 0:17,Monica,1970-01-07 0:17,System,1970-01-13 12:45,1970-01-13 13:30,120,Anne,,,,,1970-01-13 13:30,Anne,1970-01-13 15:18,Anne,,,1970-01-13 18:53,1970-01-13 22:33,1970-01-13 22:33
490,1970-01-02 5:55,Web,Monica,,,1970-01-02 5:55,1970-01-02 5:58,P,Monica,1970-01-02 5:58,1970-01-02 6:02,Monica,1970-01-02 6:02,System,1970-01-03 6:21,1970-01-03 7:09,360,Barbara,,,,,,,,,1970-01-03 7:09,FixIt,1970-01-03 16:54,1970-01-03 19:56,1970-01-03 19:56
491,1970-01-02 2:57,Web,Dian,,,1970-01-02 2:57,1970-01-02 2:59,P,Dian,1970-01-02 2:59,1970-01-02 3:02,Dian,1970-01-02 3:02,System,1970-01-02 13:46,1970-01-02 14:40,120,Barbara,,,,,1970-01-02 14:40,Barbara,1970-01-02 16:28,Barbara,,,1970-01-02 17:14,1970-01-02 22:11,1970-01-02 22:11
492,1970-01-06 2:08,Web,Monica,,,1970-01-06 2:08,1970-01-06 2:10,P,Monica,1970-01-06 2:10,1970-01-06 2:12,Monica,1970-01-06 2:12,System,1970-01-09 15:07,1970-01-09 15:43,120,Barbara,,,,,1970-01-09 15:43,Barbara,1970-01-09 17:31,Barbara,,,1970-01-09 20:42,1970-01-09 22:43,1970-01-09 22:43
493,1970-01-08 6:45,Letter,Dian,,,1970-01-08 6:45,1970-01-08 6:54,P,Dian,1970-01-08 6:54,1970-01-08 8:14,Monica,1970-01-08 8:14,System,1970-01-11 7:09,1970-01-11 8:05,120,Jacky,1970-01-11 11:07,Jacky,1970-01-11 13:07,Jacky,1970-01-11 8:05,Jacky,1970-01-11 10:17,Jacky,,,1970-01-11 21:02,1970-01-11 19:57,1970-01-11 21:02
494,1970-01-02 22:18,Phone,Dian,,,1970-01-02 22:18,1970-01-02 22:26,B,Dian,1970-01-02 22:26,1970-01-02 22:30,Dian,1970-01-02 22:30,System,1970-01-02 22:30,1970-01-02 22:47,480,Eric,,,,,,,,,1970-01-02 22:47,DoIt,1970-01-03 10:02,1970-01-03 7:29,1970-01-03 10:02
495,1970-01-03 1:51,Phone,Monica,,,1970-01-03 1:51,1970-01-03 1:53,P,Monica,1970-01-03 1:53,1970-01-03 1:55,Monica,1970-01-03 1:55,System,1970-01-05 17:54,1970-01-05 18:42,240,Anne,1970-01-05 18:42,Anne,1970-01-05 22:42,Anne,,,,,,,1970-01-05 23:22,1970-01-06 4:52,1970-01-06 4:52
496,1970-01-03 12:28,Phone,Dian,,,1970-01-03 12:28,1970-01-03 12:38,P,Dian,1970-01-03 12:38,1970-01-03 12:40,Dian,1970-01-03 12:40,System,1970-01-07 15:11,1970-01-07 15:54,120,Anne,,,,,1970-01-07 15:54,Anne,1970-01-07 17:42,Anne,,,1970-01-07 19:30,1970-01-07 21:08,1970-01-07 21:08
497,1970-01-02 13:16,Letter,Monica,,,1970-01-02 13:16,1970-01-02 13:19,E,Monica,1970-01-02 13:19,1970-01-02 17:58,Monica,1970-01-02 17:58,System,1970-01-11 18:14,1970-01-11 18:34,240,Edd,1970-01-15 3:58,Cindy,1970-01-15 7:58,Cindy,,,,,,,1970-01-15 15:24,1970-01-15 8:13,1970-01-15 15:24
498,1970-01-06 23:53,Letter,Dian,,,1970-01-06 23:53,1970-01-06 23:59,E,Dian,1970-01-06 23:59,1970-01-07 4:14,Monica,1970-01-07 4:14,System,1970-01-14 20:10,1970-01-14 20:56,240,John,1970-01-16 10:16,Paul,1970-01-16 14:40,Paul,,,,,,,1970-01-16 21:48,1970-01-16 17:24,1970-01-16 21:48
499,1970-01-07 0:16,Letter,Dian,1970-01-07 0:16,Dian,,,,,,,,,,,,,,,,,,,,,,,,,,
500,1970-01-07 14:07,Phone,Dian,,,1970-01-07 14:07,1970-01-07 14:17,E,Dian,1970-01-07 14:17,1970-01-07 14:21,Dian,1970-01-07 14:21,System,1970-01-11 12:51,1970-01-11 13:48,220,Paul,1970-01-14 23:35,Cindy,1970-01-15 3:15,Cindy,,,,,,,1970-01-15 9:45,1970-01-15 7:02,1970-01-15 9:45
501,1970-01-06 17:10,Personal,Monica,,,1970-01-06 17:10,1970-01-06 17:16,P,Monica,1970-01-06 17:16,1970-01-06 17:19,Monica,1970-01-06 17:19,System,1970-01-09 1:49,1970-01-09 2:32,120,Jacky,,,,,1970-01-09 2:32,Jacky,1970-01-09 4:32,Jacky,1970-01-09 4:32,DoIt,1970-01-09 13:18,1970-01-09 8:43,1970-01-09 13:18
502,1970-01-01 10:11,Personal,Monica,,,1970-01-01 10:11,1970-01-01 10:14,P,Monica,1970-01-01 10:14,1970-01-01 10:18,Monica,1970-01-01 10:18,System,1970-01-01 10:18,1970-01-01 10:59,120,Anne,,,,,1970-01-01 10:59,Anne,1970-01-01 12:59,Anne,,,1970-01-01 14:49,1970-01-01 18:42,1970-01-01 18:42
503,1970-01-04 11:37,Letter,Monica,,,1970-01-04 11:37,1970-01-04 11:40,E,Monica,1970-01-04 11:40,1970-01-04 13:04,Monica,1970-01-04 13:04,System,1970-01-08 5:30,1970-01-08 5:57,220,John,1970-01-10 21:29,Paul,1970-01-11 0:47,Paul,,,,,,,1970-01-11 1:41,1970-01-11 4:02,1970-01-11 4:02
504,1970-01-07 4:51,Personal,Monica,,,1970-01-07 4:51,1970-01-07 4:57,E,Monica,1970-01-07 4:57,1970-01-07 5:00,Monica,1970-01-07 5:00,System,1970-01-07 20:59,1970-01-07 21:50,240,John,1970-01-07 23:14,John,1970-01-08 3:38,John,,,,,,,1970-01-08 4:20,1970-01-08 8:30,1970-01-08 8:30
505,1970-01-07 15:04,Web,Monica,,,1970-01-07 15:04,1970-01-07 15:07,B,Monica,1970-01-07 15:07,1970-01-07 15:09,Monica,1970-01-07 15:09,System,1970-01-07 15:09,1970-01-07 15:25,240,Ben,1970-01-07 15:25,Ben,1970-01-07 20:13,Ben,,,,,,,1970-01-07 21:31,1970-01-08 1:56,1970-01-08 1:56
506,1970-01-04 19:21,Letter,Monica,,,1970-01-04 19:21,1970-01-04 19:27,B,Monica,1970-01-04 19:27,1970-01-05 0:49,Monica,1970-01-05 0:49,System,1970-01-05 0:49,1970-01-05 1:15,240,Nick,1970-01-05 1:15,Eric,1970-01-05 6:03,Eric,,,,,,,1970-01-05 12:15,1970-01-05 9:31,1970-01-05 12:15
507,1970-01-01 16:33,Web,Dian,,,1970-01-01 16:33,1970-01-01 16:39,P,Dian,1970-01-01 16:39,1970-01-01 16:43,Dian,1970-01-01 16:43,System,1970-01-01 17:52,1970-01-01 18:35,120,Jacky,,,,,1970-01-01 18:35,Jacky,1970-01-01 20:47,Jacky,,,1970-01-01 22:05,1970-01-02 2:36,1970-01-02 2:36
508,1970-01-02 20:33,Web,Dian,,,1970-01-02 20:33,1970-01-02 20:38,E,Dian,1970-01-02 20:38,1970-01-02 20:41,Dian,1970-01-02 20:41,System,1970-01-03 22:40,1970-01-03 23:25,240,John,1970-01-04 2:14,Paul,1970-01-04 6:38,Paul,,,,,,,1970-01-04 8:03,1970-01-04 11:08,1970-01-04 11:08
509,1970-01-07 15:25,Web,Monica,,,1970-01-07 15:25,1970-01-07 15:27,P,Monica,1970-01-07 15:27,1970-01-08 3:50,Monica,1970-01-08 3:50,System,1970-01-10 1:50,1970-01-10 2:49,120,Barbara,,,,,1970-01-10 2:49,Barbara,1970-01-10 4:37,Barbara,,,1970-01-10 7:47,1970-01-10 10:53,1970-01-10 10:53
510,1970-01-02 9:30,Web,Monica,,,1970-01-02 9:30,1970-01-02 9:34,E,Monica,1970-01-02 9:34,1970-01-02 9:37,Monica,1970-01-02 9:37,System,1970-01-02 12:29,1970-01-02 12:57,220,Paul,1970-01-02 19:42,Cindy,1970-01-03 10:01,John,,,,,,,1970-01-03 12:39,1970-01-03 14:38,1970-01-03 14:38
511,1970-01-03 23:27,Phone,Monica,,,1970-01-03 23:27,1970-01-03 23:32,E,Monica,1970-01-03 23:32,1970-01-03 23:35,Monica,1970-01-03 23:35,System,1970-01-14 1:09,1970-01-14 2:07,240,John,1970-01-15 3:17,Paul,1970-01-15 6:53,Paul,,,,,,,1970-01-15 10:04,1970-01-15 9:49,1970-01-15 10:04
512,1970-01-07 7:01,Personal,Monica,,,1970-01-07 7:01,1970-01-07 7:06,P,Monica,1970-01-07 7:06,1970-01-07 7:10,Monica,1970-01-07 7:10,System,1970-01-10 20:30,1970-01-10 21:08,120,Anne,1970-01-10 23:21,Barbara,1970-01-11 4:14,Jacky,1970-01-10 21:08,Anne,1970-01-10 23:20,Anne,,,1970-01-11 11:50,1970-01-11 9:01,1970-01-11 11:50
513,1970-01-02 8:52,Phone,Dian,,,1970-01-02 8:52,1970-01-02 8:56,P,Dian,1970-01-02 8:56,1970-01-02 8:59,Dian,1970-01-02 8:59,System,1970-01-02 11:03,1970-01-02 11:46,120,Barbara,,,,,1970-01-02 11:46,Barbara,1970-01-02 13:46,Barbara,,,1970-01-02 17:39,1970-01-02 16:53,1970-01-02 17:39
514,1970-01-07 1:30,Letter,Monica,1970-01-07 1:30,Monica,,,,,,,,,,,,,,,,,,,,,,,,,,
515,1970-01-06 23:19,Web,Dian,,,1970-01-06 23:19,1970-01-06 23:23,P,Dian,1970-01-06 23:23,1970-01-07 3:16,Dian,1970-01-07 3:16,System,1970-01-07 7:43,1970-01-07 8:34,120,Anne,,,,,1970-01-07 8:34,Anne,1970-01-07 10:34,Anne,,,1970-01-07 17:33,1970-01-07 13:49,1970-01-07 17:33
516,1970-01-03 12:40,Phone,Dian,,,1970-01-03 12:40,1970-01-03 12:49,E,Dian,1970-01-03 12:49,1970-01-03 12:51,Dian,1970-01-03 12:51,System,1970-01-11 6:11,1970-01-11 7:09,240,Edd,1970-01-11 15:45,John,1970-01-11 20:09,John,,,,,,,1970-01-11 21:54,1970-01-11 20:28,1970-01-11 21:54
517,1970-01-07 1:25,Letter,Monica,,,1970-01-07 1:25,1970-01-07 1:28,P,Monica,1970-01-07 1:28,1970-01-07 1:30,Monica,1970-01-07 1:30,System,1970-01-08 7:36,1970-01-08 8:30,120,Anne,,,,,1970-01-08 8:30,Anne,1970-01-08 10:30,Anne,,,1970-01-08 11:36,1970-01-08 17:50,1970-01-08 17:50
518,1970-01-07 21:29,Phone,Dian,,,1970-01-07 21:29,1970-01-07 21:32,P,Dian,1970-01-07 21:32,1970-01-07 21:34,Dian,1970-01-07 21:34,System,1970-01-09 19:33,1970-01-09 20:28,120,Anne,,,,,1970-01-09 20:28,Anne,1970-01-09 22:16,Anne,,,1970-01-09 23:40,1970-01-10 2:32,1970-01-10 2:32
519,1970-01-03 22:58,Letter,Dian,,,1970-01-03 22:58,1970-01-03 23:08,E,Dian,1970-01-03 23:08,1970-01-03 23:11,Dian,1970-01-03 23:11,System,1970-01-05 19:49,1970-01-05 20:37,220,John,1970-01-06 10:19,John,1970-01-06 13:59,John,,,,,1970-01-06 13:59,FixIt,1970-01-07 1:30,1970-01-06 21:03,1970-01-07 1:30
520,1970-01-08 1:48,Phone,Dian,,,1970-01-08 1:48,1970-01-08 1:54,P,Dian,1970-01-08 1:54,1970-01-08 1:56,Dian,1970-01-08 1:56,System,1970-01-13 12:46,1970-01-13 13:37,120,Jacky,,,,,1970-01-13 13:37,Jacky,1970-01-13 15:37,Jacky,,,1970-01-13 16:48,1970-01-13 16:32,1970-01-13 16:48
521,1970-01-02 20:22,Letter,Dian,,,1970-01-02 20:22,1970-01-02 20:30,E,Dian,1970-01-02 20:30,1970-01-02 22:43,Dian,1970-01-02 22:43,System,1970-01-16 14:23,1970-01-16 15:12,220,Edd,1970-01-19 10:43,Cindy,1970-01-19 14:23,Cindy,,,,,,,1970-01-19 22:03,1970-01-19 17:40,1970-01-19 22:03
522,1970-01-02 17:06,Personal,Monica,,,1970-01-02 17:06,1970-01-02 17:10,P,Monica,1970-01-02 17:10,1970-01-02 17:12,Monica,1970-01-02 17:12,System,1970-01-03 0:37,1970-01-03 1:17,120,Anne,,,,,1970-01-03 1:17,Anne,1970-01-03 3:29,Anne,,,1970-01-03 9:08,1970-01-03 5:16,1970-01-03 9:08
523,1970-01-03 18:53,Phone,Dian,,,1970-01-03 18:53,1970-01-03 19:01,E,Dian,1970-01-03 19:01,1970-01-03 19:05,Dian,1970-01-03 19:05,System,1970-01-09 16:11,1970-01-09 16:47,240,John,1970-01-09 18:07,Paul,1970-01-09 22:07,Paul,,,,,,,1970-01-09 22:32,1970-01-10 3:43,1970-01-10 3:43
524,1970-01-07 10:14,Web,Dian,,,1970-01-07 10:14,1970-01-07 10:17,E,Dian,1970-01-07 10:17,1970-01-07 10:19,Dian,1970-01-07 10:19,System,1970-01-14 23:08,1970-01-14 23:35,240,Cindy,1970-01-15 13:47,Paul,1970-01-15 18:11,Paul,,,,,,,1970-01-15 19:29,1970-01-15 20:38,1970-01-15 20:38
525,1970-01-02 12:23,Letter,Dian,,,1970-01-02 12:23,1970-01-02 12:27,E,Dian,1970-01-02 12:27,1970-01-02 20:30,Monica,1970-01-02 20:30,System,1970-01-12 11:23,1970-01-12 11:45,240,John,1970-01-15 15:43,John,1970-01-15 20:07,John,,,,,,,1970-01-16 3:35,1970-01-15 22:14,1970-01-16 3:35
526,1970-01-06 5:44,Personal,Monica,,,1970-01-06 5:44,1970-01-06 5:48,P,Monica,1970-01-06 5:48,1970-01-06 5:53,Monica,1970-01-06 5:53,System,1970-01-08 21:27,1970-01-08 21:58,120,Anne,,,,,1970-01-08 21:58,Anne,1970-01-09 0:10,Anne,,,1970-01-09 5:19,1970-01-09 4:58,1970-01-09 5:19
527,1970-01-01 18:59,Letter,Monica,,,1970-01-01 18:59,1970-01-01 19:02,P,Monica,1970-01-01 19:02,1970-01-02 1:00,Monica,1970-01-02 1:00,System,1970-01-02 6:42,1970-01-02 7:33,120,Anne,,,,,1970-01-02 7:33,Anne,1970-01-02 9:21,Anne,,,1970-01-02 12:05,1970-01-02 16:16,1970-01-02 16:16
528,1970-01-01 13:48,Phone,Monica,,,1970-01-01 13:48,1970-01-01 13:52,E,Monica,1970-01-01 13:52,1970-01-01 13:57,Monica,1970-01-01 13:57,System,1970-01-02 2:13,1970-01-02 3:03,240,John,1970-01-02 6:43,Cindy,1970-01-02 10:43,Cindy,,,,,,,1970-01-02 17:47,1970-01-02 17:43,1970-01-02 17:47
529,1970-01-03 5:38,Personal,Dian,,,1970-01-03 5:38,1970-01-03 5:40,E,Dian,1970-01-03 5:40,1970-01-03 5:43,Dian,1970-01-03 5:43,System,1970-01-07 5:22,1970-01-07 6:05,240,Cindy,1970-01-08 0:17,Cindy,1970-01-08 15:41,Cindy,,,,,,,1970-01-08 19:01,1970-01-08 19:21,1970-01-08 19:21
530,1970-01-07 4:58,Letter,Dian,,,1970-01-07 4:58,1970-01-07 5:08,E,Dian,1970-01-07 5:08,1970-01-07 10:34,Monica,1970-01-07 10:34,System,1970-01-13 11:01,1970-01-13 11:21,220,John,1970-01-13 14:58,Edd,1970-01-13 18:16,Edd,,,,,,,1970-01-14 1:10,1970-01-13 19:03,1970-01-14 1:10
531,1970-01-07 1:17,Personal,Dian,1970-01-07 1:17,Dian,,,,,,,,,,,,,,,,,,,,,,,,,,
532,1970-01-01 22:42,Web,Monica,,,1970-01-01 22:42,1970-01-01 22:45,P,Monica,1970-01-01 22:45,1970-01-02 3:16,Monica,1970-01-02 3:16,System,1970-01-03 4:51,1970-01-03 5:34,120,Jacky,,,,,1970-01-03 5:34,Jacky,1970-01-03 7:34,Jacky,,,1970-01-03 13:14,1970-01-03 15:10,1970-01-03 15:10
533,1970-01-04 17:56,Phone,Monica,,,1970-01-04 17:56,1970-01-04 17:58,P,Monica,1970-01-04 17:58,1970-01-04 18:03,Monica,1970-01-04 18:03,System,1970-01-08 11:56,1970-01-08 12:53,120,Jacky,,,,,1970-01-08 12:53,Jacky,1970-01-08 14:53,Jacky,,,1970-01-08 22:14,1970-01-08 18:05,1970-01-08 22:14
534,1970-01-03 5:55,Web,Dian,,,1970-01-03 5:55,1970-01-03 6:01,P,Dian,1970-01-03 6:01,1970-01-03 12:36,Monica,1970-01-03 12:36,System,1970-01-04 10:07,1970-01-04 10:47,360,Barbara,,,,,,,,,1970-01-04 10:47,DoIt,1970-01-05 0:07,1970-01-05 1:07,1970-01-05 1:07
535,1970-01-02 13:59,Personal,Monica,,,1970-01-02 13:59,1970-01-02 14:01,P,Monica,1970-01-02 14:01,1970-01-02 14:04,Monica,1970-01-02 14:04,System,1970-01-12 10:48,1970-01-12 11:48,120,Anne,,,,,1970-01-12 11:48,Anne,1970-01-12 14:00,Anne,,,1970-01-12 19:04,1970-01-12 14:15,1970-01-12 19:04
536,1970-01-04 8:49,Phone,Monica,,,1970-01-04 8:49,1970-01-04 8:52,P,Monica,1970-01-04 8:52,1970-01-04 8:54,Monica,1970-01-04 8:54,System,1970-01-04 11:09,1970-01-04 11:51,120,Jacky,,,,,1970-01-04 11:51,Jacky,1970-01-04 14:03,Jacky,,,1970-01-04 16:01,1970-01-04 17:23,1970-01-04 17:23
537,1970-01-08 4:00,Letter,Dian,,,1970-01-08 4:00,1970-01-08 4:03,B,Dian,1970-01-08 4:03,1970-01-08 4:06,Dian,1970-01-08 4:06,System,1970-01-08 4:06,1970-01-08 4:39,160,Eric,1970-01-08 4:39,Eric,1970-01-08 7:51,Eric,,,,,,,1970-01-08 10:38,1970-01-08 15:31,1970-01-08 15:31
538,1970-01-04 3:21,Phone,Dian,,,1970-01-04 3:21,1970-01-04 3:27,P,Dian,1970-01-04 3:27,1970-01-04 3:32,Dian,1970-01-04 3:32,System,1970-01-04 3:36,1970-01-04 4:09,120,Anne,1970-01-04 8:07,Barbara,1970-01-04 10:07,Barbara,1970-01-04 4:09,Anne,1970-01-04 6:09,Anne,,,1970-01-04 17:14,1970-01-04 11:21,1970-01-04 17:14
539,1970-01-06 1:16,Web,Dian,,,1970-01-06 1:16,1970-01-06 1:22,E,Dian,1970-01-06 1:22,1970-01-06 4:23,Dian,1970-01-06 4:23,System,1970-01-14 10:45,1970-01-14 11:15,220,John,1970-01-18 15:01,Paul,1970-01-18 18:19,Paul,,,,,,,1970-01-18 22:43,1970-01-18 21:11,1970-01-18 22:43
540,1970-01-01 11:05,Web,Monica,,,1970-01-01 11:05,1970-01-01 11:07,E,Monica,1970-01-01 11:07,1970-01-01 15:10,Monica,1970-01-01 15:10,System,1970-01-01 16:12,1970-01-01 16:56,240,John,1970-01-01 17:46,Cindy,1970-01-01 22:10,Cindy,,,,,,,1970-01-02 4:59,1970-01-01 23:08,1970-01-02 4:59
541,1970-01-08 3:27,Phone,Monica,,,1970-01-08 3:27,1970-01-08 3:33,E,Monica,1970-01-08 3:33,1970-01-08 3:38,Monica,1970-01-08 3:38,System,1970-01-12 2:07,1970-01-12 2:45,240,John,1970-01-12 7:04,Paul,1970-01-12 11:28,Paul,,,,,,,1970-01-12 14:53,1970-01-12 19:19,1970-01-12 19:19
542,1970-01-02 16:33,Web,Monica,,,1970-01-02 16:33,1970-01-02 16:37,P,Monica,1970-01-02 16:37,1970-01-02 16:40,Monica,1970-01-02 16:40,System,1970-01-05 9:04,1970-01-05 9:58,120,Jacky,1970-01-05 12:56,Barbara,1970-01-05 14:44,Barbara,1970-01-05 9:58,Jacky,1970-01-05 12:10,Jacky,,,1970-01-05 18:04,1970-01-05 18:07,1970-01-05 18:07
543,1970-01-04 20:24,Letter,Monica,,,1970-01-04 20:24,1970-01-04 20:26,B,Monica,1970-01-04 20:26,1970-01-05 1:52,Monica,1970-01-05 1:52,System,1970-01-05 1:52,1970-01-05 2:23,480,Nick,,,,,,,,,1970-01-05 2:23,DoIt,1970-01-05 12:10,1970-01-05 18:01,1970-01-05 18:01
544,1970-01-05 0:02,Personal,Monica,,,1970-01-05 0:02,1970-01-05 0:04,P,Monica,1970-01-05 0:04,1970-01-05 0:09,Monica,1970-01-05 0:09,System,1970-01-05 15:40,1970-01-05 16:12,120,Jacky,,,,,1970-01-05 16:12,Jacky,1970-01-05 18:00,Jacky,,,1970-01-05 21:58,1970-01-05 20:49,1970-01-05 21:58
545,1970-01-06 22:24,Web,Dian,,,1970-01-06 22:24,1970-01-06 22:27,P,Dian,1970-01-06 22:27,1970-01-07 5:59,Dian,1970-01-07 5:59,System,1970-01-14 4:41,1970-01-14 5:16,120,Anne,,,,,1970-01-14 5:16,Anne,1970-01-14 7:28,Anne,,,1970-01-14 8:07,1970-01-14 9:32,1970-01-14 9:32
546,1970-01-03 6:20,Letter,Dian,,,1970-01-03 6:20,1970-01-03 6:25,P,Dian,1970-01-03 6:25,1970-01-03 15:04,Dian,1970-01-03 15:04,System,1970-01-10 13:17,1970-01-10 13:51,120,Jacky,,,,,1970-01-10 13:51,Jacky,1970-01-10 15:51,Jacky,,,1970-01-10 16:14,1970-01-10 23:23,1970-01-10 23:23
547,1970-01-01 17:55,Phone,Dian,,,1970-01-01 17:55,1970-01-01 17:59,E,Dian,1970-01-01 17:59,1970-01-01 18:03,Dian,1970-01-01 18:03,System,1970-01-02 23:13,1970-01-02 23:39,240,Edd,1970-01-03 12:08,Cindy,1970-01-03 15:44,Cindy,,,,,,,1970-01-03 19:51,1970-01-03 18:26,1970-01-03 19:51
548,1970-01-04 8:11,Phone,Dian,,,1970-01-04 8:11,1970-01-04 8:19,P,Dian,1970-01-04 8:19,1970-01-04 8:22,Dian,1970-01-04 8:22,System,1970-01-05 20:50,1970-01-05 21:43,120,Barbara,,,,,1970-01-05 21:43,Barbara,1970-01-05 23:31,Barbara,,,1970-01-06 0:38,1970-01-06 3:53,1970-01-06 3:53
549,1970-01-04 17:47,Letter,Monica,,,1970-01-04 17:47,1970-01-04 17:53,P,Monica,1970-01-04 17:53,1970-01-04 17:56,Monica,1970-01-04 17:56,System,1970-01-13 5:47,1970-01-13 6:43,120,Anne,,,,,1970-01-13 6:43,Anne,1970-01-13 8:31,Anne,,,1970-01-13 12:36,1970-01-13 11:27,1970-01-13 12:36
550,1970-01-04 21:09,Web,Dian,,,1970-01-04 21:09,1970-01-04 21:13,E,Dian,1970-01-04 21:13,1970-01-04 21:15,Dian,1970-01-04 21:15,System,1970-01-16 6:16,1970-01-16 6:31,220,Cindy,1970-01-16 23:06,Edd,1970-01-18 7:33,Paul,,,,,,,1970-01-18 10:29,1970-01-18 10:01,1970-01-18 10:29
551,1970-01-04 6:10,Web,Dian,,,1970-01-04 6:10,1970-01-04 6:14,P,Dian,1970-01-04 6:14,1970-01-04 7:25,Monica,1970-01-04 7:25,System,1970-01-10 7:10,1970-01-10 7:59,120,Jacky,,,,,1970-01-10 7:59,Jacky,1970-01-10 10:11,Jacky,,,1970-01-10 18:00,1970-01-10 14:41,1970-01-10 18:00
552,1970-01-06 4:20,Phone,Monica,,,1970-01-06 4:20,1970-01-06 4:25,B,Monica,1970-01-06 4:25,1970-01-06 4:29,Monica,1970-01-06 4:29,System,1970-01-06 4:29,1970-01-06 4:48,240,Ben,1970-01-06 4:48,Lex,1970-01-06 11:36,Lex,,,,,,,1970-01-06 13:58,1970-01-06 17:09,1970-01-06 17:09
553,1970-01-05 22:46,Phone,Monica,,,1970-01-05 22:46,1970-01-05 22:48,E,Monica,1970-01-05 22:48,1970-01-05 22:50,Monica,1970-01-05 22:50,System,1970-01-13 18:41,1970-01-13 19:15,240,Cindy,1970-01-14 6:07,John,1970-01-14 10:07,John,,,,,,,1970-01-14 10:45,1970-01-14 14:02,1970-01-14 14:02
554,1970-01-02 21:00,Phone,Monica,,,1970-01-02 21:00,1970-01-02 21:06,P,Monica,1970-01-02 21:06,1970-01-02 21:09,Monica,1970-01-02 21:09,System,1970-01-07 5:59,1970-01-07 6:43,120,Anne,,,,,1970-01-07 6:43,Anne,1970-01-07 8:43,Anne,,,1970-01-07 13:29,1970-01-07 14:07,1970-01-07 14:07
555,1970-01-05 10:33,Phone,Monica,,,1970-01-05 10:33,1970-01-05 10:35,P,Monica,1970-01-05 10:35,1970-01-05 10:37,Monica,1970-01-05 10:37,System,1970-01-12 16:55,1970-01-12 17:45,120,Anne,,,,,1970-01-12 17:45,Anne,1970-01-12 19:33,Anne,1970-01-12 19:33,FixIt,1970-01-13 3:29,1970-01-12 23:22,1970-01-13 3:29
556,1970-01-01 9:18,Web,Monica,,,1970-01-01 9:18,1970-01-01 9:21,E,Monica,1970-01-01 9:21,1970-01-01 9:24,Monica,1970-01-01 9:24,System,1970-01-01 9:24,1970-01-01 10:00,240,Cindy,1970-01-01 10:00,Paul,1970-01-01 13:36,Paul,,,,,,,1970-01-01 19:08,1970-01-01 18:39,1970-01-01 19:08
557,1970-01-05 22:32,Web,Monica,,,1970-01-05 22:32,1970-01-05 22:34,P,Monica,1970-01-05 22:34,1970-01-06 11:58,Monica,1970-01-06 11:58,System,1970-01-07 3:16,1970-01-07 4:11,120,Anne,1970-01-07 7:05,Jacky,1970-01-07 9:17,Jacky,1970-01-07 4:11,Anne,1970-01-07 5:59,Anne,,,1970-01-07 10:07,1970-01-07 13:28,1970-01-07 13:28
558,1970-01-03 0:46,Personal,Monica,,,1970-01-03 0:46,1970-01-03 0:50,E,Monica,1970-01-03 0:50,1970-01-03 0:52,Monica,1970-01-03 0:52,System,1970-01-03 1:56,1970-01-03 2:33,240,Paul,1970-01-03 2:45,John,1970-01-03 6:21,John,,,,,,,1970-01-03 7:56,1970-01-03 11:56,1970-01-03 11:56
559,1970-01-06 1:15,Personal,Monica,1970-01-06 1:15,Monica,,,,,,,,,,,,,,,,,,,,,,,,,,
560,1970-01-05 1:19,Phone,Monica,,,1970-01-05 1:19,1970-01-05 1:23,P,Monica,1970-01-05 1:23,1970-01-05 1:28,Monica,1970-01-05 1:28,System,1970-01-06 1:28,1970-01-06 2:28,120,Anne,,,,,1970-01-06 2:28,Anne,1970-01-06 4:28,Anne,,,1970-01-06 11:49,1970-01-06 12:24,1970-01-06 12:24
561,1970-01-04 13:39,Phone,Monica,,,1970-01-04 13:39,1970-01-04 13:43,P,Monica,1970-01-04 13:43,1970-01-04 13:48,Monica,1970-01-04 13:48,System,1970-01-06 20:00,1970-01-06 21:00,120,Jacky,,,,,1970-01-06 21:00,Jacky,1970-01-06 22:48,Jacky,,,1970-01-07 3:11,1970-01-07 4:52,1970-01-07 4:52
562,1970-01-08 3:53,Web,Monica,,,1970-01-08 3:53,1970-01-08 3:55,P,Monica,1970-01-08 3:55,1970-01-08 3:59,Monica,1970-01-08 3:59,System,1970-01-08 19:38,1970-01-08 20:35,120,Barbara,,,,,1970-01-08 20:35,Barbara,1970-01-08 22:23,Barbara,,,1970-01-09 4:33,1970-01-09 3:22,1970-01-09 4:33
563,1970-01-03 19:44,Personal,Monica,,,1970-01-03 19:44,1970-01-03 19:48,P,Monica,1970-01-03 19:48,1970-01-03 19:51,Monica,1970-01-03 19:51,System,1970-01-07 13:21,1970-01-07 13:51,120,Barbara,,,,,1970-01-07 13:51,Barbara,1970-01-07 15:51,Barbara,,,1970-01-07 20:55,1970-01-07 23:44,1970-01-07 23:44
564,1970-01-04 2:22,Personal,Monica,,,1970-01-04 2:22,1970-01-04 2:28,E,Monica,1970-01-04 2:28,1970-01-04 2:30,Monica,1970-01-04 2:30,System,1970-01-09 7:03,1970-01-09 7:31,240,Edd,1970-01-10 5:11,Paul,1970-01-10 8:47,Paul,,,,,,,1970-01-10 11:26,1970-01-10 14:38,1970-01-10 14:38
565,1970-01-02 8:00,Letter,Monica,,,1970-01-02 8:00,1970-01-02 8:02,P,Monica,1970-01-02 8:02,1970-01-02 8:06,Monica,1970-01-02 8:06,System,1970-01-04 8:09,1970-01-04 9:02,120,Anne,,,,,1970-01-04 9:02,Anne,1970-01-04 10:50,Anne,1970-01-04 10:50,DoIt,1970-01-04 15:44,1970-01-04 19:53,1970-01-04 19:53
566,1970-01-04 8:51,Letter,Dian,,,1970-01-04 8:51,1970-01-04 8:56,P,Dian,1970-01-04 8:56,1970-01-04 8:59,Dian,1970-01-04 8:59,System,1970-01-08 14:53,1970-01-08 15:48,120,Jacky,1970-01-08 18:00,Jacky,1970-01-08 20:00,Jacky,1970-01-08 15:48,Jacky,1970-01-08 18:00,Jacky,,,1970-01-08 23:42,1970-01-09 3:04,1970-01-09 3:04
567,1970-01-05 20:53,Letter,Dian,,,1970-01-05 20:53,1970-01-05 20:59,P,Dian,1970-01-05 20:59,1970-01-05 21:04,Dian,1970-01-05 21:04,System,1970-01-10 1:15,1970-01-10 2:01,120,Anne,,,,,1970-01-10 2:01,Anne,1970-01-10 4:01,Anne,,,1970-01-10 7:55,1970-01-10 10:27,1970-01-10 10:27
568,1970-01-06 17:01,Letter,Monica,,,1970-01-06 17:01,1970-01-06 17:07,E,Monica,1970-01-06 17:07,1970-01-06 19:23,Monica,1970-01-06 19:23,System,1970-01-08 6:03,1970-01-08 6:45,220,Edd,1970-01-09 5:16,John,1970-01-09 9:18,John,,,,,,,1970-01-09 11:56,1970-01-09 13:29,1970-01-09 13:29
569,1970-01-06 3:58,Web,Monica,,,1970-01-06 3:58,1970-01-06 4:01,P,Monica,1970-01-06 4:01,1970-01-06 4:06,Monica,1970-01-06 4:06,System,1970-01-14 4:14,1970-01-14 4:57,120,Jacky,,,,,1970-01-14 4:57,Jacky,1970-01-14 7:09,Jacky,,,1970-01-14 11:17,1970-01-14 7:11,1970-01-14 11:17
570,1970-01-01 18:16,Personal,Dian,,,1970-01-01 18:16,1970-01-01 18:21,B,Dian,1970-01-01 18:21,1970-01-01 18:26,Dian,1970-01-01 18:26,System,1970-01-01 18:26,1970-01-01 18:58,160,Ben,1970-01-01 18:58,Eric,1970-01-01 22:10,Eric,,,,,,,1970-01-02 5:08,1970-01-01 22:36,1970-01-02 5:08
571,1970-01-05 18:44,Phone,Dian,1970-01-05 18:44,Dian,,,,,,,,,,,,,,,,,,,,,,,,,,
572,1970-01-06 23:37,Personal,Monica,,,1970-01-06 23:37,1970-01-06 23:42,P,Monica,1970-01-06 23:42,1970-01-06 23:45,Monica,1970-01-06 23:45,System,1970-01-13 2:31,1970-01-13 3:17,360,Barbara,,,,,,,,,1970-01-13 3:17,FixIt,1970-01-13 10:17,1970-01-13 12:27,1970-01-13 12:27
573,1970-01-04 9:52,Personal,Dian,,,1970-01-04 9:52,1970-01-04 10:02,P,Dian,1970-01-04 10:02,1970-01-04 10:07,Dian,1970-01-04 10:07,System,1970-01-05 9:57,1970-01-05 10:56,120,Barbara,,,,,1970-01-05 10:56,Barbara,1970-01-05 12:56,Barbara,,,1970-01-05 13:56,1970-01-05 14:32,1970-01-05 14:32
574,1970-01-01 10:51,Letter,Dian,,,1970-01-01 10:51,1970-01-01 10:58,E,Dian,1970-01-01 10:58,1970-01-01 11:00,Dian,1970-01-01 11:00,System,1970-01-01 11:00,1970-01-01 11:38,240,Cindy,1970-01-01 11:38,Cindy,1970-01-01 15:38,Cindy,,,,,1970-01-01 15:38,DoIt,1970-01-02 3:19,1970-01-01 20:26,1970-01-02 3:19
575,1970-01-05 12:48,Letter,Monica,,,1970-01-05 12:48,1970-01-05 12:52,P,Monica,1970-01-05 12:52,1970-01-05 12:57,Monica,1970-01-05 12:57,System,1970-01-11 2:00,1970-01-11 2:52,120,Anne,,,,,1970-01-11 2:52,Anne,1970-01-11 4:52,Anne,,,1970-01-11 8:02,1970-01-11 10:22,1970-01-11 10:22
576,1970-01-02 3:18,Phone,Dian,,,1970-01-02 3:18,1970-01-02 3:23,E,Dian,1970-01-02 3:23,1970-01-02 3:25,Dian,1970-01-02 3:25,System,1970-01-03 5:02,1970-01-03 5:49,220,Cindy,1970-01-03 8:45,Paul,1970-01-03 12:47,Paul,,,,,,,1970-01-03 13:47,1970-01-03 17:29,1970-01-03 17:29
577,1970-01-06 0:01,Phone,Dian,,,1970-01-06 0:01,1970-01-06 0:03,P,Dian,1970-01-06 0:03,1970-01-06 0:05,Dian,1970-01-06 0:05,System,1970-01-14 3:28,1970-01-14 4:03,120,Barbara,,,,,1970-01-14 4:03,Barbara,1970-01-14 5:51,Barbara,,,1970-01-14 10:34,1970-01-14 7:30,1970-01-14 10:34
578,1970-01-02 15:56,Personal,Monica,1970-01-02 15:56,Monica,,,,,,,,,,,,,,,,,,,,,,,,,,
579,1970-01-05 9:09,Web,Dian,,,1970-01-05 9:09,1970-01-05 9:14,P,Dian,1970-01-05 9:14,1970-01-06 17:46,Dian,1970-01-06 17:46,System,1970-01-13 19:46,1970-01-13 20:40,240,Anne,1970-01-13 20:40,Anne,1970-01-14 0:16,Anne,,,,,,,1970-01-14 5:25,1970-01-14 5:57,1970-01-14 5:57
580,1970-01-07 6:16,Letter,Monica,,,1970-01-07 6:16,1970-01-07 6:21,E,Monica,1970-01-07 6:21,1970-01-07 6:23,Monica,1970-01-07 6:23,System,1970-01-17 3:36,1970-01-17 4:18,240,Edd,1970-01-18 22:05,Edd,1970-01-19 2:05,Edd,,,,,,,1970-01-19 3:29,1970-01-19 9:41,1970-01-19 9:41
581,1970-01-01 14:14,Letter,Monica,,,1970-01-01 14:14,1970-01-01 14:18,P,Monica,1970-01-01 14:18,1970-01-01 19:56,Monica,1970-01-01 19:56,System,1970-01-02 1:33,1970-01-02 2:12,120,Anne,,,,,1970-01-02 2:12,Anne,1970-01-02 4:00,Anne,,,1970-01-02 5:22,1970-01-02 9:55,1970-01-02 9:55
582,1970-01-05 23:43,Letter,Monica,,,1970-01-05 23:43,1970-01-05 23:48,E,Monica,1970-01-05 23:48,1970-01-06 10:25,Monica,1970-01-06 10:25,System,1970-01-13 7:09,1970-01-13 7:43,240,John,1970-01-19 6:01,Paul,1970-01-19 9:37,Paul,,,,,,,1970-01-19 16:45,1970-01-19 12:01,1970-01-19 16:45
583,1970-01-02 13:32,Phone,Monica,,,1970-01-02 13:32,1970-01-02 13:36,B,Monica,1970-01-02 13:36,1970-01-02 13:41,Monica,1970-01-02 13:41,System,1970-01-02 13:41,1970-01-02 13:58,480,Ben,,,,,,,,,1970-01-02 13:58,FixIt,1970-01-03 2:32,1970-01-03 7:33,1970-01-03 7:33
584,1970-01-03 2:45,Web,Monica,,,1970-01-03 2:45,1970-01-03 2:47,E,Monica,1970-01-03 2:47,1970-01-03 2:49,Monica,1970-01-03 2:49,System,1970-01-10 17:46,1970-01-10 18:35,240,Edd,1970-01-11 2:21,John,1970-01-11 5:57,John,,,,,,,1970-01-11 9:47,1970-01-11 9:32,1970-01-11 9:47
585,1970-01-05 3:26,Personal,Dian,,,1970-01-05 3:26,1970-01-05 3:33,P,Dian,1970-01-05 3:33,1970-01-05 3:38,Dian,1970-01-05 3:38,System,1970-01-05 17:52,1970-01-05 18:38,120,Barbara,,,,,1970-01-05 18:38,Barbara,1970-01-05 20:50,Barbara,,,1970-01-06 3:26,1970-01-05 22:30,1970-01-06 3:26
586,1970-01-03 17:00,Web,Dian,,,1970-01-03 17:00,1970-01-03 17:03,P,Dian,1970-01-03 17:03,1970-01-03 17:07,Dian,1970-01-03 17:07,System,1970-01-04 10:50,1970-01-04 11:50,120,Anne,,,,,1970-01-04 11:50,Anne,1970-01-04 14:02,Anne,,,1970-01-04 16:52,1970-01-04 16:34,1970-01-04 16:52
587,1970-01-01 16:56,Phone,Monica,,,1970-01-01 16:56,1970-01-01 17:00,P,Monica,1970-01-01 17:00,1970-01-01 17:05,Monica,1970-01-01 17:05,System,1970-01-01 17:22,1970-01-01 17:58,120,Barbara,,,,,1970-01-01 17:58,Barbara,1970-01-01 19:58,Barbara,,,1970-01-01 22:46,1970-01-02 2:07,1970-01-02 2:07
588,1970-01-06 13:36,Web,Dian,1970-01-06 13:36,Dian,,,,,,,,,,,,,,,,,,,,,,,,,,
589,1970-01-07 6:54,Web,Monica,,,1970-01-07 6:54,1970-01-07 6:58,P,Monica,1970-01-07 6:58,1970-01-07 7:01,Monica,1970-01-07 7:01,System,1970-01-09 10:30,1970-01-09 11:26,120,Anne,,,,,1970-01-09 11:26,Anne,1970-01-09 13:38,Anne,,,1970-01-09 19:27,1970-01-09 16:30,1970-01-09 19:27
590,1970-01-03 8:08,Web,Dian,,,1970-01-03 8:08,1970-01-03 8:13,P,Dian,1970-01-03 8:13,1970-01-03 10:23,Dian,1970-01-03 10:23,System,1970-01-13 4:38,1970-01-13 5:35,120,Jacky,,,,,1970-01-13 5:35,Jacky,1970-01-13 7:47,Jacky,,,1970-01-13 15:31,1970-01-13 7:48,1970-01-13 15:31
591,1970-01-07 17:59,Personal,Dian,,,1970-01-07 17:59,1970-01-07 18:05,E,Dian,1970-01-07 18:05,1970-01-07 18:08,Dian,1970-01-07 18:08,System,1970-01-11 22:06,1970-01-11 22:38,240,Paul,1970-01-12 10:52,Edd,1970-01-12 14:52,Edd,,,,,,,1970-01-12 16:05,1970-01-12 17:37,1970-01-12 17:37
592,1970-01-05 20:01,Personal,Dian,,,1970-01-05 20:01,1970-01-05 20:04,E,Dian,1970-01-05 20:04,1970-01-05 20:06,Dian,1970-01-05 20:06,System,1970-01-09 9:18,1970-01-09 10:06,220,John,1970-01-10 13:47,John,1970-01-10 17:49,John,,,,,1970-01-10 17:49,FixIt,1970-01-11 3:53,1970-01-11 4:13,1970-01-11 4:13
593,1970-01-04 19:56,Phone,Dian,,,1970-01-04 19:56,1970-01-04 20:01,B,Dian,1970-01-04 20:01,1970-01-04 20:06,Dian,1970-01-04 20:06,System,1970-01-04 20:06,1970-01-04 20:41,240,Ben,1970-01-04 20:41,Lex,1970-01-05 1:29,Lex,,,,,1970-01-05 1:29,DoIt,1970-01-05 9:29,1970-01-05 7:26,1970-01-05 9:29
594,1970-01-04 12:30,Personal,Monica,,,1970-01-04 12:30,1970-01-04 12:34,E,Monica,1970-01-04 12:34,1970-01-04 12:37,Monica,1970-01-04 12:37,System,1970-01-04 20:10,1970-01-04 21:00,240,Edd,1970-01-04 21:21,Cindy,1970-01-05 15:25,John,,,,,,,1970-01-05 20:01,1970-01-05 21:58,1970-01-05 21:58
595,1970-01-06 10:48,Personal,Dian,,,1970-01-06 10:48,1970-01-06 10:53,P,Dian,1970-01-06 10:53,1970-01-06 10:58,Dian,1970-01-06 10:58,System,1970-01-13 15:37,1970-01-13 16:32,120,Jacky,,,,,1970-01-13 16:32,Jacky,1970-01-13 18:20,Jacky,,,1970-01-13 23:06,1970-01-13 19:42,1970-01-13 23:06
596,1970-01-07 22:20,Personal,Dian,,,1970-01-07 22:20,1970-01-07 22:28,P,Dian,1970-01-07 22:28,1970-01-07 22:30,Dian,1970-01-07 22:30,System,1970-01-13 20:40,1970-01-13 21:12,120,Jacky,,,,,1970-01-13 21:12,Jacky,1970-01-13 23:00,Jacky,,,1970-01-14 3:52,1970-01-14 1:11,1970-01-14 3:52
597,1970-01-07 0:49,Letter,Dian,,,1970-01-07 0:49,1970-01-07 0:55,B,Dian,1970-01-07 0:55,1970-01-07 0:58,Dian,1970-01-07 0:58,System,1970-01-07 0:58,1970-01-07 1:40,480,Nick,,,,,,,,,1970-01-07 1:40,FixIt,1970-01-07 13:28,1970-01-07 17:46,1970-01-07 17:46
598,1970-01-07 0:27,Web,Dian,,,1970-01-07 0:27,1970-01-07 0:30,B,Dian,1970-01-07 0:30,1970-01-07 2:31,Monica,1970-01-07 2:31,System,1970-01-07 3:15,1970-01-07 3:53,240,Eric,1970-01-07 3:53,Eric,1970-01-07 7:05,Eric,,,,,,,1970-01-07 14:14,1970-01-07 10:01,1970-01-07 14:14
599,1970-01-07 13:52,Web,Dian,,,1970-01-07 13:52,1970-01-07 13:57,E,Dian,1970-01-07 13:57,1970-01-07 14:02,Dian,1970-01-07 14:02,System,1970-01-11 22:38,1970-01-11 23:06,240,Paul,1970-01-12 1:48,Cindy,1970-01-12 5:48,Cindy,,,,,,,1970-01-12 12:00,1970-01-12 12:31,1970-01-12 12:31
600,1970-01-03 2:41,Web,Dian,,,1970-01-03 2:41,1970-01-03 2:45,E,Dian,1970-01-03 2:45,1970-01-03 5:16,Monica,1970-01-03 5:16,System,1970-01-04 16:07,1970-01-04 16:52,220,Paul,1970-01-05 21:14,John,1970-01-06 1:16,John,,,,,,,1970-01-06 3:08,1970-01-06 8:10,1970-01-06 8:10
601,1970-01-07 20:50,Letter,Dian,,,1970-01-07 20:50,1970-01-07 20:52,P,Dian,1970-01-07 20:52,1970-01-07 22:45,Monica,1970-01-07 22:45,System,1970-01-11 22:27,1970-01-11 23:07,120,Anne,,,,,1970-01-11 23:07,Anne,1970-01-12 1:19,Anne,1970-01-12 1:19,DoIt,1970-01-12 6:13,1970-01-12 8:43,1970-01-12 8:43
602,1970-01-07 13:06,Web,Dian,,,1970-01-07 13:06,1970-01-07 13:08,B,Dian,1970-01-07 13:08,1970-01-08 6:44,Dian,1970-01-08 6:44,System,1970-01-08 6:44,1970-01-08 7:03,60,Ben,,,,,1970-01-08 7:03,Ben,1970-01-08 8:09,Ben,,,1970-01-08 10:14,1970-01-08 13:24,1970-01-08 13:24
603,1970-01-06 15:47,Phone,Dian,,,1970-01-06 15:47,1970-01-06 15:57,P,Dian,1970-01-06 15:57,1970-01-06 15:59,Dian,1970-01-06 15:59,System,1970-01-12 4:19,1970-01-12 5:11,360,Anne,,,,,,,,,1970-01-12 5:11,FixIt,1970-01-12 12:15,1970-01-12 17:32,1970-01-12 17:32
604,1970-01-04 18:37,Web,Monica,,,1970-01-04 18:37,1970-01-04 18:41,P,Monica,1970-01-04 18:41,1970-01-05 1:21,Monica,1970-01-05 1:21,System,1970-01-13 7:23,1970-01-13 8:22,240,Barbara,1970-01-13 8:22,Jacky,1970-01-13 12:46,Jacky,,,,,,,1970-01-13 20:46,1970-01-13 12:56,1970-01-13 20:46
605,1970-01-01 14:30,Personal,Dian,,,1970-01-01 14:30,1970-01-01 14:35,B,Dian,1970-01-01 14:35,1970-01-01 14:39,Dian,1970-01-01 14:39,System,1970-01-01 14:39,1970-01-01 15:05,240,Nick,1970-01-01 15:05,Ben,1970-01-01 18:17,Ben,,,,,,,1970-01-01 20:56,1970-01-02 1:23,1970-01-02 1:23
606,1970-01-07 19:06,Phone,Monica,,,1970-01-07 19:06,1970-01-07 19:10,P,Monica,1970-01-07 19:10,1970-01-07 19:14,Monica,1970-01-07 19:14,System,1970-01-08 10:30,1970-01-08 11:16,120,Anne,,,,,1970-01-08 11:16,Anne,1970-01-08 13:28,Anne,,,1970-01-08 16:49,1970-01-08 14:28,1970-01-08 16:49
607,1970-01-02 22:36,Phone,Monica,,,1970-01-02 22:36,1970-01-02 22:42,P,Monica,1970-01-02 22:42,1970-01-02 22:46,Monica,1970-01-02 22:46,System,1970-01-07 22:06,1970-01-07 22:36,120,Anne,,,,,1970-01-07 22:36,Anne,1970-01-08 0:24,Anne,,,1970-01-08 5:04,1970-01-08 2:43,1970-01-08 5:04
608,1970-01-02 1:33,Phone,Dian,,,1970-01-02 1:33,1970-01-02 1:42,E,Dian,1970-01-02 1:42,1970-01-02 1:46,Dian,1970-01-02 1:46,System,1970-01-04 4:58,1970-01-04 5:29,240,John,1970-01-04 14:33,Edd,1970-01-04 18:33,Edd,,,,,,,1970-01-04 21:56,1970-01-04 22:58,1970-01-04 22:58
609,1970-01-04 2:37,Personal,Monica,,,1970-01-04 2:37,1970-01-04 2:40,P,Monica,1970-01-04 2:40,1970-01-04 2:45,Monica,1970-01-04 2:45,System,1970-01-06 14:19,1970-01-06 14:54,120,Anne,,,,,1970-01-06 14:54,Anne,1970-01-06 16:54,Anne,,,1970-01-06 17:05,1970-01-06 22:36,1970-01-06 22:36
610,1970-01-03 20:58,Phone,Monica,,,1970-01-03 20:58,1970-01-03 21:01,E,Monica,1970-01-03 21:01,1970-01-03 21:03,Monica,1970-01-03 21:03,System,1970-01-09 2:37,1970-01-09 3:24,220,Paul,1970-01-10 8:33,Cindy,1970-01-10 12:35,Cindy,,,,,,,1970-01-10 17:43,1970-01-10 13:32,1970-01-10 17:43
611,1970-01-03 23:19,Web,Monica,,,1970-01-03 23:19,1970-01-03 23:21,E,Monica,1970-01-03 23:21,1970-01-03 23:23,Monica,1970-01-03 23:23,System,1970-01-05 5:28,1970-01-05 6:25,240,John,1970-01-07 16:01,Paul,1970-01-07 20:01,Paul,,,,,,,1970-01-08 1:36,1970-01-07 22:45,1970-01-08 1:36
612,1970-01-04 23:42,Personal,Dian,,,1970-01-04 23:42,1970-01-04 23:50,P,Dian,1970-01-04 23:50,1970-01-04 23:55,Dian,1970-01-04 23:55,System,1970-01-05 15:09,1970-01-05 16:06,120,Anne,,,,,1970-01-05 16:06,Anne,1970-01-05 17:54,Anne,,,1970-01-06 0:19,1970-01-05 19:22,1970-01-06 0:19
613,1970-01-02 18:50,Personal,Dian,,,1970-01-02 18:50,1970-01-02 18:52,P,Dian,1970-01-02 18:52,1970-01-02 18:56,Dian,1970-01-02 18:56,System,1970-01-03 9:20,1970-01-03 9:56,120,Anne,1970-01-03 12:30,Anne,1970-01-03 14:18,Anne,1970-01-03 9:56,Anne,1970-01-03 11:44,Anne,1970-01-03 14:18,FixIt,1970-01-03 19:27,1970-01-03 23:46,1970-01-03 23:46
614,1970-01-06 3:20,Personal,Monica,,,1970-01-06 3:20,1970-01-06 3:22,P,Monica,1970-01-06 3:22,1970-01-06 3:26,Monica,1970-01-06 3:26,System,1970-01-13 8:22,1970-01-13 9:09,360,Barbara,,,,,,,,,1970-01-13 9:09,FixIt,1970-01-14 1:25,1970-01-13 22:04,1970-01-14 1:25
615,1970-01-05 4:14,Letter,Monica,1970-01-05 4:14,Monica,,,,,,,,,,,,,,,,,,,,,,,,,,
616,1970-01-05 22:13,Personal,Monica,,,1970-01-05 22:13,1970-01-05 22:18,P,Monica,1970-01-05 22:18,1970-01-05 22:21,Monica,1970-01-05 22:21,System,1970-01-06 1:58,1970-01-06 2:41,360,Barbara,,,,,,,,,1970-01-06 2:41,FixIt,1970-01-06 14:27,1970-01-06 14:31,1970-01-06 14:31
617,1970-01-03 10:40,Personal,Dian,,,1970-01-03 10:40,1970-01-03 10:49,E,Dian,1970-01-03 10:49,1970-01-03 10:51,Dian,1970-01-03 10:51,System,1970-01-11 15:03,1970-01-11 15:41,240,Paul,1970-01-19 21:43,Paul,1970-01-20 1:19,Paul,,,,,,,1970-01-20 4:51,1970-01-20 6:10,1970-01-20 6:10
618,1970-01-06 0:12,Phone,Dian,,,1970-01-06 0:12,1970-01-06 0:18,E,Dian,1970-01-06 0:18,1970-01-06 0:23,Dian,1970-01-06 0:23,System,1970-01-12 22:05,1970-01-12 22:45,240,Paul,1970-01-12 23:32,Cindy,1970-01-13 3:08,Cindy,,,,,,,1970-01-13 7:49,1970-01-13 9:11,1970-01-13 9:11
619,1970-01-03 22:44,Personal,Dian,,,1970-01-03 22:44,1970-01-03 22:46,E,Dian,1970-01-03 22:46,1970-01-03 22:51,Dian,1970-01-03 22:51,System,1970-01-09 16:51,1970-01-09 17:13,240,Edd,1970-01-09 22:56,Edd,1970-01-10 10:08,Edd,,,,,,,1970-01-10 13:04,1970-01-10 12:41,1970-01-10 13:04
620,1970-01-04 5:48,Personal,Dian,,,1970-01-04 5:48,1970-01-04 5:56,E,Dian,1970-01-04 5:56,1970-01-04 6:00,Dian,1970-01-04 6:00,System,1970-01-07 21:50,1970-01-07 22:25,240,John,1970-01-10 2:41,John,1970-01-10 6:41,John,,,,,,,1970-01-10 9:17,1970-01-10 13:20,1970-01-10 13:20
621,1970-01-05 7:11,Phone,Dian,,,1970-01-05 7:11,1970-01-05 7:13,P,Dian,1970-01-05 7:13,1970-01-05 7:18,Dian,1970-01-05 7:18,System,1970-01-05 23:07,1970-01-05 23:51,120,Anne,,,,,1970-01-05 23:51,Anne,1970-01-06 1:39,Anne,,,1970-01-06 2:37,1970-01-06 3:02,1970-01-06 3:02
622,1970-01-07 15:09,Web,Monica,,,1970-01-07 15:09,1970-01-07 15:13,B,Monica,1970-01-07 15:13,1970-01-08 8:10,Monica,1970-01-08 8:10,System,1970-01-08 8:10,1970-01-08 8:33,160,Nick,1970-01-08 8:33,Ben,1970-01-08 11:13,Ben,,,,,,,1970-01-08 18:55,1970-01-08 11:40,1970-01-08 18:55
623,1970-01-05 10:31,Web,Dian,,,1970-01-05 10:31,1970-01-05 10:36,P,Dian,1970-01-05 10:36,1970-01-05 22:01,Monica,1970-01-05 22:01,System,1970-01-14 5:51,1970-01-14 6:37,120,Barbara,,,,,1970-01-14 6:37,Barbara,1970-01-14 8:25,Barbara,,,1970-01-14 13:37,1970-01-14 10:24,1970-01-14 13:37
624,1970-01-01 18:19,Web,Monica,,,1970-01-01 18:19,1970-01-01 18:21,E,Monica,1970-01-01 18:21,1970-01-01 18:24,Monica,1970-01-01 18:24,System,1970-01-01 20:43,1970-01-01 21:21,220,John,1970-01-01 21:21,John,1970-01-02 1:23,John,,,,,,,1970-01-02 6:22,1970-01-02 3:45,1970-01-02 6:22
625,1970-01-04 18:46,Personal,Monica,,,1970-01-04 18:46,1970-01-04 18:51,E,Monica,1970-01-04 18:51,1970-01-04 18:53,Monica,1970-01-04 18:53,System,1970-01-07 6:05,1970-01-07 6:50,240,Cindy,1970-01-08 0:20,Edd,1970-01-08 4:20,Edd,,,,,,,1970-01-08 8:51,1970-01-08 7:52,1970-01-08 8:51
626,1970-01-02 18:35,Web,Monica,,,1970-01-02 18:35,1970-01-02 18:37,P,Monica,1970-01-02 18:37,1970-01-03 15:24,Monica,1970-01-03 15:24,System,1970-01-03 15:25,1970-01-03 16:25,120,Jacky,,,,,1970-01-03 16:25,Jacky,1970-01-03 18:13,Jacky,,,1970-01-03 21:55,1970-01-03 22:33,1970-01-03 22:33
627,1970-01-05 17:35,Letter,Dian,,,1970-01-05 17:35,1970-01-05 17:45,E,Dian,1970-01-05 17:45,1970-01-05 17:47,Dian,1970-01-05 17:47,System,1970-01-11 8:02,1970-01-11 8:50,240,Edd,1970-01-18 14:54,John,1970-01-18 18:30,John,,,,,,,1970-01-18 21:41,1970-01-18 18:45,1970-01-18 21:41
628,1970-01-05 5:07,Personal,Dian,,,1970-01-05 5:07,1970-01-05 5:12,E,Dian,1970-01-05 5:12,1970-01-05 5:16,Dian,1970-01-05 5:16,System,1970-01-10 17:49,1970-01-10 18:25,240,John,1970-01-12 16:38,Cindy,1970-01-13 7:09,John,,,,,,,1970-01-13 10:18,1970-01-13 12:59,1970-01-13 12:59
629,1970-01-02 9:50,Personal,Monica,,,1970-01-02 9:50,1970-01-02 9:52,B,Monica,1970-01-02 9:52,1970-01-02 9:56,Monica,1970-01-02 9:56,System,1970-01-02 9:56,1970-01-02 10:37,240,Ben,1970-01-02 10:37,Eric,1970-01-02 15:01,Eric,,,,,,,1970-01-02 18:16,1970-01-02 20:02,1970-01-02 20:02
630,1970-01-03 15:24,Phone,Dian,,,1970-01-03 15:24,1970-01-03 15:34,E,Dian,1970-01-03 15:34,1970-01-03 15:37,Dian,1970-01-03 15:37,System,1970-01-04 0:35,1970-01-04 1:01,240,Cindy,1970-01-04 1:01,Cindy,1970-01-04 5:01,Cindy,,,,,,,1970-01-04 12:16,1970-01-04 5:14,1970-01-04 12:16
631,1970-01-05 4:07,Personal,Dian,1970-01-05 4:07,Dian,,,,,,,,,,,,,,,,,,,,,,,,,,
632,1970-01-02 5:39,Personal,Monica,,,1970-01-02 5:39,1970-01-02 5:45,P,Monica,1970-01-02 5:45,1970-01-02 5:47,Monica,1970-01-02 5:47,System,1970-01-03 9:30,1970-01-03 10:18,120,Anne,,,,,1970-01-03 10:18,Anne,1970-01-03 12:30,Anne,,,1970-01-03 17:32,1970-01-03 19:23,1970-01-03 19:23
633,1970-01-04 16:31,Personal,Monica,,,1970-01-04 16:31,1970-01-04 16:36,P,Monica,1970-01-04 16:36,1970-01-04 16:40,Monica,1970-01-04 16:40,System,1970-01-11 22:43,1970-01-11 23:35,120,Anne,,,,,1970-01-11 23:35,Anne,1970-01-12 1:23,Anne,,,1970-01-12 8:31,1970-01-12 2:34,1970-01-12 8:31
634,1970-01-01 21:31,Letter,Monica,,,1970-01-01 21:31,1970-01-01 21:37,P,Monica,1970-01-01 21:37,1970-01-02 1:49,Monica,1970-01-02 1:49,System,1970-01-02 5:15,1970-01-02 6:08,240,Barbara,1970-01-02 6:08,Barbara,1970-01-02 10:32,Barbara,,,,,,,1970-01-02 16:09,1970-01-02 12:04,1970-01-02 16:09
635,1970-01-06 14:18,Web,Dian,,,1970-01-06 14:18,1970-01-06 14:22,E,Dian,1970-01-06 14:22,1970-01-07 7:39,Monica,1970-01-07 7:39,System,1970-01-14 19:11,1970-01-14 20:10,240,John,1970-01-20 1:01,Cindy,1970-01-20 4:37,Cindy,,,,,,,1970-01-20 10:20,1970-01-20 10:18,1970-01-20 10:20
636,1970-01-02 3:33,Web,Monica,,,1970-01-02 3:33,1970-01-02 3:35,P,Monica,1970-01-02 3:35,1970-01-02 10:08,Monica,1970-01-02 10:08,System,1970-01-02 18:11,1970-01-02 19:06,120,Jacky,,,,,1970-01-02 19:06,Jacky,1970-01-02 20:54,Jacky,,,1970-01-02 22:34,1970-01-03 1:34,1970-01-03 1:34
637,1970-01-02 10:43,Phone,Dian,,,1970-01-02 10:43,1970-01-02 10:46,P,Dian,1970-01-02 10:46,1970-01-02 10:50,Dian,1970-01-02 10:50,System,1970-01-02 19:19,1970-01-02 20:02,120,Anne,,,,,1970-01-02 20:02,Anne,1970-01-02 21:50,Anne,,,1970-01-03 3:48,1970-01-03 0:43,1970-01-03 3:48
638,1970-01-04 4:07,Web,Monica,,,1970-01-04 4:07,1970-01-04 4:09,P,Monica,1970-01-04 4:09,1970-01-04 5:51,Monica,1970-01-04 5:51,System,1970-01-06 15:59,1970-01-06 16:50,120,Anne,,,,,1970-01-06 16:50,Anne,1970-01-06 18:38,Anne,,,1970-01-06 18:51,1970-01-06 22:26,1970-01-06 22:26
639,1970-01-07 0:47,Personal,Monica,,,1970-01-07 0:47,1970-01-07 0:51,P,Monica,1970-01-07 0:51,1970-01-07 0:53,Monica,1970-01-07 0:53,System,1970-01-07 19:42,1970-01-07 20:24,120,Barbara,,,,,1970-01-07 20:24,Barbara,1970-01-07 22:12,Barbara,,,1970-01-07 22:45,1970-01-08 3:59,1970-01-08 3:59
640,1970-01-02 0:25,Phone,Monica,,,1970-01-02 0:25,1970-01-02 0:30,P,Monica,1970-01-02 0:30,1970-01-02 0:34,Monica,1970-01-02 0:34,System,1970-01-13 23:36,1970-01-14 0:09,120,Anne,,,,,1970-01-14 0:09,Anne,1970-01-14 2:09,Anne,,,1970-01-14 6:48,1970-01-14 2:34,1970-01-14 6:48
641,1970-01-06 5:07,Letter,Monica,,,1970-01-06 5:07,1970-01-06 5:13,B,Monica,1970-01-06 5:13,1970-01-06 5:15,Monica,1970-01-06 5:15,System,1970-01-06 5:15,1970-01-06 5:32,240,Nick,1970-01-06 5:32,Ben,1970-01-06 9:56,Ben,,,,,,,1970-01-06 17:39,1970-01-06 10:18,1970-01-06 17:39
642,1970-01-06 20:38,Letter,Monica,,,1970-01-06 20:38,1970-01-06 20:41,E,Monica,1970-01-06 20:41,1970-01-06 20:46,Monica,1970-01-06 20:46,System,1970-01-14 6:52,1970-01-14 7:08,220,Cindy,1970-01-16 6:31,Cindy,1970-01-16 10:11,Cindy,,,,,1970-01-16 10:11,FixIt,1970-01-16 14:36,1970-01-16 15:24,1970-01-16 15:24
643,1970-01-03 13:31,Web,Monica,,,1970-01-03 13:31,1970-01-03 13:34,E,Monica,1970-01-03 13:34,1970-01-03 16:41,Monica,1970-01-03 16:41,System,1970-01-11 15:41,1970-01-11 16:19,240,Paul,1970-01-13 22:16,Edd,1970-01-14 1:52,Edd,,,,,,,1970-01-14 7:14,1970-01-14 2:09,1970-01-14 7:14
644,1970-01-05 4:38,Personal,Monica,,,1970-01-05 4:38,1970-01-05 4:41,E,Monica,1970-01-05 4:41,1970-01-05 4:46,Monica,1970-01-05 4:46,System,1970-01-10 8:46,1970-01-10 9:45,220,John,1970-01-11 16:38,Cindy,1970-01-11 20:18,Cindy,,,,,,,1970-01-12 3:52,1970-01-11 21:02,1970-01-12 3:52
645,1970-01-05 0:32,Web,Dian,,,1970-01-05 0:32,1970-01-05 0:37,P,Dian,1970-01-05 0:37,1970-01-05 0:40,Dian,1970-01-05 0:40,System,1970-01-05 18:05,1970-01-05 18:43,120,Anne,1970-01-05 20:31,Anne,1970-01-05 22:19,Anne,1970-01-05 18:43,Anne,1970-01-05 20:31,Anne,,,1970-01-06 2:33,1970-01-06 4:07,1970-01-06 4:07
646,1970-01-06 18:05,Web,Monica,,,1970-01-06 18:05,1970-01-06 18:07,P,Monica,1970-01-06 18:07,1970-01-07 5:12,Monica,1970-01-07 5:12,System,1970-01-09 14:08,1970-01-09 14:43,360,Jacky,,,,,,,,,1970-01-09 14:43,FixIt,1970-01-09 23:19,1970-01-10 0:20,1970-01-10 0:20
647,1970-01-02 19:21,Web,Monica,,,1970-01-02 19:21,1970-01-02 19:23,P,Monica,1970-01-02 19:23,1970-01-02 19:26,Monica,1970-01-02 19:26,System,1970-01-04 5:22,1970-01-04 6:07,120,Barbara,,,,,1970-01-04 6:07,Barbara,1970-01-04 8:07,Barbara,,,1970-01-04 8:55,1970-01-04 15:25,1970-01-04 15:25
648,1970-01-06 6:52,Letter,Dian,,,1970-01-06 6:52,1970-01-06 6:59,E,Dian,1970-01-06 6:59,1970-01-06 7:02,Dian,1970-01-06 7:02,System,1970-01-09 17:44,1970-01-09 18:32,240,Edd,1970-01-19 16:59,Edd,1970-01-19 21:23,Edd,,,,,,,1970-01-20 3:30,1970-01-19 23:17,1970-01-20 3:30
649,1970-01-01 22:24,Letter,Monica,,,1970-01-01 22:24,1970-01-01 22:26,P,Monica,1970-01-01 22:26,1970-01-02 4:20,Monica,1970-01-02 4:20,System,1970-01-02 13:06,1970-01-02 13:38,120,Anne,,,,,1970-01-02 13:38,Anne,1970-01-02 15:26,Anne,,,1970-01-02 22:23,1970-01-02 19:30,1970-01-02 22:23
650,1970-01-06 16:08,Letter,Monica,,,1970-01-06 16:08,1970-01-06 16:14,E,Monica,1970-01-06 16:14,1970-01-06 16:18,Monica,1970-01-06 16:18,System,1970-01-12 1:41,1970-01-12 2:07,240,John,1970-01-14 5:28,Edd,1970-01-14 9:04,Edd,,,,,,,1970-01-14 16:34,1970-01-14 9:42,1970-01-14 16:34
651,1970-01-04 9:55,Phone,Monica,,,1970-01-04 9:55,1970-01-04 9:58,P,Monica,1970-01-04 9:58,1970-01-04 10:02,Monica,1970-01-04 10:02,System,1970-01-09 13:07,1970-01-09 14:03,360,Anne,,,,,,,,,1970-01-09 14:03,DoIt,1970-01-09 21:57,1970-01-10 0:24,1970-01-10 0:24
652,1970-01-02 17:32,Personal,Dian,,,1970-01-02 17:32,1970-01-02 17:41,P,Dian,1970-01-02 17:41,1970-01-02 17:43,Dian,1970-01-02 17:43,System,1970-01-03 23:37,1970-01-04 0:27,120,Anne,,,,,1970-01-04 0:27,Anne,1970-01-04 2:15,Anne,,,1970-01-04 6:43,1970-01-04 9:29,1970-01-04 9:29
653,1970-01-01 11:56,Letter,Monica,,,1970-01-01 11:56,1970-01-01 12:02,P,Monica,1970-01-01 12:02,1970-01-01 15:07,Monica,1970-01-01 15:07,System,1970-01-01 16:32,1970-01-01 17:16,120,Anne,1970-01-01 19:16,Anne,1970-01-01 21:16,Anne,1970-01-01 17:16,Anne,1970-01-01 19:16,Anne,1970-01-01 21:16,DoIt,1970-01-02 1:26,1970-01-02 2:14,1970-01-02 2:14
654,1970-01-06 11:35,Phone,Dian,,,1970-01-06 11:35,1970-01-06 11:38,P,Dian,1970-01-06 11:38,1970-01-06 11:43,Dian,1970-01-06 11:43,System,1970-01-06 18:38,1970-01-06 19:27,120,Anne,,,,,1970-01-06 19:27,Anne,1970-01-06 21:27,Anne,,,1970-01-07 0:31,1970-01-06 23:47,1970-01-07 0:31
655,1970-01-05 14:25,Personal,Monica,,,1970-01-05 14:25,1970-01-05 14:27,B,Monica,1970-01-05 14:27,1970-01-05 14:30,Monica,1970-01-05 14:30,System,1970-01-05 14:30,1970-01-05 14:55,240,Lex,1970-01-05 14:55,Lex,1970-01-05 19:19,Lex,,,,,,,1970-01-06 0:41,1970-01-06 2:18,1970-01-06 2:18
656,1970-01-06 9:44,Letter,Dian,,,1970-01-06 9:44,1970-01-06 9:48,E,Dian,1970-01-06 9:48,1970-01-07 11:46,Monica,1970-01-07 11:46,System,1970-01-08 6:45,1970-01-08 7:11,240,Edd,1970-01-08 21:40,John,1970-01-09 1:40,John,,,,,,,1970-01-09 2:05,1970-01-09 2:46,1970-01-09 2:46
657,1970-01-06 21:23,Phone,Monica,,,1970-01-06 21:23,1970-01-06 21:25,E,Monica,1970-01-06 21:25,1970-01-06 21:29,Monica,1970-01-06 21:29,System,1970-01-14 18:55,1970-01-14 19:11,240,John,1970-01-16 9:25,John,1970-01-16 13:49,John,,,,,1970-01-16 13:49,DoIt,1970-01-16 19:20,1970-01-16 19:47,1970-01-16 19:47
658,1970-01-05 2:18,Personal,Dian,,,1970-01-05 2:18,1970-01-05 2:22,E,Dian,1970-01-05 2:22,1970-01-05 2:24,Dian,1970-01-05 2:24,System,1970-01-15 3:15,1970-01-15 3:42,220,Cindy,1970-01-19 18:34,John,1970-01-19 22:14,John,,,,,,,1970-01-20 5:51,1970-01-20 4:46,1970-01-20 5:51
659,1970-01-07 3:41,Phone,Dian,,,1970-01-07 3:41,1970-01-07 3:45,E,Dian,1970-01-07 3:45,1970-01-07 3:48,Dian,1970-01-07 3:48,System,1970-01-10 2:44,1970-01-10 3:40,220,Paul,1970-01-13 7:43,John,1970-01-13 11:01,John,,,,,,,1970-01-13 11:04,1970-01-13 13:22,1970-01-13 13:22
660,1970-01-04 11:14,Letter,Dian,,,1970-01-04 11:14,1970-01-04 11:21,P,Dian,1970-01-04 11:21,1970-01-04 11:26,Dian,1970-01-04 11:26,System,1970-01-05 7:13,1970-01-05 7:57,120,Barbara,,,,,1970-01-05 7:57,Barbara,1970-01-05 9:57,Barbara,,,1970-01-05 11:46,1970-01-05 16:48,1970-01-05 16:48
661,1970-01-06 11:15,Letter,Monica,,,1970-01-06 11:15,1970-01-06 11:18,P,Monica,1970-01-06 11:18,1970-01-06 11:22,Monica,1970-01-06 11:22,System,1970-01-11 13:07,1970-01-11 13:46,120,Jacky,,,,,1970-01-11 13:46,Jacky,1970-01-11 15:46,Jacky,1970-01-11 15:46,FixIt,1970-01-12 0:37,1970-01-11 22:31,1970-01-12 0:37
662,1970-01-01 18:52,Letter,Dian,,,1970-01-01 18:52,1970-01-01 19:00,P,Dian,1970-01-01 19:00,1970-01-02 0:00,Dian,1970-01-02 0:00,System,1970-01-02 0:06,1970-01-02 1:04,120,Jacky,,,,,1970-01-02 1:04,Jacky,1970-01-02 3:16,Jacky,,,1970-01-02 4:47,1970-01-02 8:44,1970-01-02 8:44
663,1970-01-01 14:58,Phone,Dian,1970-01-01 14:58,Dian,,,,,,,,,,,,,,,,,,,,,,,,,,
664,1970-01-04 5:57,Personal,Monica,,,1970-01-04 5:57,1970-01-04 6:03,B,Monica,1970-01-04 6:03,1970-01-04 6:05,Monica,1970-01-04 6:05,System,1970-01-04 7:49,1970-01-04 8:12,240,Ben,1970-01-04 9:25,Eric,1970-01-04 12:37,Eric,,,,,1970-01-04 12:37,DoIt,1970-01-04 16:30,1970-01-04 22:59,1970-01-04 22:59
665,1970-01-06 10:59,Web,Dian,,,1970-01-06 10:59,1970-01-06 11:04,B,Dian,1970-01-06 11:04,1970-01-06 11:09,Dian,1970-01-06 11:09,System,1970-01-06 11:09,1970-01-06 11:34,240,Nick,1970-01-06 11:34,Nick,1970-01-06 14:22,Nick,,,,,,,1970-01-06 16:13,1970-01-06 15:19,1970-01-06 16:13
666,1970-01-06 12:15,Personal,Monica,,,1970-01-06 12:15,1970-01-06 12:20,P,Monica,1970-01-06 12:20,1970-01-06 12:22,Monica,1970-01-06 12:22,System,1970-01-13 17:24,1970-01-13 18:14,120,Barbara,,,,,1970-01-13 18:14,Barbara,1970-01-13 20:26,Barbara,,,1970-01-13 22:55,1970-01-14 1:59,1970-01-14 1:59
667,1970-01-04 14:07,Phone,Monica,,,1970-01-04 14:07,1970-01-04 14:10,B,Monica,1970-01-04 14:10,1970-01-04 14:12,Monica,1970-01-04 14:12,System,1970-01-04 14:12,1970-01-04 14:40,240,Nick,1970-01-04 14:40,Nick,1970-01-04 17:28,Nick,,,,,,,1970-01-04 23:38,1970-01-04 23:27,1970-01-04 23:38
668,1970-01-02 11:04,Web,Dian,,,1970-01-02 11:04,1970-01-02 11:10,E,Dian,1970-01-02 11:10,1970-01-02 11:12,Dian,1970-01-02 11:12,System,1970-01-03 2:33,1970-01-03 3:13,240,Paul,1970-01-03 3:35,Edd,1970-01-03 7:11,Edd,,,,,,,1970-01-03 8:31,1970-01-03 14:18,1970-01-03 14:18
669,1970-01-04 7:13,Phone,Monica,,,1970-01-04 7:13,1970-01-04 7:17,P,Monica,1970-01-04 7:17,1970-01-04 7:20,Monica,1970-01-04 7:20,System,1970-01-05 23:46,1970-01-06 0:33,120,Jacky,,,,,1970-01-06 0:33,Jacky,1970-01-06 2:21,Jacky,,,1970-01-06 6:06,1970-01-06 3:43,1970-01-06 6:06
670,1970-01-04 19:17,Letter,Dian,,,1970-01-04 19:17,1970-01-04 19:21,E,Dian,1970-01-04 19:21,1970-01-05 0:49,Monica,1970-01-05 0:49,System,1970-01-10 7:46,1970-01-10 8:46,220,John,1970-01-11 20:51,John,1970-01-12 0:31,John,,,,,,,1970-01-12 6:46,1970-01-12 7:46,1970-01-12 7:46
671,1970-01-03 13:13,Phone,Dian,,,1970-01-03 13:13,1970-01-03 13:23,E,Dian,1970-01-03 13:23,1970-01-03 13:26,Dian,1970-01-03 13:26,System,1970-01-04 6:32,1970-01-04 7:30,240,Cindy,1970-01-04 17:21,Cindy,1970-01-04 21:21,Cindy,,,,,,,1970-01-05 1:26,1970-01-04 23:14,1970-01-05 1:26
672,1970-01-02 22:46,Phone,Monica,,,1970-01-02 22:46,1970-01-02 22:51,P,Monica,1970-01-02 22:51,1970-01-02 22:55,Monica,1970-01-02 22:55,System,1970-01-03 1:05,1970-01-03 1:57,120,Barbara,,,,,1970-01-03 1:57,Barbara,1970-01-03 3:45,Barbara,,,1970-01-03 10:36,1970-01-03 10:17,1970-01-03 10:36
673,1970-01-06 6:35,Letter,Monica,,,1970-01-06 6:35,1970-01-06 6:37,E,Monica,1970-01-06 6:37,1970-01-06 6:41,Monica,1970-01-06 6:41,System,1970-01-08 8:44,1970-01-08 9:18,240,Edd,1970-01-12 2:51,Edd,1970-01-12 6:27,Edd,,,,,,,1970-01-12 8:53,1970-01-12 14:27,1970-01-12 14:27
674,1970-01-05 8:10,Web,Dian,,,1970-01-05 8:10,1970-01-05 8:15,B,Dian,1970-01-05 8:15,1970-01-05 12:09,Dian,1970-01-05 12:09,System,1970-01-05 12:09,1970-01-05 12:37,480,Ben,,,,,,,,,1970-01-05 12:37,FixIt,1970-01-06 2:17,1970-01-06 6:06,1970-01-06 6:06
675,1970-01-01 11:32,Personal,Monica,,,1970-01-01 11:32,1970-01-01 11:38,E,Monica,1970-01-01 11:38,1970-01-01 11:40,Monica,1970-01-01 11:40,System,1970-01-01 11:45,1970-01-01 12:32,240,John,1970-01-01 14:56,Edd,1970-01-01 18:56,Edd,,,,,,,1970-01-01 22:09,1970-01-01 22:34,1970-01-01 22:34
676,1970-01-03 11:15,Phone,Monica,1970-01-03 11:15,Monica,,,,,,,,,,,,,,,,,,,,,,,,,,
677,1970-01-07 22:43,Letter,Dian,,,1970-01-07 22:43,1970-01-07 22:47,P,Dian,1970-01-07 22:47,1970-01-09 0:30,Dian,1970-01-09 0:30,System,1970-01-12 23:57,1970-01-13 0:37,120,Anne,,,,,1970-01-13 0:37,Anne,1970-01-13 2:49,Anne,1970-01-13 2:49,FixIt,1970-01-13 9:57,1970-01-13 7:06,1970-01-13 9:57
678,1970-01-01 21:20,Web,Dian,,,1970-01-01 21:20,1970-01-01 21:26,P,Dian,1970-01-01 21:26,1970-01-01 21:29,Dian,1970-01-01 21:29,System,1970-01-01 23:34,1970-01-02 0:06,240,Jacky,1970-01-02 0:58,Anne,1970-01-02 5:22,Anne,,,,,,,1970-01-02 5:23,1970-01-02 10:44,1970-01-02 10:44
679,1970-01-06 1:24,Letter,Monica,,,1970-01-06 1:24,1970-01-06 1:29,E,Monica,1970-01-06 1:29,1970-01-06 20:38,Monica,1970-01-06 20:38,System,1970-01-13 19:51,1970-01-13 20:23,240,Paul,1970-01-15 22:11,Paul,1970-01-16 1:47,Paul,,,,,,,1970-01-16 2:53,1970-01-16 9:11,1970-01-16 9:11
680,1970-01-07 11:31,Phone,Monica,,,1970-01-07 11:31,1970-01-07 11:33,P,Monica,1970-01-07 11:33,1970-01-07 11:35,Monica,1970-01-07 11:35,System,1970-01-09 9:56,1970-01-09 10:30,240,Anne,1970-01-09 10:43,Barbara,1970-01-09 15:07,Barbara,,,,,,,1970-01-09 22:49,1970-01-09 20:31,1970-01-09 22:49
681,1970-01-07 14:50,Personal,Monica,,,1970-01-07 14:50,1970-01-07 14:56,E,Monica,1970-01-07 14:56,1970-01-07 15:00,Monica,1970-01-07 15:00,System,1970-01-16 2:07,1970-01-16 2:50,240,Edd,1970-01-19 2:01,Paul,1970-01-19 6:01,Paul,,,,,,,1970-01-19 10:29,1970-01-19 10:59,1970-01-19 10:59
682,1970-01-07 5:37,Web,Dian,,,1970-01-07 5:37,1970-01-07 5:41,P,Dian,1970-01-07 5:41,1970-01-07 10:28,Dian,1970-01-07 10:28,System,1970-01-07 15:51,1970-01-07 16:45,360,Barbara,,,,,,,,,1970-01-07 16:45,FixIt,1970-01-08 8:04,1970-01-08 6:53,1970-01-08 8:04
683,1970-01-06 22:05,Web,Dian,,,1970-01-06 22:05,1970-01-06 22:07,P,Dian,1970-01-06 22:07,1970-01-07 0:06,Monica,1970-01-07 0:06,System,1970-01-13 11:46,1970-01-13 12:34,360,Barbara,,,,,,,,,1970-01-13 12:34,FixIt,1970-01-13 20:19,1970-01-14 1:50,1970-01-14 1:50
684,1970-01-07 8:21,Web,Dian,,,1970-01-07 8:21,1970-01-07 8:26,E,Dian,1970-01-07 8:26,1970-01-07 8:31,Dian,1970-01-07 8:31,System,1970-01-17 2:24,1970-01-17 3:15,240,Paul,1970-01-19 22:14,John,1970-01-20 1:50,John,,,,,,,1970-01-20 7:20,1970-01-20 6:56,1970-01-20 7:20
685,1970-01-02 22:03,Phone,Monica,,,1970-01-02 22:03,1970-01-02 22:06,P,Monica,1970-01-02 22:06,1970-01-02 22:09,Monica,1970-01-02 22:09,System,1970-01-02 23:23,1970-01-03 0:15,120,Anne,,,,,1970-01-03 0:15,Anne,1970-01-03 2:15,Anne,,,1970-01-03 7:52,1970-01-03 8:15,1970-01-03 8:15
686,1970-01-07 20:41,Phone,Dian,,,1970-01-07 20:41,1970-01-07 20:48,P,Dian,1970-01-07 20:48,1970-01-07 20:50,Dian,1970-01-07 20:50,System,1970-01-10 18:50,1970-01-10 19:44,240,Jacky,1970-01-10 19:44,Jacky,1970-01-11 0:08,Jacky,,,,,,,1970-01-11 6:13,1970-01-11 7:11,1970-01-11 7:11
687,1970-01-03 8:03,Web,Monica,,,1970-01-03 8:03,1970-01-03 8:06,B,Monica,1970-01-03 8:06,1970-01-03 8:09,Monica,1970-01-03 8:09,System,1970-01-03 8:09,1970-01-03 8:27,160,Eric,1970-01-03 8:27,Lex,1970-01-03 10:51,Lex,,,,,,,1970-01-03 16:47,1970-01-03 13:23,1970-01-03 16:47
688,1970-01-05 19:34,Phone,Monica,,,1970-01-05 19:34,1970-01-05 19:40,E,Monica,1970-01-05 19:40,1970-01-05 19:43,Monica,1970-01-05 19:43,System,1970-01-13 2:37,1970-01-13 2:54,240,Edd,1970-01-14 7:08,Paul,1970-01-14 11:32,Paul,,,,,,,1970-01-14 13:01,1970-01-14 17:55,1970-01-14 17:55
689,1970-01-04 17:34,Phone,Monica,,,1970-01-04 17:34,1970-01-04 17:39,P,Monica,1970-01-04 17:39,1970-01-04 17:44,Monica,1970-01-04 17:44,System,1970-01-05 6:10,1970-01-05 6:52,120,Jacky,,,,,1970-01-05 6:52,Jacky,1970-01-05 9:04,Jacky,1970-01-05 9:04,FixIt,1970-01-05 14:48,1970-01-05 18:19,1970-01-05 18:19
690,1970-01-06 1:09,Web,Dian,,,1970-01-06 1:09,1970-01-06 1:11,P,Dian,1970-01-06 1:11,1970-01-06 1:15,Dian,1970-01-06 1:15,System,1970-01-07 9:35,1970-01-07 10:33,360,Anne,,,,,,,,,1970-01-07 10:33,DoIt,1970-01-07 21:28,1970-01-08 0:24,1970-01-08 0:24
691,1970-01-03 10:35,Web,Monica,,,1970-01-03 10:35,1970-01-03 10:38,E,Monica,1970-01-03 10:38,1970-01-03 20:51,Monica,1970-01-03 20:51,System,1970-01-13 11:53,1970-01-13 12:52,220,Paul,1970-01-14 11:32,Paul,1970-01-14 15:12,Paul,,,,,,,1970-01-14 20:38,1970-01-14 17:08,1970-01-14 20:38
692,1970-01-01 22:18,Web,Monica,1970-01-01 22:18,Monica,,,,,,,,,,,,,,,,,,,,,,,,,,
693,1970-01-02 15:23,Phone,Monica,,,1970-01-02 15:23,1970-01-02 15:25,E,Monica,1970-01-02 15:25,1970-01-02 15:28,Monica,1970-01-02 15:28,System,1970-01-11 14:10,1970-01-11 15:03,240,Paul,1970-01-17 22:52,John,1970-01-18 2:52,John,,,,,,,1970-01-18 6:07,1970-01-18 8:56,1970-01-18 8:56
694,1970-01-01 18:32,Personal,Monica,,,1970-01-01 18:32,1970-01-01 18:34,P,Monica,1970-01-01 18:34,1970-01-01 18:38,Monica,1970-01-01 18:38,System,1970-01-01 23:31,1970-01-02 0:30,120,Barbara,,,,,1970-01-02 0:30,Barbara,1970-01-02 2:30,Barbara,,,1970-01-02 8:21,1970-01-02 7:35,1970-01-02 8:21
695,1970-01-04 11:06,Personal,Dian,,,1970-01-04 11:06,1970-01-04 11:08,B,Dian,1970-01-04 11:08,1970-01-04 11:13,Dian,1970-01-04 11:13,System,1970-01-04 11:52,1970-01-04 12:19,240,Lex,1970-01-04 12:45,Ben,1970-01-04 15:57,Ben,,,,,,,1970-01-04 22:13,1970-01-04 18:26,1970-01-04 22:13
696,1970-01-03 17:33,Letter,Dian,,,1970-01-03 17:33,1970-01-03 17:43,B,Dian,1970-01-03 17:43,1970-01-03 19:06,Dian,1970-01-03 19:06,System,1970-01-03 19:06,1970-01-03 19:31,60,Lex,,,,,1970-01-03 19:31,Lex,1970-01-03 20:37,Lex,,,1970-01-04 2:26,1970-01-03 23:11,1970-01-04 2:26
697,1970-01-05 5:23,Personal,Dian,1970-01-05 5:23,Dian,,,,,,,,,,,,,,,,,,,,,,,,,,
698,1970-01-01 18:26,Phone,Dian,,,1970-01-01 18:26,1970-01-01 18:35,P,Dian,1970-01-01 18:35,1970-01-01 18:38,Dian,1970-01-01 18:38,System,1970-01-01 21:16,1970-01-01 21:59,120,Anne,,,,,1970-01-01 21:59,Anne,1970-01-01 23:59,Anne,,,1970-01-02 5:54,1970-01-02 3:51,1970-01-02 5:54
699,1970-01-04 13:09,Letter,Dian,,,1970-01-04 13:09,1970-01-04 13:17,P,Dian,1970-01-04 13:17,1970-01-04 16:23,Monica,1970-01-04 16:23,System,1970-01-13 7:47,1970-01-13 8:22,360,Jacky,,,,,,,,,1970-01-13 8:22,FixIt,1970-01-13 18:53,1970-01-13 22:21,1970-01-13 22:21
700,1970-01-06 11:22,Letter,Monica,,,1970-01-06 11:22,1970-01-06 11:27,P,Monica,1970-01-06 11:27,1970-01-06 17:34,Monica,1970-01-06 17:34,System,1970-01-08 9:45,1970-01-08 10:39,120,Barbara,,,,,1970-01-08 10:39,Barbara,1970-01-08 12:39,Barbara,,,1970-01-08 16:56,1970-01-08 13:34,1970-01-08 16:56
701,1970-01-03 21:50,Phone,Dian,,,1970-01-03 21:50,1970-01-03 21:58,P,Dian,1970-01-03 21:58,1970-01-03 22:03,Dian,1970-01-03 22:03,System,1970-01-05 4:05,1970-01-05 5:01,120,Barbara,,,,,1970-01-05 5:01,Barbara,1970-01-05 7:13,Barbara,,,1970-01-05 10:51,1970-01-05 12:30,1970-01-05 12:30
702,1970-01-05 6:09,Web,Monica,,,1970-01-05 6:09,1970-01-05 6:11,P,Monica,1970-01-05 6:11,1970-01-05 17:01,Monica,1970-01-05 17:01,System,1970-01-06 1:39,1970-01-06 2:35,120,Anne,,,,,1970-01-06 2:35,Anne,1970-01-06 4:35,Anne,,,1970-01-06 9:51,1970-01-06 9:14,1970-01-06 9:51
703,1970-01-03 14:08,Web,Dian,,,1970-01-03 14:08,1970-01-03 14:11,E,Dian,1970-01-03 14:11,1970-01-03 15:39,Monica,1970-01-03 15:39,System,1970-01-03 22:25,1970-01-03 22:40,240,John,1970-01-04 19:06,John,1970-01-04 23:30,John,,,,,,,1970-01-05 0:58,1970-01-05 1:58,1970-01-05 1:58
704,1970-01-05 1:54,Personal,Monica,,,1970-01-05 1:54,1970-01-05 2:00,P,Monica,1970-01-05 2:00,1970-01-05 2:02,Monica,1970-01-05 2:02,System,1970-01-12 23:28,1970-01-13 0:11,120,Jacky,,,,,1970-01-13 0:11,Jacky,1970-01-13 1:59,Jacky,,,1970-01-13 8:42,1970-01-13 9:44,1970-01-13 9:44
705,1970-01-05 23:33,Phone,Monica,1970-01-05 23:33,Monica,,,,,,,,,,,,,,,,,,,,,,,,,,
706,1970-01-01 21:59,Letter,Monica,1970-01-01 21:59,Monica,,,,,,,,,,,,,,,,,,,,,,,,,,
707,1970-01-07 0:10,Phone,Dian,,,1970-01-07 0:10,1970-01-07 0:14,B,Dian,1970-01-07 0:14,1970-01-07 0:16,Dian,1970-01-07 0:16,System,1970-01-07 0:16,1970-01-07 0:58,480,Nick,,,,,,,,,1970-01-07 0:58,FixIt,1970-01-07 13:49,1970-01-07 12:45,1970-01-07 13:49
708,1970-01-04 6:19,Personal,Monica,,,1970-01-04 6:19,1970-01-04 6:24,E,Monica,1970-01-04 6:24,1970-01-04 6:28,Monica,1970-01-04 6:28,System,1970-01-04 6:38,1970-01-04 7:27,240,Paul,1970-01-04 7:30,Cindy,1970-01-04 11:54,Cindy,,,,,,,1970-01-04 12:27,1970-01-04 18:57,1970-01-04 18:57
709,1970-01-06 12:15,Web,Dian,,,1970-01-06 12:15,1970-01-06 12:17,P,Dian,1970-01-06 12:17,1970-01-06 12:21,Dian,1970-01-06 12:21,System,1970-01-09 14:43,1970-01-09 15:21,120,Jacky,,,,,1970-01-09 15:21,Jacky,1970-01-09 17:09,Jacky,,,1970-01-09 23:10,1970-01-09 20:22,1970-01-09 23:10
710,1970-01-08 0:59,Letter,Dian,,,1970-01-08 0:59,1970-01-08 1:04,E,Dian,1970-01-08 1:04,1970-01-08 1:07,Dian,1970-01-08 1:07,System,1970-01-13 11:32,1970-01-13 12:13,220,Cindy,1970-01-17 11:52,John,1970-01-17 15:10,John,,,,,,,1970-01-17 15:49,1970-01-17 22:23,1970-01-17 22:23
711,1970-01-04 1:41,Personal,Monica,,,1970-01-04 1:41,1970-01-04 1:45,E,Monica,1970-01-04 1:45,1970-01-04 1:49,Monica,1970-01-04 1:49,System,1970-01-08 16:01,1970-01-08 16:20,220,Cindy,1970-01-11 11:43,John,1970-01-11 15:45,John,,,,,,,1970-01-11 20:35,1970-01-11 16:27,1970-01-11 20:35
712,1970-01-06 12:21,Personal,Dian,,,1970-01-06 12:21,1970-01-06 12:23,E,Dian,1970-01-06 12:23,1970-01-06 12:27,Dian,1970-01-06 12:27,System,1970-01-06 15:11,1970-01-06 15:50,220,Paul,1970-01-06 22:44,Edd,1970-01-07 2:02,Edd,,,,,,,1970-01-07 3:06,1970-01-07 9:33,1970-01-07 9:33
713,1970-01-04 17:00,Web,Dian,,,1970-01-04 17:00,1970-01-04 17:06,E,Dian,1970-01-04 17:06,1970-01-04 17:08,Dian,1970-01-04 17:08,System,1970-01-13 3:39,1970-01-13 4:30,240,Paul,1970-01-17 15:51,Edd,1970-01-17 19:27,Edd,,,,,,,1970-01-17 21:19,1970-01-18 0:28,1970-01-18 0:28
714,1970-01-08 4:12,Letter,Dian,,,1970-01-08 4:12,1970-01-08 4:19,E,Dian,1970-01-08 4:19,1970-01-08 4:23,Dian,1970-01-08 4:23,System,1970-01-11 20:46,1970-01-11 21:33,220,Cindy,1970-01-14 18:00,Edd,1970-01-14 22:02,Edd,,,,,,,1970-01-15 5:28,1970-01-15 0:51,1970-01-15 5:28
715,1970-01-07 1:54,Personal,Monica,,,1970-01-07 1:54,1970-01-07 1:58,B,Monica,1970-01-07 1:58,1970-01-07 2:02,Monica,1970-01-07 2:02,System,1970-01-07 2:02,1970-01-07 2:25,160,Nick,1970-01-07 2:25,Nick,1970-01-07 5:21,Nick,,,,,,,1970-01-07 6:42,1970-01-07 6:30,1970-01-07 6:42
716,1970-01-06 4:54,Personal,Dian,,,1970-01-06 4:54,1970-01-06 4:59,P,Dian,1970-01-06 4:59,1970-01-06 5:04,Dian,1970-01-06 5:04,System,1970-01-12 0:39,1970-01-12 1:20,240,Barbara,1970-01-12 1:20,Barbara,1970-01-12 5:44,Barbara,,,,,,,1970-01-12 6:50,1970-01-12 12:14,1970-01-12 12:14
717,1970-01-05 19:40,Personal,Dian,,,1970-01-05 19:40,1970-01-05 19:45,E,Dian,1970-01-05 19:45,1970-01-05 19:50,Dian,1970-01-05 19:50,System,1970-01-14 8:02,1970-01-14 8:55,220,Cindy,1970-01-16 6:08,Edd,1970-01-16 9:48,Edd,,,,,,,1970-01-16 16:58,1970-01-16 13:40,1970-01-16 16:58
718,1970-01-03 4:56,Web,Dian,1970-01-03 4:56,Dian,,,,,,,,,,,,,,,,,,,,,,,,,,
719,1970-01-01 23:29,Letter,Monica,,,1970-01-01 23:29,1970-01-01 23:35,P,Monica,1970-01-01 23:35,1970-01-02 13:02,Monica,1970-01-02 13:02,System,1970-01-02 16:28,1970-01-02 17:19,120,Anne,,,,,1970-01-02 17:19,Anne,1970-01-02 19:19,Anne,1970-01-02 19:19,FixIt,1970-01-03 4:25,1970-01-03 4:15,1970-01-03 4:25
720,1970-01-05 2:32,Phone,Monica,,,1970-01-05 2:32,1970-01-05 2:36,E,Monica,1970-01-05 2:36,1970-01-05 2:40,Monica,1970-01-05 2:40,System,1970-01-07 10:59,1970-01-07 11:25,220,Edd,1970-01-09 7:27,Paul,1970-01-09 11:29,Paul,,,,,,,1970-01-09 12:02,1970-01-09 13:50,1970-01-09 13:50
721,1970-01-05 6:55,Personal,Dian,,,1970-01-05 6:55,1970-01-05 6:57,B,Dian,1970-01-05 6:57,1970-01-05 7:02,Dian,1970-01-05 7:02,System,1970-01-05 7:22,1970-01-05 8:05,160,Lex,1970-01-05 8:32,Nick,1970-01-05 11:12,Nick,,,,,1970-01-05 11:12,FixIt,1970-01-05 19:20,1970-01-05 19:32,1970-01-05 19:32
722,1970-01-07 2:45,Phone,Monica,,,1970-01-07 2:45,1970-01-07 2:48,E,Monica,1970-01-07 2:48,1970-01-07 2:50,Monica,1970-01-07 2:50,System,1970-01-08 6:45,1970-01-08 7:29,240,John,1970-01-08 7:29,John,1970-01-08 11:53,John,,,,,,,1970-01-08 16:04,1970-01-08 14:38,1970-01-08 16:04
723,1970-01-03 10:53,Phone,Dian,1970-01-03 10:53,Dian,,,,,,,,,,,,,,,,,,,,,,,,,,
724,1970-01-04 9:03,Personal,Dian,,,1970-01-04 9:03,1970-01-04 9:12,E,Dian,1970-01-04 9:12,1970-01-04 9:14,Dian,1970-01-04 9:14,System,1970-01-04 16:40,1970-01-04 17:21,220,Cindy,1970-01-04 20:52,Paul,1970-01-05 0:54,Paul,,,,,,,1970-01-05 7:43,1970-01-05 5:51,1970-01-05 7:43
725,1970-01-06 23:26,Web,Monica,,,1970-01-06 23:26,1970-01-06 23:28,E,Monica,1970-01-06 23:28,1970-01-07 8:57,Monica,1970-01-07 8:57,System,1970-01-08 23:11,1970-01-09 0:11,220,Cindy,1970-01-09 7:31,Edd,1970-01-09 11:33,Edd,,,,,,,1970-01-09 14:13,1970-01-09 14:37,1970-01-09 14:37
726,1970-01-04 2:30,Web,Monica,,,1970-01-04 2:30,1970-01-04 2:34,E,Monica,1970-01-04 2:34,1970-01-04 7:30,Monica,1970-01-04 7:30,System,1970-01-12 2:36,1970-01-12 2:51,220,Edd,1970-01-19 9:37,Paul,1970-01-19 13:17,Paul,,,,,,,1970-01-19 19:24,1970-01-19 19:29,1970-01-19 19:29
727,1970-01-03 20:40,Web,Dian,,,1970-01-03 20:40,1970-01-03 20:42,P,Dian,1970-01-03 20:42,1970-01-04 0:30,Dian,1970-01-04 0:30,System,1970-01-10 4:27,1970-01-10 4:58,120,Jacky,,,,,1970-01-10 4:58,Jacky,1970-01-10 7:10,Jacky,,,1970-01-10 10:33,1970-01-10 14:38,1970-01-10 14:38
728,1970-01-02 1:54,Personal,Monica,,,1970-01-02 1:54,1970-01-02 1:57,P,Monica,1970-01-02 1:57,1970-01-02 2:02,Monica,1970-01-02 2:02,System,1970-01-08 7:23,1970-01-08 8:20,240,Jacky,1970-01-08 8:20,Jacky,1970-01-08 11:56,Jacky,,,,,,,1970-01-08 17:00,1970-01-08 19:52,1970-01-08 19:52
729,1970-01-05 16:54,Letter,Dian,,,1970-01-05 16:54,1970-01-05 16:56,P,Dian,1970-01-05 16:56,1970-01-05 21:27,Monica,1970-01-05 21:27,System,1970-01-11 12:50,1970-01-11 13:35,360,Anne,,,,,,,,,1970-01-11 13:35,DoIt,1970-01-11 20:47,1970-01-11 19:52,1970-01-11 20:47
730,1970-01-03 16:32,Personal,Monica,,,1970-01-03 16:32,1970-01-03 16:37,E,Monica,1970-01-03 16:37,1970-01-03 16:42,Monica,1970-01-03 16:42,System,1970-01-12 6:27,1970-01-12 6:55,220,Edd,1970-01-12 12:36,Cindy,1970-01-12 16:38,Cindy,,,,,,,1970-01-12 20:59,1970-01-12 22:51,1970-01-12 22:51
731,1970-01-06 5:21,Web,Dian,,,1970-01-06 5:21,1970-01-06 5:26,P,Dian,1970-01-06 5:26,1970-01-06 5:31,Dian,1970-01-06 5:31,System,1970-01-06 15:36,1970-01-06 16:27,120,Barbara,,,,,1970-01-06 16:27,Barbara,1970-01-06 18:15,Barbara,,,1970-01-06 19:28,1970-01-06 21:25,1970-01-06 21:25
732,1970-01-08 1:19,Personal,Monica,,,1970-01-08 1:19,1970-01-08 1:22,B,Monica,1970-01-08 1:22,1970-01-08 1:27,Monica,1970-01-08 1:27,System,1970-01-08 1:27,1970-01-08 2:03,240,Lex,1970-01-08 2:03,Lex,1970-01-08 6:03,Lex,,,,,,,1970-01-08 12:25,1970-01-08 13:56,1970-01-08 13:56
733,1970-01-06 7:30,Letter,Monica,,,1970-01-06 7:30,1970-01-06 7:36,P,Monica,1970-01-06 7:36,1970-01-06 7:40,Monica,1970-01-06 7:40,System,1970-01-08 14:10,1970-01-08 14:54,240,Anne,1970-01-08 15:14,Barbara,1970-01-08 19:38,Barbara,,,,,1970-01-08 19:38,FixIt,1970-01-09 5:32,1970-01-09 1:29,1970-01-09 5:32
734,1970-01-06 22:43,Letter,Monica,,,1970-01-06 22:43,1970-01-06 22:47,E,Monica,1970-01-06 22:47,1970-01-06 22:50,Monica,1970-01-06 22:50,System,1970-01-09 23:42,1970-01-10 0:16,240,Cindy,1970-01-14 22:02,Edd,1970-01-15 2:02,Edd,,,,,,,1970-01-15 8:13,1970-01-15 5:58,1970-01-15 8:13
735,1970-01-04 3:47,Letter,Dian,,,1970-01-04 3:47,1970-01-04 3:56,E,Dian,1970-01-04 3:56,1970-01-04 7:57,Dian,1970-01-04 7:57,System,1970-01-06 5:48,1970-01-06 6:31,220,Paul,1970-01-06 11:34,Cindy,1970-01-06 15:36,Cindy,,,,,,,1970-01-06 18:00,1970-01-06 20:54,1970-01-06 20:54
736,1970-01-04 7:11,Web,Dian,,,1970-01-04 7:11,1970-01-04 7:13,P,Dian,1970-01-04 7:13,1970-01-04 12:37,Monica,1970-01-04 12:37,System,1970-01-09 0:10,1970-01-09 1:08,120,Anne,,,,,1970-01-09 1:08,Anne,1970-01-09 2:56,Anne,,,1970-01-09 8:47,1970-01-09 8:04,1970-01-09 8:47
737,1970-01-05 16:35,Personal,Dian,,,1970-01-05 16:35,1970-01-05 16:40,E,Dian,1970-01-05 16:40,1970-01-05 16:44,Dian,1970-01-05 16:44,System,1970-01-06 4:49,1970-01-06 5:48,240,Paul,1970-01-07 15:53,Cindy,1970-01-07 19:53,Cindy,,,,,,,1970-01-07 21:27,1970-01-07 20:31,1970-01-07 21:27
738,1970-01-08 1:19,Web,Dian,,,1970-01-08 1:19,1970-01-08 1:21,B,Dian,1970-01-08 1:21,1970-01-08 1:23,Dian,1970-01-08 1:23,System,1970-01-08 1:23,1970-01-08 1:47,60,Ben,,,,,1970-01-08 1:47,Ben,1970-01-08 2:47,Ben,,,1970-01-08 5:06,1970-01-08 7:29,1970-01-08 7:29
739,1970-01-05 10:09,Personal,Monica,,,1970-01-05 10:09,1970-01-05 10:13,P,Monica,1970-01-05 10:13,1970-01-05 10:17,Monica,1970-01-05 10:17,System,1970-01-05 18:00,1970-01-05 18:50,120,Jacky,,,,,1970-01-05 18:50,Jacky,1970-01-05 20:50,Jacky,,,1970-01-06 4:31,1970-01-06 3:55,1970-01-06 4:31
740,1970-01-06 10:58,Personal,Monica,,,1970-01-06 10:58,1970-01-06 11:04,E,Monica,1970-01-06 11:04,1970-01-06 11:08,Monica,1970-01-06 11:08,System,1970-01-13 13:55,1970-01-13 14:55,240,Paul,1970-01-14 2:07,John,1970-01-14 6:07,John,,,,,,,1970-01-14 13:19,1970-01-14 10:02,1970-01-14 13:19
741,1970-01-06 17:47,Letter,Dian,,,1970-01-06 17:47,1970-01-06 17:54,E,Dian,1970-01-06 17:54,1970-01-06 17:58,Dian,1970-01-06 17:58,System,1970-01-09 22:07,1970-01-09 22:38,240,Paul,1970-01-10 13:49,Cindy,1970-01-10 17:49,Cindy,,,,,,,1970-01-10 20:38,1970-01-10 21:25,1970-01-10 21:25
742,1970-01-05 12:16,Phone,Dian,,,1970-01-05 12:16,1970-01-05 12:21,P,Dian,1970-01-05 12:21,1970-01-05 12:23,Dian,1970-01-05 12:23,System,1970-01-08 22:40,1970-01-08 23:38,120,Anne,,,,,1970-01-08 23:38,Anne,1970-01-09 1:38,Anne,,,1970-01-09 3:18,1970-01-09 9:07,1970-01-09 9:07
743,1970-01-07 22:33,Phone,Dian,,,1970-01-07 22:33,1970-01-07 22:36,E,Dian,1970-01-07 22:36,1970-01-07 22:40,Dian,1970-01-07 22:40,System,1970-01-08 4:58,1970-01-08 5:30,220,John,1970-01-10 3:09,Cindy,1970-01-10 7:11,Cindy,,,,,,,1970-01-10 15:09,1970-01-10 11:00,1970-01-10 15:09
744,1970-01-07 14:11,Letter,Monica,,,1970-01-07 14:11,1970-01-07 14:17,E,Monica,1970-01-07 14:17,1970-01-07 20:31,Monica,1970-01-07 20:31,System,1970-01-11 20:18,1970-01-11 20:46,240,Cindy,1970-01-17 7:41,Paul,1970-01-17 11:17,Paul,,,,,,,1970-01-17 17:46,1970-01-17 11:41,1970-01-17 17:46
745,1970-01-02 21:23,Personal,Dian,,,1970-01-02 21:23,1970-01-02 21:29,E,Dian,1970-01-02 21:29,1970-01-02 21:34,Dian,1970-01-02 21:34,System,1970-01-11 16:19,1970-01-11 17:10,240,Paul,1970-01-18 7:17,Cindy,1970-01-18 11:41,Cindy,,,,,,,1970-01-18 13:40,1970-01-18 19:04,1970-01-18 19:04
746,1970-01-01 9:20,Phone,Dian,,,1970-01-01 9:20,1970-01-01 9:22,P,Dian,1970-01-01 9:22,1970-01-01 9:27,Dian,1970-01-01 9:27,System,1970-01-01 9:27,1970-01-01 10:13,120,Jacky,,,,,1970-01-01 10:13,Jacky,1970-01-01 12:25,Jacky,1970-01-01 12:25,DoIt,1970-01-01 21:14,1970-01-01 16:40,1970-01-01 21:14
747,1970-01-07 9:07,Phone,Dian,1970-01-07 9:07,Dian,,,,,,,,,,,,,,,,,,,,,,,,,,
748,1970-01-08 7:08,Phone,Dian,,,1970-01-08 7:08,1970-01-08 7:12,E,Dian,1970-01-08 7:12,1970-01-08 7:16,Dian,1970-01-08 7:16,System,1970-01-08 10:22,1970-01-08 11:17,240,Cindy,1970-01-09 18:32,Edd,1970-01-09 22:56,Edd,,,,,,,1970-01-10 3:10,1970-01-10 1:13,1970-01-10 3:10
749,1970-01-02 4:51,Personal,Monica,,,1970-01-02 4:51,1970-01-02 4:57,B,Monica,1970-01-02 4:57,1970-01-02 5:01,Monica,1970-01-02 5:01,System,1970-01-02 5:01,1970-01-02 5:20,240,Ben,1970-01-02 5:20,Nick,1970-01-02 8:08,Nick,,,,,,,1970-01-02 11:52,1970-01-02 9:37,1970-01-02 11:52
750,1970-01-06 6:04,Letter,Dian,,,1970-01-06 6:04,1970-01-06 6:10,E,Dian,1970-01-06 6:10,1970-01-06 6:14,Dian,1970-01-06 6:14,System,1970-01-07 15:01,1970-01-07 15:18,220,Edd,1970-01-17 15:10,John,1970-01-17 18:50,John,,,,,,,1970-01-18 1:44,1970-01-17 19:04,1970-01-18 1:44
751,1970-01-04 17:14,Phone,Monica,,,1970-01-04 17:14,1970-01-04 17:20,P,Monica,1970-01-04 17:20,1970-01-04 17:25,Monica,1970-01-04 17:25,System,1970-01-13 3:17,1970-01-13 4:15,360,Barbara,,,,,,,,,1970-01-13 4:15,FixIt,1970-01-13 16:22,1970-01-13 16:52,1970-01-13 16:52
752,1970-01-03 13:25,Web,Monica,,,1970-01-03 13:25,1970-01-03 13:27,P,Monica,1970-01-03 13:27,1970-01-04 7:05,Monica,1970-01-04 7:05,System,1970-01-08 6:49,1970-01-08 7:33,120,Barbara,,,,,1970-01-08 7:33,Barbara,1970-01-08 9:45,Barbara,,,1970-01-08 13:38,1970-01-08 17:22,1970-01-08 17:22
753,1970-01-03 6:58,Phone,Dian,,,1970-01-03 6:58,1970-01-03 7:00,E,Dian,1970-01-03 7:00,1970-01-03 7:02,Dian,1970-01-03 7:02,System,1970-01-08 22:10,1970-01-08 22:36,240,Cindy,1970-01-09 3:03,Cindy,1970-01-14 18:04,Edd,,,,,,,1970-01-14 20:51,1970-01-14 23:10,1970-01-14 23:10
754,1970-01-08 0:40,Phone,Dian,,,1970-01-08 0:40,1970-01-08 0:43,B,Dian,1970-01-08 0:43,1970-01-08 0:45,Dian,1970-01-08 0:45,System,1970-01-08 0:45,1970-01-08 1:10,240,Ben,1970-01-08 1:10,Eric,1970-01-08 3:58,Eric,,,,,,,1970-01-08 4:30,1970-01-08 11:33,1970-01-08 11:33
755,1970-01-06 12:29,Phone,Monica,,,1970-01-06 12:29,1970-01-06 12:32,P,Monica,1970-01-06 12:32,1970-01-06 12:35,Monica,1970-01-06 12:35,System,1970-01-11 10:17,1970-01-11 11:07,240,Jacky,1970-01-11 12:24,Anne,1970-01-11 16:24,Anne,,,,,,,1970-01-11 18:42,1970-01-11 19:47,1970-01-11 19:47
756,1970-01-05 5:56,Web,Dian,1970-01-05 5:56,Dian,,,,,,,,,,,,,,,,,,,,,,,,,,
757,1970-01-07 17:23,Phone,Monica,,,1970-01-07 17:23,1970-01-07 17:28,E,Monica,1970-01-07 17:28,1970-01-07 17:32,Monica,1970-01-07 17:32,System,1970-01-08 17:45,1970-01-08 18:24,240,Edd,1970-01-09 1:40,John,1970-01-09 5:16,John,,,,,,,1970-01-09 12:08,1970-01-09 12:25,1970-01-09 12:25
758,1970-01-07 17:54,Personal,Monica,,,1970-01-07 17:54,1970-01-07 17:56,E,Monica,1970-01-07 17:56,1970-01-07 18:01,Monica,1970-01-07 18:01,System,1970-01-14 22:12,1970-01-14 22:49,240,Cindy,1970-01-17 8:15,Edd,1970-01-17 12:15,Edd,,,,,,,1970-01-17 18:02,1970-01-17 19:49,1970-01-17 19:49
759,1970-01-04 14:18,Letter,Monica,,,1970-01-04 14:18,1970-01-04 14:20,P,Monica,1970-01-04 14:20,1970-01-04 22:11,Monica,1970-01-04 22:11,System,1970-01-08 22:23,1970-01-08 23:05,120,Barbara,,,,,1970-01-08 23:05,Barbara,1970-01-09 1:05,Barbara,,,1970-01-09 7:28,1970-01-09 3:57,1970-01-09 7:28
760,1970-01-05 0:27,Phone,Monica,,,1970-01-05 0:27,1970-01-05 0:33,E,Monica,1970-01-05 0:33,1970-01-05 0:35,Monica,1970-01-05 0:35,System,1970-01-06 23:36,1970-01-07 0:18,240,Cindy,1970-01-07 8:01,Paul,1970-01-07 12:01,Paul,,,,,,,1970-01-07 12:50,1970-01-07 17:12,1970-01-07 17:12
761,1970-01-05 16:17,Letter,Monica,,,1970-01-05 16:17,1970-01-05 16:22,P,Monica,1970-01-05 16:22,1970-01-05 16:27,Monica,1970-01-05 16:27,System,1970-01-06 9:10,1970-01-06 9:42,120,Jacky,,,,,1970-01-06 9:42,Jacky,1970-01-06 11:54,Jacky,,,1970-01-06 12:17,1970-01-06 19:52,1970-01-06 19:52
762,1970-01-03 11:47,Phone,Monica,,,1970-01-03 11:47,1970-01-03 11:53,P,Monica,1970-01-03 11:53,1970-01-03 11:56,Monica,1970-01-03 11:56,System,1970-01-07 7:45,1970-01-07 8:30,120,Barbara,1970-01-07 10:34,Anne,1970-01-07 12:22,Anne,1970-01-07 8:30,Barbara,1970-01-07 10:30,Barbara,,,1970-01-07 17:29,1970-01-07 14:37,1970-01-07 17:29
763,1970-01-01 11:09,Letter,Dian,,,1970-01-01 11:09,1970-01-01 11:13,P,Dian,1970-01-01 11:13,1970-01-01 11:17,Dian,1970-01-01 11:17,System,1970-01-01 11:17,1970-01-01 12:00,120,Anne,,,,,1970-01-01 12:00,Anne,1970-01-01 14:12,Anne,,,1970-01-01 14:22,1970-01-01 19:49,1970-01-01 19:49
764,1970-01-03 1:07,Phone,Monica,,,1970-01-03 1:07,1970-01-03 1:12,E,Monica,1970-01-03 1:12,1970-01-03 1:15,Monica,1970-01-03 1:15,System,1970-01-03 21:40,1970-01-03 22:10,220,Paul,1970-01-03 22:10,Paul,1970-01-04 1:28,Paul,,,,,,,1970-01-04 4:17,1970-01-04 3:24,1970-01-04 4:17
765,1970-01-05 14:10,Web,Monica,,,1970-01-05 14:10,1970-01-05 14:12,E,Monica,1970-01-05 14:12,1970-01-05 23:40,Monica,1970-01-05 23:40,System,1970-01-13 23:15,1970-01-13 23:36,220,Cindy,1970-01-14 9:25,Cindy,1970-01-16 9:51,Paul,,,,,,,1970-01-16 13:11,1970-01-16 11:58,1970-01-16 13:11
766,1970-01-02 8:18,Web,Dian,1970-01-02 8:18,Dian,,,,,,,,,,,,,,,,,,,,,,,,,,
767,1970-01-05 19:26,Personal,Monica,,,1970-01-05 19:26,1970-01-05 19:30,P,Monica,1970-01-05 19:30,1970-01-05 19:34,Monica,1970-01-05 19:34,System,1970-01-09 4:08,1970-01-09 5:07,120,Anne,1970-01-09 7:19,Anne,1970-01-09 9:31,Anne,1970-01-09 5:07,Anne,1970-01-09 7:19,Anne,,,1970-01-09 16:17,1970-01-09 11:30,1970-01-09 16:17
768,1970-01-03 8:39,Web,Monica,,,1970-01-03 8:39,1970-01-03 8:43,B,Monica,1970-01-03 8:43,1970-01-03 8:48,Monica,1970-01-03 8:48,System,1970-01-03 8:48,1970-01-03 9:25,240,Ben,1970-01-03 9:25,Ben,1970-01-03 12:37,Ben,,,,,,,1970-01-03 14:50,1970-01-03 16:30,1970-01-03 16:30
769,1970-01-02 1:10,Phone,Monica,1970-01-02 1:10,Monica,,,,,,,,,,,,,,,,,,,,,,,,,,
770,1970-01-02 10:31,Personal,Dian,,,1970-01-02 10:31,1970-01-02 10:33,E,Dian,1970-01-02 10:33,1970-01-02 10:37,Dian,1970-01-02 10:37,System,1970-01-03 3:13,1970-01-03 4:10,240,Paul,1970-01-03 10:51,Edd,1970-01-03 14:27,Edd,,,,,,,1970-01-03 17:39,1970-01-03 21:23,1970-01-03 21:23
771,1970-01-03 1:14,Personal,Dian,,,1970-01-03 1:14,1970-01-03 1:21,E,Dian,1970-01-03 1:21,1970-01-03 1:24,Dian,1970-01-03 1:24,System,1970-01-14 20:19,1970-01-14 21:12,240,Paul,1970-01-18 18:30,John,1970-01-18 22:54,John,,,,,,,1970-01-18 23:03,1970-01-19 3:09,1970-01-19 3:09
772,1970-01-08 6:42,Personal,Monica,,,1970-01-08 6:42,1970-01-08 6:47,B,Monica,1970-01-08 6:47,1970-01-08 6:49,Monica,1970-01-08 6:49,System,1970-01-08 6:49,1970-01-08 7:26,480,Nick,,,,,,,,,1970-01-08 7:26,FixIt,1970-01-08 17:53,1970-01-09 0:33,1970-01-09 0:33
773,1970-01-01 13:47,Personal,Monica,1970-01-01 13:47,Monica,,,,,,,,,,,,,,,,,,,,,,,,,,
774,1970-01-04 14:15,Web,Monica,1970-01-04 14:15,Monica,,,,,,,,,,,,,,,,,,,,,,,,,,
775,1970-01-04 22:50,Web,Dian,,,1970-01-04 22:50,1970-01-04 22:53,P,Dian,1970-01-04 22:53,1970-01-04 22:58,Dian,1970-01-04 22:58,System,1970-01-06 10:00,1970-01-06 10:43,120,Anne,1970-01-06 12:31,Anne,1970-01-06 14:19,Anne,1970-01-06 10:43,Anne,1970-01-06 12:31,Anne,1970-01-06 14:19,DoIt,1970-01-06 22:20,1970-01-06 20:58,1970-01-06 22:20
776,1970-01-03 13:31,Phone,Dian,,,1970-01-03 13:31,1970-01-03 13:40,B,Dian,1970-01-03 13:40,1970-01-03 13:43,Dian,1970-01-03 13:43,System,1970-01-03 13:43,1970-01-03 14:06,240,Eric,1970-01-03 14:06,Eric,1970-01-03 19:42,Eric,,,,,1970-01-03 19:42,FixIt,1970-01-04 0:17,1970-01-04 6:05,1970-01-04 6:05
777,1970-01-08 2:12,Web,Monica,,,1970-01-08 2:12,1970-01-08 2:16,E,Monica,1970-01-08 2:16,1970-01-08 11:41,Monica,1970-01-08 11:41,System,1970-01-13 10:32,1970-01-13 10:51,220,Paul,1970-01-15 14:52,Cindy,1970-01-15 18:32,Cindy,,,,,,,1970-01-15 19:36,1970-01-15 19:37,1970-01-15 19:37
778,1970-01-05 23:01,Personal,Monica,,,1970-01-05 23:01,1970-01-05 23:05,E,Monica,1970-01-05 23:05,1970-01-05 23:07,Monica,1970-01-05 23:07,System,1970-01-16 19:28,1970-01-16 19:52,240,Cindy,1970-01-18 2:52,John,1970-01-18 10:52,John,,,,,,,1970-01-18 16:25,1970-01-18 12:01,1970-01-18 16:25
779,1970-01-02 19:58,Personal,Monica,,,1970-01-02 19:58,1970-01-02 20:02,P,Monica,1970-01-02 20:02,1970-01-02 20:07,Monica,1970-01-02 20:07,System,1970-01-02 21:50,1970-01-02 22:37,120,Anne,,,,,1970-01-02 22:37,Anne,1970-01-03 0:37,Anne,,,1970-01-03 5:34,1970-01-03 3:34,1970-01-03 5:34
780,1970-01-03 18:55,Web,Monica,1970-01-03 18:55,Monica,,,,,,,,,,,,,,,,,,,,,,,,,,
781,1970-01-01 15:28,Phone,Dian,,,1970-01-01 15:28,1970-01-01 15:34,E,Dian,1970-01-01 15:34,1970-01-01 15:38,Dian,1970-01-01 15:38,System,1970-01-01 22:36,1970-01-01 23:19,240,Edd,1970-01-01 23:19,Edd,1970-01-02 2:55,Edd,,,,,,,1970-01-02 3:41,1970-01-02 9:50,1970-01-02 9:50
782,1970-01-04 4:44,Personal,Monica,,,1970-01-04 4:44,1970-01-04 4:48,P,Monica,1970-01-04 4:48,1970-01-04 4:50,Monica,1970-01-04 4:50,System,1970-01-06 21:10,1970-01-06 21:43,120,Barbara,,,,,1970-01-06 21:43,Barbara,1970-01-06 23:43,Barbara,,,1970-01-07 7:13,1970-01-07 1:48,1970-01-07 7:13
783,1970-01-01 13:51,Web,Dian,,,1970-01-01 13:51,1970-01-01 13:54,P,Dian,1970-01-01 13:54,1970-01-01 22:58,Monica,1970-01-01 22:58,System,1970-01-03 2:15,1970-01-03 3:08,120,Anne,,,,,1970-01-03 3:08,Anne,1970-01-03 4:56,Anne,,,1970-01-03 7:18,1970-01-03 8:47,1970-01-03 8:47
784,1970-01-04 22:32,Web,Monica,1970-01-04 22:32,Monica,,,,,,,,,,,,,,,,,,,,,,,,,,
785,1970-01-07 7:20,Personal,Monica,,,1970-01-07 7:20,1970-01-07 7:25,E,Monica,1970-01-07 7:25,1970-01-07 7:28,Monica,1970-01-07 7:28,System,1970-01-14 0:11,1970-01-14 1:09,240,John,1970-01-15 6:00,John,1970-01-15 10:00,John,,,,,,,1970-01-15 13:16,1970-01-15 14:26,1970-01-15 14:26
786,1970-01-03 16:10,Letter,Monica,,,1970-01-03 16:10,1970-01-03 16:15,B,Monica,1970-01-03 16:15,1970-01-03 16:20,Monica,1970-01-03 16:20,System,1970-01-03 16:20,1970-01-03 16:57,60,Nick,,,,,1970-01-03 16:57,Nick,1970-01-03 17:39,Nick,,,1970-01-03 21:33,1970-01-03 22:41,1970-01-03 22:41
787,1970-01-03 14:08,Phone,Monica,,,1970-01-03 14:08,1970-01-03 14:14,B,Monica,1970-01-03 14:14,1970-01-03 14:16,Monica,1970-01-03 14:16,System,1970-01-03 14:16,1970-01-03 14:32,160,Ben,1970-01-03 14:32,Lex,1970-01-03 17:12,Lex,,,,,,,1970-01-03 20:03,1970-01-04 0:23,1970-01-04 0:23
788,1970-01-04 7:26,Personal,Monica,,,1970-01-04 7:26,1970-01-04 7:32,P,Monica,1970-01-04 7:32,1970-01-04 7:36,Monica,1970-01-04 7:36,System,1970-01-08 1:31,1970-01-08 2:25,240,Barbara,1970-01-08 2:25,Barbara,1970-01-08 6:49,Barbara,,,,,,,1970-01-08 12:24,1970-01-08 8:01,1970-01-08 12:24
789,1970-01-02 5:10,Letter,Monica,,,1970-01-02 5:10,1970-01-02 5:14,P,Monica,1970-01-02 5:14,1970-01-02 5:19,Monica,1970-01-02 5:19,System,1970-01-03 10:07,1970-01-03 10:41,120,Jacky,,,,,1970-01-03 10:41,Jacky,1970-01-03 12:41,Jacky,,,1970-01-03 20:37,1970-01-03 14:16,1970-01-03 20:37
790,1970-01-03 11:18,Phone,Monica,,,1970-01-03 11:18,1970-01-03 11:21,P,Monica,1970-01-03 11:21,1970-01-03 11:25,Monica,1970-01-03 11:25,System,1970-01-03 17:21,1970-01-03 18:07,240,Anne,1970-01-03 19:42,Barbara,1970-01-03 23:42,Barbara,,,,,,,1970-01-04 6:59,1970-01-04 4:12,1970-01-04 6:59
791,1970-01-03 7:57,Letter,Dian,,,1970-01-03 7:57,1970-01-03 8:05,E,Dian,1970-01-03 8:05,1970-01-03 8:08,Dian,1970-01-03 8:08,System,1970-01-06 0:57,1970-01-06 1:55,240,Cindy,1970-01-06 11:23,Edd,1970-01-06 14:59,Edd,,,,,,,1970-01-06 19:04,1970-01-06 22:56,1970-01-06 22:56
792,1970-01-04 21:25,Web,Monica,,,1970-01-04 21:25,1970-01-04 21:27,P,Monica,1970-01-04 21:27,1970-01-04 21:32,Monica,1970-01-04 21:32,System,1970-01-06 19:40,1970-01-06 20:18,120,Anne,,,,,1970-01-06 20:18,Anne,1970-01-06 22:30,Anne,1970-01-06 22:30,DoIt,1970-01-07 2:20,1970-01-07 0:53,1970-01-07 2:20
793,1970-01-06 16:36,Letter,Dian,,,1970-01-06 16:36,1970-01-06 16:46,E,Dian,1970-01-06 16:46,1970-01-07 2:02,Monica,1970-01-07 2:02,System,1970-01-12 11:45,1970-01-12 12:41,220,John,1970-01-12 20:14,Cindy,1970-01-12 23:32,Cindy,,,,,,,1970-01-13 7:11,1970-01-13 5:30,1970-01-13 7:11
794,1970-01-07 15:17,Phone,Dian,,,1970-01-07 15:17,1970-01-07 15:27,E,Dian,1970-01-07 15:27,1970-01-07 15:31,Dian,1970-01-07 15:31,System,1970-01-11 11:58,1970-01-11 12:51,220,Paul,1970-01-16 2:50,Edd,1970-01-16 6:08,Edd,,,,,,,1970-01-16 9:36,1970-01-16 6:44,1970-01-16 9:36
795,1970-01-01 12:01,Web,Dian,,,1970-01-01 12:01,1970-01-01 12:04,E,Dian,1970-01-01 12:04,1970-01-01 12:08,Dian,1970-01-01 12:08,System,1970-01-01 13:36,1970-01-01 14:05,240,Paul,1970-01-01 14:05,Paul,1970-01-01 17:41,Paul,,,,,,,1970-01-02 0:05,1970-01-01 20:32,1970-01-02 0:05
796,1970-01-04 20:11,Phone,Dian,,,1970-01-04 20:11,1970-01-04 20:20,P,Dian,1970-01-04 20:20,1970-01-04 20:23,Dian,1970-01-04 20:23,System,1970-01-13 1:31,1970-01-13 2:31,360,Barbara,,,,,,,,,1970-01-13 2:31,DoIt,1970-01-13 11:19,1970-01-13 10:06,1970-01-13 11:19
797,1970-01-07 10:51,Letter,Monica,,,1970-01-07 10:51,1970-01-07 10:57,P,Monica,1970-01-07 10:57,1970-01-07 11:02,Monica,1970-01-07 11:02,System,1970-01-14 8:25,1970-01-14 9:23,120,Barbara,,,,,1970-01-14 9:23,Barbara,1970-01-14 11:23,Barbara,,,1970-01-14 17:52,1970-01-14 15:55,1970-01-14 17:52
798,1970-01-05 19:32,Phone,Dian,,,1970-01-05 19:32,1970-01-05 19:35,P,Dian,1970-01-05 19:35,1970-01-05 19:40,Dian,1970-01-05 19:40,System,1970-01-13 0:32,1970-01-13 1:17,120,Anne,,,,,1970-01-13 1:17,Anne,1970-01-13 3:05,Anne,,,1970-01-13 11:01,1970-01-13 7:42,1970-01-13 11:01
799,1970-01-03 5:17,Personal,Monica,,,1970-01-03 5:17,1970-01-03 5:20,E,Monica,1970-01-03 5:20,1970-01-03 5:22,Monica,1970-01-03 5:22,System,1970-01-15 3:42,1970-01-15 3:58,240,Cindy,1970-01-18 10:37,Paul,1970-01-18 15:01,Paul,,,,,,,1970-01-18 19:57,1970-01-18 18:19,1970-01-18 19:57
800,1970-01-02 0:27,Web,Dian,,,1970-01-02 0:27,1970-01-02 0:31,P,Dian,1970-01-02 0:31,1970-01-02 0:33,Dian,1970-01-02 0:33,System,1970-01-02 4:00,1970-01-02 4:54,120,Anne,,,,,1970-01-02 4:54,Anne,1970-01-02 6:42,Anne,,,1970-01-02 11:44,1970-01-02 12:29,1970-01-02 12:29
801,1970-01-05 4:30,Web,Monica,,,1970-01-05 4:30,1970-01-05 4:34,E,Monica,1970-01-05 4:34,1970-01-05 10:44,Monica,1970-01-05 10:44,System,1970-01-12 15:52,1970-01-12 16:29,240,Paul,1970-01-12 16:29,Paul,1970-01-12 20:53,Paul,,,,,,,1970-01-13 4:16,1970-01-13 0:17,1970-01-13 4:16
802,1970-01-05 5:24,Phone,Monica,1970-01-05 5:24,Monica,,,,,,,,,,,,,,,,,,,,,,,,,,
803,1970-01-03 17:13,Web,Monica,1970-01-03 17:13,Monica,,,,,,,,,,,,,,,,,,,,,,,,,,
804,1970-01-02 13:40,Personal,Dian,,,1970-01-02 13:40,1970-01-02 13:47,P,Dian,1970-01-02 13:47,1970-01-02 13:49,Dian,1970-01-02 13:49,System,1970-01-02 22:38,1970-01-02 23:17,120,Barbara,,,,,1970-01-02 23:17,Barbara,1970-01-03 1:05,Barbara,,,1970-01-03 3:09,1970-01-03 3:41,1970-01-03 3:41
805,1970-01-04 12:27,Personal,Dian,,,1970-01-04 12:27,1970-01-04 12:37,E,Dian,1970-01-04 12:37,1970-01-04 12:40,Dian,1970-01-04 12:40,System,1970-01-08 16:51,1970-01-08 17:29,240,Paul,1970-01-09 8:59,Cindy,1970-01-09 12:35,Cindy,,,,,,,1970-01-09 16:58,1970-01-09 17:30,1970-01-09 17:30
806,1970-01-01 21:53,Personal,Monica,,,1970-01-01 21:53,1970-01-01 21:56,P,Monica,1970-01-01 21:56,1970-01-01 21:59,Monica,1970-01-01 21:59,System,1970-01-01 23:59,1970-01-02 0:58,360,Anne,,,,,,,,,1970-01-02 0:58,DoIt,1970-01-02 14:04,1970-01-02 8:27,1970-01-02 14:04
807,1970-01-04 19:11,Phone,Monica,,,1970-01-04 19:11,1970-01-04 19:16,B,Monica,1970-01-04 19:16,1970-01-04 19:21,Monica,1970-01-04 19:21,System,1970-01-04 19:21,1970-01-04 19:39,160,Ben,1970-01-04 19:39,Eric,1970-01-04 22:19,Eric,,,,,,,1970-01-05 0:59,1970-01-05 5:34,1970-01-05 5:34
808,1970-01-03 0:48,Phone,Dian,,,1970-01-03 0:48,1970-01-03 0:51,P,Dian,1970-01-03 0:51,1970-01-03 0:55,Dian,1970-01-03 0:55,System,1970-01-08 20:00,1970-01-08 20:40,120,Jacky,,,,,1970-01-08 20:40,Jacky,1970-01-08 22:52,Jacky,,,1970-01-09 5:36,1970-01-09 3:53,1970-01-09 5:36
809,1970-01-04 7:43,Letter,Dian,1970-01-04 7:43,Dian,,,,,,,,,,,,,,,,,,,,,,,,,,
810,1970-01-07 22:11,Web,Dian,,,1970-01-07 22:11,1970-01-07 22:15,P,Dian,1970-01-07 22:15,1970-01-08 11:45,Dian,1970-01-08 11:45,System,1970-01-12 5:07,1970-01-12 5:56,360,Jacky,,,,,,,,,1970-01-12 5:56,FixIt,1970-01-12 18:44,1970-01-12 14:48,1970-01-12 18:44
811,1970-01-04 14:50,Phone,Dian,,,1970-01-04 14:50,1970-01-04 15:00,E,Dian,1970-01-04 15:00,1970-01-04 15:05,Dian,1970-01-04 15:05,System,1970-01-10 2:28,1970-01-10 3:09,220,Cindy,1970-01-12 7:12,Edd,1970-01-12 10:52,Edd,,,,,,,1970-01-12 16:09,1970-01-12 11:41,1970-01-12 16:09
812,1970-01-04 6:28,Web,Dian,,,1970-01-04 6:28,1970-01-04 6:30,B,Dian,1970-01-04 6:30,1970-01-04 6:32,Dian,1970-01-04 6:32,System,1970-01-04 6:33,1970-01-04 7:01,60,Ben,,,,,1970-01-04 7:01,Ben,1970-01-04 7:49,Ben,,,1970-01-04 11:13,1970-01-04 13:09,1970-01-04 13:09
813,1970-01-02 19:29,Letter,Monica,,,1970-01-02 19:29,1970-01-02 19:34,E,Monica,1970-01-02 19:34,1970-01-02 21:55,Monica,1970-01-02 21:55,System,1970-01-05 22:02,1970-01-05 22:54,220,Edd,1970-01-06 1:55,Cindy,1970-01-06 5:35,Cindy,,,,,,,1970-01-06 7:44,1970-01-06 7:44,1970-01-06 7:44
814,1970-01-03 11:34,Web,Dian,,,1970-01-03 11:34,1970-01-03 11:39,E,Dian,1970-01-03 11:39,1970-01-03 18:21,Dian,1970-01-03 18:21,System,1970-01-04 3:25,1970-01-04 4:08,220,John,1970-01-04 11:02,John,1970-01-04 14:42,John,,,,,,,1970-01-04 22:34,1970-01-04 19:51,1970-01-04 22:34
815,1970-01-04 16:40,Personal,Monica,,,1970-01-04 16:40,1970-01-04 16:45,P,Monica,1970-01-04 16:45,1970-01-04 16:50,Monica,1970-01-04 16:50,System,1970-01-09 17:09,1970-01-09 17:40,240,Jacky,1970-01-09 17:40,Jacky,1970-01-09 22:04,Jacky,,,,,,,1970-01-10 2:16,1970-01-10 1:02,1970-01-10 2:16
816,1970-01-08 3:22,Letter,Dian,,,1970-01-08 3:22,1970-01-08 3:31,P,Dian,1970-01-08 3:31,1970-01-08 5:51,Dian,1970-01-08 5:51,System,1970-01-10 1:16,1970-01-10 2:15,120,Jacky,,,,,1970-01-10 2:15,Jacky,1970-01-10 4:27,Jacky,1970-01-10 4:27,DoIt,1970-01-10 7:31,1970-01-10 11:44,1970-01-10 11:44
817,1970-01-06 2:22,Web,Monica,1970-01-06 2:22,Monica,,,,,,,,,,,,,,,,,,,,,,,,,,
818,1970-01-05 1:30,Personal,Dian,,,1970-01-05 1:30,1970-01-05 1:36,E,Dian,1970-01-05 1:36,1970-01-05 1:38,Dian,1970-01-05 1:38,System,1970-01-05 6:25,1970-01-05 7:01,240,John,1970-01-05 7:18,Edd,1970-01-05 20:50,Edd,,,,,,,1970-01-06 1:07,1970-01-05 23:20,1970-01-06 1:07
819,1970-01-03 9:26,Personal,Dian,,,1970-01-03 9:26,1970-01-03 9:30,P,Dian,1970-01-03 9:30,1970-01-03 9:35,Dian,1970-01-03 9:35,System,1970-01-04 2:15,1970-01-04 3:14,120,Anne,,,,,1970-01-04 3:14,Anne,1970-01-04 5:26,Anne,,,1970-01-04 6:43,1970-01-04 11:25,1970-01-04 11:25
820,1970-01-04 14:11,Personal,Dian,,,1970-01-04 14:11,1970-01-04 14:21,E,Dian,1970-01-04 14:21,1970-01-04 14:25,Dian,1970-01-04 14:25,System,1970-01-13 20:46,1970-01-13 21:19,240,Paul,1970-01-14 13:36,Edd,1970-01-14 18:00,Edd,,,,,1970-01-14 18:00,DoIt,1970-01-14 22:50,1970-01-15 2:03,1970-01-15 2:03
821,1970-01-07 0:58,Web,Monica,,,1970-01-07 0:58,1970-01-07 1:02,P,Monica,1970-01-07 1:02,1970-01-07 1:06,Monica,1970-01-07 1:06,System,1970-01-09 14:03,1970-01-09 14:34,120,Anne,,,,,1970-01-09 14:34,Anne,1970-01-09 16:34,Anne,,,1970-01-09 23:07,1970-01-09 21:28,1970-01-09 23:07
822,1970-01-05 4:26,Personal,Monica,,,1970-01-05 4:26,1970-01-05 4:28,E,Monica,1970-01-05 4:28,1970-01-05 4:30,Monica,1970-01-05 4:30,System,1970-01-13 10:51,1970-01-13 11:36,220,Paul,1970-01-19 13:17,Paul,1970-01-19 17:19,Paul,,,,,,,1970-01-20 0:19,1970-01-19 20:21,1970-01-20 0:19
823,1970-01-01 11:54,Phone,Dian,,,1970-01-01 11:54,1970-01-01 11:57,P,Dian,1970-01-01 11:57,1970-01-01 11:59,Dian,1970-01-01 11:59,System,1970-01-01 11:59,1970-01-01 12:54,120,Barbara,,,,,1970-01-01 12:54,Barbara,1970-01-01 14:42,Barbara,,,1970-01-01 18:13,1970-01-01 16:56,1970-01-01 18:13
824,1970-01-06 1:38,Phone,Monica,,,1970-01-06 1:38,1970-01-06 1:44,E,Monica,1970-01-06 1:44,1970-01-06 1:49,Monica,1970-01-06 1:49,System,1970-01-16 2:43,1970-01-16 2:58,240,Cindy,1970-01-16 15:52,Cindy,1970-01-16 19:28,Cindy,,,,,,,1970-01-16 23:07,1970-01-17 0:23,1970-01-17 0:23
825,1970-01-05 23:56,Letter,Dian,1970-01-05 23:56,Dian,,,,,,,,,,,,,,,,,,,,,,,,,,
826,1970-01-06 21:16,Phone,Monica,,,1970-01-06 21:16,1970-01-06 21:18,P,Monica,1970-01-06 21:18,1970-01-06 21:23,Monica,1970-01-06 21:23,System,1970-01-08 19:51,1970-01-08 20:28,120,Anne,,,,,1970-01-08 20:28,Anne,1970-01-08 22:40,Anne,1970-01-08 22:40,FixIt,1970-01-09 8:32,1970-01-09 9:01,1970-01-09 9:01
827,1970-01-04 6:29,Phone,Monica,,,1970-01-04 6:29,1970-01-04 6:32,B,Monica,1970-01-04 6:32,1970-01-04 6:36,Monica,1970-01-04 6:36,System,1970-01-04 8:12,1970-01-04 8:45,240,Ben,1970-01-04 8:45,Ben,1970-01-04 12:45,Ben,,,,,,,1970-01-04 17:03,1970-01-04 19:04,1970-01-04 19:04
828,1970-01-03 12:42,Letter,Monica,,,1970-01-03 12:42,1970-01-03 12:46,P,Monica,1970-01-03 12:46,1970-01-03 12:50,Monica,1970-01-03 12:50,System,1970-01-09 23:03,1970-01-09 23:50,120,Barbara,1970-01-10 4:01,Anne,1970-01-10 5:49,Anne,1970-01-09 23:50,Barbara,1970-01-10 1:50,Barbara,,,1970-01-10 11:04,1970-01-10 7:56,1970-01-10 11:04
829,1970-01-06 9:10,Phone,Monica,1970-01-06 9:10,Monica,,,,,,,,,,,,,,,,,,,,,,,,,,
830,1970-01-07 15:52,Phone,Dian,,,1970-01-07 15:52,1970-01-07 15:54,P,Dian,1970-01-07 15:54,1970-01-07 15:58,Dian,1970-01-07 15:58,System,1970-01-11 18:37,1970-01-11 19:33,120,Barbara,,,,,1970-01-11 19:33,Barbara,1970-01-11 21:45,Barbara,,,1970-01-12 0:17,1970-01-12 4:15,1970-01-12 4:15
831,1970-01-02 21:43,Phone,Monica,,,1970-01-02 21:43,1970-01-02 21:45,E,Monica,1970-01-02 21:45,1970-01-02 21:50,Monica,1970-01-02 21:50,System,1970-01-10 7:08,1970-01-10 7:46,240,John,1970-01-10 14:10,Edd,1970-01-10 17:46,Edd,,,,,,,1970-01-10 17:58,1970-01-10 23:49,1970-01-10 23:49
832,1970-01-05 18:07,Phone,Dian,1970-01-05 18:07,Dian,,,,,,,,,,,,,,,,,,,,,,,,,,
833,1970-01-02 20:49,Phone,Monica,,,1970-01-02 20:49,1970-01-02 20:52,E,Monica,1970-01-02 20:52,1970-01-02 20:56,Monica,1970-01-02 20:56,System,1970-01-05 22:54,1970-01-05 23:45,240,Edd,1970-01-07 3:37,Paul,1970-01-07 8:01,Paul,,,,,,,1970-01-07 13:12,1970-01-07 12:01,1970-01-07 13:12
834,1970-01-05 1:27,Phone,Dian,1970-01-05 1:27,Dian,,,,,,,,,,,,,,,,,,,,,,,,,,
835,1970-01-03 14:16,Phone,Monica,1970-01-03 14:16,Monica,,,,,,,,,,,,,,,,,,,,,,,,,,
836,1970-01-04 21:06,Personal,Monica,,,1970-01-04 21:06,1970-01-04 21:10,P,Monica,1970-01-04 21:10,1970-01-04 21:12,Monica,1970-01-04 21:12,System,1970-01-05 22:42,1970-01-05 23:16,120,Anne,,,,,1970-01-05 23:16,Anne,1970-01-06 1:28,Anne,,,1970-01-06 2:22,1970-01-06 5:19,1970-01-06 5:19
837,1970-01-02 2:28,Phone,Dian,,,1970-01-02 2:28,1970-01-02 2:31,E,Dian,1970-01-02 2:31,1970-01-02 2:34,Dian,1970-01-02 2:34,System,1970-01-02 9:18,1970-01-02 9:52,240,John,1970-01-02 19:37,Edd,1970-01-02 23:13,Edd,,,,,,,1970-01-03 3:25,1970-01-03 5:37,1970-01-03 5:37
838,1970-01-05 8:00,Letter,Dian,,,1970-01-05 8:00,1970-01-05 8:04,E,Dian,1970-01-05 8:04,1970-01-05 8:07,Dian,1970-01-05 8:07,System,1970-01-05 23:26,1970-01-06 0:17,220,Paul,1970-01-06 1:09,Paul,1970-01-06 4:49,Paul,,,,,,,1970-01-06 5:25,1970-01-06 7:07,1970-01-06 7:07
839,1970-01-02 11:53,Letter,Monica,,,1970-01-02 11:53,1970-01-02 11:59,B,Monica,1970-01-02 11:59,1970-01-02 12:04,Monica,1970-01-02 12:04,System,1970-01-02 12:04,1970-01-02 12:26,240,Nick,1970-01-02 12:26,Nick,1970-01-02 16:02,Nick,,,,,,,1970-01-02 21:12,1970-01-02 17:09,1970-01-02 21:12
840,1970-01-05 4:15,Personal,Dian,,,1970-01-05 4:15,1970-01-05 4:20,P,Dian,1970-01-05 4:20,1970-01-05 4:24,Dian,1970-01-05 4:24,System,1970-01-11 4:16,1970-01-11 4:53,120,Barbara,,,,,1970-01-11 4:53,Barbara,1970-01-11 7:05,Barbara,,,1970-01-11 10:54,1970-01-11 12:13,1970-01-11 12:13
841,1970-01-06 10:49,Personal,Monica,,,1970-01-06 10:49,1970-01-06 10:53,B,Monica,1970-01-06 10:53,1970-01-06 10:58,Monica,1970-01-06 10:58,System,1970-01-06 10:58,1970-01-06 11:36,160,Ben,1970-01-06 11:36,Lex,1970-01-06 14:00,Lex,,,,,,,1970-01-06 15:02,1970-01-06 14:20,1970-01-06 15:02
842,1970-01-01 14:18,Letter,Dian,1970-01-01 14:18,Dian,,,,,,,,,,,,,,,,,,,,,,,,,,
843,1970-01-04 14:03,Phone,Dian,,,1970-01-04 14:03,1970-01-04 14:09,E,Dian,1970-01-04 14:09,1970-01-04 14:11,Dian,1970-01-04 14:11,System,1970-01-14 1:19,1970-01-14 1:59,220,Paul,1970-01-14 3:12,Cindy,1970-01-14 6:52,Cindy,,,,,,,1970-01-14 9:10,1970-01-14 12:09,1970-01-14 12:09
844,1970-01-05 17:37,Letter,Monica,,,1970-01-05 17:37,1970-01-05 17:43,B,Monica,1970-01-05 17:43,1970-01-05 17:46,Monica,1970-01-05 17:46,System,1970-01-05 17:46,1970-01-05 18:31,60,Eric,,,,,1970-01-05 18:31,Eric,1970-01-05 19:37,Eric,,,1970-01-06 3:25,1970-01-05 21:08,1970-01-06 3:25
845,1970-01-02 13:49,Personal,Monica,,,1970-01-02 13:49,1970-01-02 13:52,P,Monica,1970-01-02 13:52,1970-01-02 13:57,Monica,1970-01-02 13:57,System,1970-01-03 11:44,1970-01-03 12:40,120,Anne,,,,,1970-01-03 12:40,Anne,1970-01-03 14:40,Anne,,,1970-01-03 20:36,1970-01-03 20:48,1970-01-03 20:48
846,1970-01-02 11:43,Letter,Dian,,,1970-01-02 11:43,1970-01-02 11:49,E,Dian,1970-01-02 11:49,1970-01-02 11:54,Dian,1970-01-02 11:54,System,1970-01-03 1:59,1970-01-03 2:45,240,John,1970-01-03 13:40,Paul,1970-01-03 18:04,Paul,,,,,,,1970-01-03 19:59,1970-01-03 22:55,1970-01-03 22:55
847,1970-01-08 5:30,Web,Monica,,,1970-01-08 5:30,1970-01-08 5:33,E,Monica,1970-01-08 5:33,1970-01-08 18:43,Monica,1970-01-08 18:43,System,1970-01-08 22:38,1970-01-08 22:57,220,Paul,1970-01-11 0:30,Cindy,1970-01-11 4:32,Cindy,,,,,,,1970-01-11 9:41,1970-01-11 12:03,1970-01-11 12:03
848,1970-01-01 16:27,Web,Monica,,,1970-01-01 16:27,1970-01-01 16:30,E,Monica,1970-01-01 16:30,1970-01-01 16:34,Monica,1970-01-01 16:34,System,1970-01-02 1:23,1970-01-02 2:13,220,John,1970-01-02 3:03,John,1970-01-02 7:05,John,,,,,,,1970-01-02 14:02,1970-01-02 10:30,1970-01-02 14:02
849,1970-01-06 19:13,Web,Dian,,,1970-01-06 19:13,1970-01-06 19:18,B,Dian,1970-01-06 19:18,1970-01-06 23:43,Dian,1970-01-06 23:43,System,1970-01-06 23:43,1970-01-07 0:03,240,Ben,1970-01-07 0:03,Eric,1970-01-07 3:15,Eric,,,,,,,1970-01-07 3:43,1970-01-07 4:16,1970-01-07 4:16
850,1970-01-01 19:33,Web,Dian,,,1970-01-01 19:33,1970-01-01 19:35,P,Dian,1970-01-01 19:35,1970-01-01 19:40,Dian,1970-01-01 19:40,System,1970-01-01 20:56,1970-01-01 21:43,120,Barbara,,,,,1970-01-01 21:43,Barbara,1970-01-01 23:31,Barbara,,,1970-01-01 23:34,1970-01-02 2:32,1970-01-02 2:32
851,1970-01-07 16:33,Personal,Monica,,,1970-01-07 16:33,1970-01-07 16:36,B,Monica,1970-01-07 16:36,1970-01-07 16:41,Monica,1970-01-07 16:41,System,1970-01-07 16:41,1970-01-07 17:03,240,Lex,1970-01-07 17:03,Lex,1970-01-07 20:15,Lex,,,,,,,1970-01-07 23:51,1970-01-07 21:41,1970-01-07 23:51
852,1970-01-03 15:04,Phone,Dian,,,1970-01-03 15:04,1970-01-03 15:12,E,Dian,1970-01-03 15:12,1970-01-03 15:17,Dian,1970-01-03 15:17,System,1970-01-15 10:48,1970-01-15 11:33,240,Edd,1970-01-18 6:37,Paul,1970-01-18 10:37,Paul,,,,,,,1970-01-18 12:49,1970-01-18 13:50,1970-01-18 13:50
853,1970-01-06 22:15,Phone,Dian,,,1970-01-06 22:15,1970-01-06 22:18,E,Dian,1970-01-06 22:18,1970-01-06 22:23,Dian,1970-01-06 22:23,System,1970-01-09 21:09,1970-01-09 22:01,240,Cindy,1970-01-12 17:05,John,1970-01-12 21:29,John,,,,,,,1970-01-12 23:10,1970-01-12 22:14,1970-01-12 23:10
854,1970-01-04 18:50,Personal,Dian,,,1970-01-04 18:50,1970-01-04 18:54,E,Dian,1970-01-04 18:54,1970-01-04 18:57,Dian,1970-01-04 18:57,System,1970-01-08 17:28,1970-01-08 18:04,240,John,1970-01-09 0:11,Cindy,1970-01-09 4:35,Cindy,,,,,,,1970-01-09 9:10,1970-01-09 6:45,1970-01-09 9:10
855,1970-01-05 0:09,Letter,Monica,,,1970-01-05 0:09,1970-01-05 0:13,E,Monica,1970-01-05 0:13,1970-01-05 15:57,Monica,1970-01-05 15:57,System,1970-01-11 21:34,1970-01-11 22:06,220,Paul,1970-01-13 10:10,Edd,1970-01-13 14:12,Edd,,,,,,,1970-01-13 17:16,1970-01-13 19:45,1970-01-13 19:45
856,1970-01-07 12:30,Phone,Dian,,,1970-01-07 12:30,1970-01-07 12:37,E,Dian,1970-01-07 12:37,1970-01-07 12:39,Dian,1970-01-07 12:39,System,1970-01-13 12:52,1970-01-13 13:25,240,Paul,1970-01-17 11:53,Cindy,1970-01-17 15:53,Cindy,,,,,,,1970-01-17 23:11,1970-01-17 17:51,1970-01-17 23:11
857,1970-01-04 23:49,Phone,Monica,,,1970-01-04 23:49,1970-01-04 23:52,B,Monica,1970-01-04 23:52,1970-01-04 23:55,Monica,1970-01-04 23:55,System,1970-01-04 23:55,1970-01-05 0:17,160,Ben,1970-01-05 0:17,Ben,1970-01-05 2:41,Ben,,,,,,,1970-01-05 8:05,1970-01-05 9:13,1970-01-05 9:13
858,1970-01-04 10:08,Phone,Monica,,,1970-01-04 10:08,1970-01-04 10:12,P,Monica,1970-01-04 10:12,1970-01-04 10:15,Monica,1970-01-04 10:15,System,1970-01-07 16:45,1970-01-07 17:42,120,Barbara,,,,,1970-01-07 17:42,Barbara,1970-01-07 19:42,Barbara,,,1970-01-07 19:58,1970-01-07 20:14,1970-01-07 20:14
859,1970-01-05 20:53,Phone,Monica,,,1970-01-05 20:53,1970-01-05 20:55,P,Monica,1970-01-05 20:55,1970-01-05 20:59,Monica,1970-01-05 20:59,System,1970-01-07 2:22,1970-01-07 2:57,120,Barbara,,,,,1970-01-07 2:57,Barbara,1970-01-07 4:57,Barbara,,,1970-01-07 6:56,1970-01-07 11:19,1970-01-07 11:19
860,1970-01-05 19:50,Letter,Monica,,,1970-01-05 19:50,1970-01-05 19:52,P,Monica,1970-01-05 19:52,1970-01-05 19:56,Monica,1970-01-05 19:56,System,1970-01-13 18:20,1970-01-13 18:52,120,Jacky,,,,,1970-01-13 18:52,Jacky,1970-01-13 20:40,Jacky,,,1970-01-14 1:22,1970-01-13 23:13,1970-01-14 1:22
861,1970-01-01 17:55,Web,Monica,,,1970-01-01 17:55,1970-01-01 17:59,B,Monica,1970-01-01 17:59,1970-01-01 18:02,Monica,1970-01-01 18:02,System,1970-01-01 18:02,1970-01-01 18:32,240,Eric,1970-01-01 18:32,Nick,1970-01-01 22:08,Nick,,,,,,,1970-01-02 2:06,1970-01-02 3:59,1970-01-02 3:59
862,1970-01-06 13:17,Web,Dian,,,1970-01-06 13:17,1970-01-06 13:21,P,Dian,1970-01-06 13:21,1970-01-07 6:03,Monica,1970-01-07 6:03,System,1970-01-13 12:34,1970-01-13 13:05,120,Barbara,,,,,1970-01-13 13:05,Barbara,1970-01-13 14:53,Barbara,,,1970-01-13 17:44,1970-01-13 22:40,1970-01-13 22:40
863,1970-01-03 18:32,Phone,Dian,,,1970-01-03 18:32,1970-01-03 18:36,P,Dian,1970-01-03 18:36,1970-01-03 18:38,Dian,1970-01-03 18:38,System,1970-01-11 13:35,1970-01-11 14:17,120,Anne,,,,,1970-01-11 14:17,Anne,1970-01-11 16:29,Anne,,,1970-01-12 0:21,1970-01-11 21:25,1970-01-12 0:21
864,1970-01-05 21:50,Web,Monica,,,1970-01-05 21:50,1970-01-05 21:53,P,Monica,1970-01-05 21:53,1970-01-05 21:57,Monica,1970-01-05 21:57,System,1970-01-07 0:17,1970-01-07 1:16,120,Anne,,,,,1970-01-07 1:16,Anne,1970-01-07 3:16,Anne,,,1970-01-07 5:20,1970-01-07 6:50,1970-01-07 6:50
865,1970-01-03 23:33,Phone,Dian,,,1970-01-03 23:33,1970-01-03 23:37,E,Dian,1970-01-03 23:37,1970-01-03 23:42,Dian,1970-01-03 23:42,System,1970-01-05 16:59,1970-01-05 17:45,240,Cindy,1970-01-05 21:21,Cindy,1970-01-06 23:36,Paul,,,,,,,1970-01-07 3:03,1970-01-07 7:03,1970-01-07 7:03
866,1970-01-05 9:47,Web,Dian,,,1970-01-05 9:47,1970-01-05 9:52,B,Dian,1970-01-05 9:52,1970-01-05 15:20,Dian,1970-01-05 15:20,System,1970-01-05 15:20,1970-01-05 15:48,480,Nick,,,,,,,,,1970-01-05 15:48,FixIt,1970-01-05 23:02,1970-01-06 6:23,1970-01-06 6:23
867,1970-01-06 11:09,Phone,Dian,,,1970-01-06 11:09,1970-01-06 11:19,P,Dian,1970-01-06 11:19,1970-01-06 11:23,Dian,1970-01-06 11:23,System,1970-01-10 18:04,1970-01-10 18:42,120,Anne,,,,,1970-01-10 18:42,Anne,1970-01-10 20:30,Anne,1970-01-10 20:30,DoIt,1970-01-10 22:48,1970-01-11 1:56,1970-01-11 1:56
868,1970-01-07 5:11,Phone,Monica,,,1970-01-07 5:11,1970-01-07 5:15,E,Monica,1970-01-07 5:15,1970-01-07 5:20,Monica,1970-01-07 5:20,System,1970-01-16 9:48,1970-01-16 10:14,220,Edd,1970-01-18 14:45,Edd,1970-01-18 18:25,Edd,,,,,,,1970-01-18 20:20,1970-01-18 20:31,1970-01-18 20:31
869,1970-01-04 12:02,Letter,Monica,,,1970-01-04 12:02,1970-01-04 12:07,P,Monica,1970-01-04 12:07,1970-01-04 12:10,Monica,1970-01-04 12:10,System,1970-01-05 22:19,1970-01-05 23:07,360,Anne,,,,,,,,,1970-01-05 23:07,DoIt,1970-01-06 8:57,1970-01-06 9:56,1970-01-06 9:56
870,1970-01-07 9:12,Web,Monica,,,1970-01-07 9:12,1970-01-07 9:14,P,Monica,1970-01-07 9:14,1970-01-07 14:50,Monica,1970-01-07 14:50,System,1970-01-14 9:56,1970-01-14 10:33,240,Jacky,1970-01-14 10:33,Jacky,1970-01-14 14:33,Jacky,,,,,,,1970-01-14 15:14,1970-01-14 15:49,1970-01-14 15:49
871,1970-01-01 21:06,Letter,Monica,1970-01-01 21:06,Monica,,,,,,,,,,,,,,,,,,,,,,,,,,
872,1970-01-03 7:33,Letter,Dian,,,1970-01-03 7:33,1970-01-03 7:42,P,Dian,1970-01-03 7:42,1970-01-03 7:46,Dian,1970-01-03 7:46,System,1970-01-03 12:41,1970-01-03 13:25,120,Jacky,,,,,1970-01-03 13:25,Jacky,1970-01-03 15:25,Jacky,1970-01-03 15:25,FixIt,1970-01-03 20:48,1970-01-03 19:47,1970-01-03 20:48
873,1970-01-04 14:57,Web,Monica,,,1970-01-04 14:57,1970-01-04 14:59,P,Monica,1970-01-04 14:59,1970-01-04 15:02,Monica,1970-01-04 15:02,System,1970-01-05 1:18,1970-01-05 1:54,120,Anne,,,,,1970-01-05 1:54,Anne,1970-01-05 3:54,Anne,,,1970-01-05 11:25,1970-01-05 5:54,1970-01-05 11:25
874,1970-01-07 22:49,Web,Dian,,,1970-01-07 22:49,1970-01-07 22:54,E,Dian,1970-01-07 22:54,1970-01-08 4:50,Dian,1970-01-08 4:50,System,1970-01-11 12:50,1970-01-11 13:50,240,Edd,1970-01-11 22:36,Edd,1970-01-12 2:36,Edd,,,,,,,1970-01-12 5:02,1970-01-12 6:54,1970-01-12 6:54
875,1970-01-05 7:11,Personal,Monica,,,1970-01-05 7:11,1970-01-05 7:14,P,Monica,1970-01-05 7:14,1970-01-05 7:19,Monica,1970-01-05 7:19,System,1970-01-13 3:05,1970-01-13 3:51,120,Anne,,,,,1970-01-13 3:51,Anne,1970-01-13 5:51,Anne,,,1970-01-13 9:34,1970-01-13 11:39,1970-01-13 11:39
876,1970-01-03 21:42,Web,Monica,,,1970-01-03 21:42,1970-01-03 21:44,P,Monica,1970-01-03 21:44,1970-01-03 21:47,Monica,1970-01-03 21:47,System,1970-01-10 15:51,1970-01-10 16:38,120,Jacky,,,,,1970-01-10 16:38,Jacky,1970-01-10 18:50,Jacky,,,1970-01-10 22:40,1970-01-11 2:02,1970-01-11 2:02
877,1970-01-02 1:17,Letter,Monica,,,1970-01-02 1:17,1970-01-02 1:22,P,Monica,1970-01-02 1:22,1970-01-02 1:25,Monica,1970-01-02 1:25,System,1970-01-02 2:30,1970-01-02 3:03,120,Barbara,,,,,1970-01-02 3:03,Barbara,1970-01-02 5:15,Barbara,,,1970-01-02 7:40,1970-01-02 10:09,1970-01-02 10:09
878,1970-01-04 4:50,Personal,Monica,,,1970-01-04 4:50,1970-01-04 4:56,B,Monica,1970-01-04 4:56,1970-01-04 5:00,Monica,1970-01-04 5:00,System,1970-01-04 5:00,1970-01-04 5:39,160,Lex,1970-01-04 5:39,Lex,1970-01-04 8:03,Lex,,,,,,,1970-01-04 8:39,1970-01-04 12:19,1970-01-04 12:19
879,1970-01-06 16:18,Personal,Monica,,,1970-01-06 16:18,1970-01-06 16:22,E,Monica,1970-01-06 16:22,1970-01-06 16:24,Monica,1970-01-06 16:24,System,1970-01-09 21:16,1970-01-09 21:40,240,John,1970-01-11 8:08,Cindy,1970-01-11 12:08,Cindy,,,,,,,1970-01-11 12:35,1970-01-11 13:56,1970-01-11 13:56
880,1970-01-04 3:24,Phone,Monica,,,1970-01-04 3:24,1970-01-04 3:27,P,Monica,1970-01-04 3:27,1970-01-04 3:29,Monica,1970-01-04 3:29,System,1970-01-09 22:04,1970-01-09 22:49,120,Jacky,,,,,1970-01-09 22:49,Jacky,1970-01-10 0:37,Jacky,1970-01-10 0:37,DoIt,1970-01-10 8:59,1970-01-10 6:29,1970-01-10 8:59
881,1970-01-07 21:23,Web,Monica,,,1970-01-07 21:23,1970-01-07 21:26,P,Monica,1970-01-07 21:26,1970-01-07 21:30,Monica,1970-01-07 21:30,System,1970-01-08 14:54,1970-01-08 15:29,120,Anne,,,,,1970-01-08 15:29,Anne,1970-01-08 17:17,Anne,,,1970-01-08 21:11,1970-01-08 19:45,1970-01-08 21:11
882,1970-01-07 11:37,Personal,Dian,,,1970-01-07 11:37,1970-01-07 11:46,E,Dian,1970-01-07 11:46,1970-01-07 11:50,Dian,1970-01-07 11:50,System,1970-01-12 1:07,1970-01-12 1:41,240,John,1970-01-12 14:52,Edd,1970-01-12 19:16,Edd,,,,,,,1970-01-12 21:36,1970-01-13 2:34,1970-01-13 2:34
883,1970-01-06 0:20,Phone,Monica,1970-01-06 0:20,Monica,,,,,,,,,,,,,,,,,,,,,,,,,,
884,1970-01-05 18:54,Phone,Dian,,,1970-01-05 18:54,1970-01-05 19:02,E,Dian,1970-01-05 19:02,1970-01-05 19:07,Dian,1970-01-05 19:07,System,1970-01-11 20:09,1970-01-11 20:24,220,John,1970-01-13 20:09,John,1970-01-14 0:11,John,,,,,,,1970-01-14 7:51,1970-01-14 6:10,1970-01-14 7:51
885,1970-01-05 13:01,Personal,Dian,,,1970-01-05 13:01,1970-01-05 13:08,P,Dian,1970-01-05 13:08,1970-01-05 13:12,Dian,1970-01-05 13:12,System,1970-01-14 2:58,1970-01-14 3:44,120,Anne,,,,,1970-01-14 3:44,Anne,1970-01-14 5:56,Anne,,,1970-01-14 13:35,1970-01-14 10:40,1970-01-14 13:35
886,1970-01-01 15:58,Personal,Dian,,,1970-01-01 15:58,1970-01-01 16:06,B,Dian,1970-01-01 16:06,1970-01-01 16:08,Dian,1970-01-01 16:08,System,1970-01-01 16:08,1970-01-01 16:31,480,Nick,,,,,,,,,1970-01-01 16:31,DoIt,1970-01-01 23:53,1970-01-02 6:44,1970-01-02 6:44
887,1970-01-06 11:32,Letter,Monica,,,1970-01-06 11:32,1970-01-06 11:37,P,Monica,1970-01-06 11:37,1970-01-06 17:44,Monica,1970-01-06 17:44,System,1970-01-10 15:45,1970-01-10 16:16,120,Anne,,,,,1970-01-10 16:16,Anne,1970-01-10 18:04,Anne,,,1970-01-10 21:28,1970-01-11 1:56,1970-01-11 1:56
888,1970-01-01 16:47,Phone,Monica,,,1970-01-01 16:47,1970-01-01 16:49,E,Monica,1970-01-01 16:49,1970-01-01 16:51,Monica,1970-01-01 16:51,System,1970-01-03 3:15,1970-01-03 3:35,240,Edd,1970-01-03 19:14,Edd,1970-01-03 23:14,Edd,,,,,,,1970-01-04 1:14,1970-01-04 6:40,1970-01-04 6:40
889,1970-01-07 1:24,Web,Dian,,,1970-01-07 1:24,1970-01-07 1:28,B,Dian,1970-01-07 1:28,1970-01-07 1:30,Dian,1970-01-07 1:30,System,1970-01-07 1:30,1970-01-07 1:53,160,Lex,1970-01-07 1:53,Ben,1970-01-07 4:01,Ben,,,,,1970-01-07 4:01,FixIt,1970-01-07 15:19,1970-01-07 11:33,1970-01-07 15:19
890,1970-01-06 22:35,Personal,Monica,,,1970-01-06 22:35,1970-01-06 22:37,E,Monica,1970-01-06 22:37,1970-01-06 22:40,Monica,1970-01-06 22:40,System,1970-01-17 3:15,1970-01-17 3:41,240,Paul,1970-01-20 0:41,Edd,1970-01-20 5:05,Edd,,,,,,,1970-01-20 10:21,1970-01-20 7:38,1970-01-20 10:21
891,1970-01-03 23:21,Personal,Dian,,,1970-01-03 23:21,1970-01-03 23:31,P,Dian,1970-01-03 23:31,1970-01-03 23:33,Dian,1970-01-03 23:33,System,1970-01-04 5:40,1970-01-04 6:18,120,Jacky,,,,,1970-01-04 6:18,Jacky,1970-01-04 8:06,Jacky,,,1970-01-04 10:14,1970-01-04 8:16,1970-01-04 10:14
892,1970-01-03 2:16,Personal,Monica,,,1970-01-03 2:16,1970-01-03 2:21,B,Monica,1970-01-03 2:21,1970-01-03 2:25,Monica,1970-01-03 2:25,System,1970-01-03 2:25,1970-01-03 2:52,160,Nick,1970-01-03 2:52,Ben,1970-01-03 5:48,Ben,,,,,,,1970-01-03 11:34,1970-01-03 9:00,1970-01-03 11:34
893,1970-01-05 6:41,Web,Monica,,,1970-01-05 6:41,1970-01-05 6:44,E,Monica,1970-01-05 6:44,1970-01-05 15:02,Monica,1970-01-05 15:02,System,1970-01-12 20:53,1970-01-12 21:32,220,Paul,1970-01-17 15:41,Paul,1970-01-17 19:43,Paul,,,,,,,1970-01-17 20:13,1970-01-18 3:00,1970-01-18 3:00
894,1970-01-02 0:34,Web,Dian,,,1970-01-02 0:34,1970-01-02 0:38,P,Dian,1970-01-02 0:38,1970-01-02 0:43,Dian,1970-01-02 0:43,System,1970-01-06 4:28,1970-01-06 5:21,120,Anne,,,,,1970-01-06 5:21,Anne,1970-01-06 7:33,Anne,,,1970-01-06 10:02,1970-01-06 11:13,1970-01-06 11:13
895,1970-01-05 0:44,Letter,Monica,,,1970-01-05 0:44,1970-01-05 0:47,P,Monica,1970-01-05 0:47,1970-01-05 10:17,Monica,1970-01-05 10:17,System,1970-01-06 23:43,1970-01-07 0:22,120,Barbara,,,,,1970-01-07 0:22,Barbara,1970-01-07 2:22,Barbara,,,1970-01-07 6:37,1970-01-07 3:05,1970-01-07 6:37
896,1970-01-04 6:37,Personal,Dian,,,1970-01-04 6:37,1970-01-04 6:47,E,Dian,1970-01-04 6:47,1970-01-04 6:52,Dian,1970-01-04 6:52,System,1970-01-16 10:14,1970-01-16 10:43,220,Edd,1970-01-16 19:04,Paul,1970-01-16 23:06,Paul,,,,,,,1970-01-17 1:47,1970-01-16 23:56,1970-01-17 1:47
897,1970-01-02 4:09,Phone,Dian,,,1970-01-02 4:09,1970-01-02 4:17,E,Dian,1970-01-02 4:17,1970-01-02 4:21,Dian,1970-01-02 4:21,System,1970-01-02 8:27,1970-01-02 9:18,220,John,1970-01-03 7:11,Edd,1970-01-03 10:51,Edd,,,,,,,1970-01-03 13:05,1970-01-03 11:52,1970-01-03 13:05
898,1970-01-07 7:10,Web,Dian,,,1970-01-07 7:10,1970-01-07 7:13,P,Dian,1970-01-07 7:13,1970-01-07 7:15,Dian,1970-01-07 7:15,System,1970-01-10 5:49,1970-01-10 6:46,120,Anne,,,,,1970-01-10 6:46,Anne,1970-01-10 8:34,Anne,,,1970-01-10 12:22,1970-01-10 10:22,1970-01-10 12:22
899,1970-01-02 1:25,Personal,Dian,,,1970-01-02 1:25,1970-01-02 1:31,E,Dian,1970-01-02 1:31,1970-01-02 1:33,Dian,1970-01-02 1:33,System,1970-01-02 7:21,1970-01-02 8:12,240,John,1970-01-02 10:32,John,1970-01-02 14:32,John,,,,,,,1970-01-02 22:07,1970-01-02 15:38,1970-01-02 22:07
900,1970-01-06 21:53,Phone,Monica,,,1970-01-06 21:53,1970-01-06 21:57,E,Monica,1970-01-06 21:57,1970-01-06 22:00,Monica,1970-01-06 22:00,System,1970-01-15 1:12,1970-01-15 1:48,240,Paul,1970-01-19 7:07,Cindy,1970-01-19 10:43,Cindy,,,,,,,1970-01-19 17:54,1970-01-19 11:47,1970-01-19 17:54
901,1970-01-04 15:02,Letter,Monica,,,1970-01-04 15:02,1970-01-04 15:08,P,Monica,1970-01-04 15:08,1970-01-04 17:19,Monica,1970-01-04 17:19,System,1970-01-06 18:15,1970-01-06 19:10,120,Barbara,,,,,1970-01-06 19:10,Barbara,1970-01-06 21:10,Barbara,,,1970-01-07 4:12,1970-01-07 0:48,1970-01-07 4:12
902,1970-01-07 12:21,Web,Dian,,,1970-01-07 12:21,1970-01-07 12:24,P,Dian,1970-01-07 12:24,1970-01-07 14:07,Dian,1970-01-07 14:07,System,1970-01-10 12:58,1970-01-10 13:43,120,Anne,,,,,1970-01-10 13:43,Anne,1970-01-10 15:43,Anne,,,1970-01-10 19:27,1970-01-10 16:20,1970-01-10 19:27
903,1970-01-05 22:21,Personal,Dian,,,1970-01-05 22:21,1970-01-05 22:29,E,Dian,1970-01-05 22:29,1970-01-05 22:32,Dian,1970-01-05 22:32,System,1970-01-16 19:52,1970-01-16 20:25,240,Cindy,1970-01-18 22:54,John,1970-01-19 2:30,John,,,,,,,1970-01-19 10:19,1970-01-19 4:27,1970-01-19 10:19
904,1970-01-07 13:23,Web,Monica,,,1970-01-07 13:23,1970-01-07 13:25,E,Monica,1970-01-07 13:25,1970-01-07 14:36,Monica,1970-01-07 14:36,System,1970-01-10 4:36,1970-01-10 5:11,220,Paul,1970-01-15 11:33,Edd,1970-01-17 11:52,John,,,,,,,1970-01-17 16:04,1970-01-17 16:27,1970-01-17 16:27
905,1970-01-06 15:27,Web,Monica,,,1970-01-06 15:27,1970-01-06 15:30,P,Monica,1970-01-06 15:30,1970-01-06 15:35,Monica,1970-01-06 15:35,System,1970-01-10 0:37,1970-01-10 1:16,360,Jacky,,,,,,,,,1970-01-10 1:16,DoIt,1970-01-10 12:05,1970-01-10 8:19,1970-01-10 12:05
906,1970-01-03 2:38,Web,Monica,,,1970-01-03 2:38,1970-01-03 2:40,P,Monica,1970-01-03 2:40,1970-01-03 2:45,Monica,1970-01-03 2:45,System,1970-01-13 23:00,1970-01-13 23:41,120,Jacky,,,,,1970-01-13 23:41,Jacky,1970-01-14 1:29,Jacky,,,1970-01-14 2:43,1970-01-14 3:57,1970-01-14 3:57
907,1970-01-02 23:36,Phone,Monica,,,1970-01-02 23:36,1970-01-02 23:38,E,Monica,1970-01-02 23:38,1970-01-02 23:40,Monica,1970-01-02 23:40,System,1970-01-04 1:28,1970-01-04 2:14,220,Paul,1970-01-04 21:29,Edd,1970-01-05 0:47,Edd,,,,,,,1970-01-05 2:42,1970-01-05 6:31,1970-01-05 6:31
908,1970-01-02 3:33,Phone,Dian,,,1970-01-02 3:33,1970-01-02 3:36,E,Dian,1970-01-02 3:36,1970-01-02 3:40,Dian,1970-01-02 3:40,System,1970-01-02 11:42,1970-01-02 12:30,220,Cindy,1970-01-02 16:19,Edd,1970-01-02 19:37,Edd,,,,,,,1970-01-02 23:00,1970-01-03 0:37,1970-01-03 0:37
909,1970-01-02 0:43,Letter,Dian,,,1970-01-02 0:43,1970-01-02 0:47,E,Dian,1970-01-02 0:47,1970-01-02 0:49,Dian,1970-01-02 0:49,System,1970-01-02 1:18,1970-01-02 2:18,240,Paul,1970-01-02 2:55,Edd,1970-01-02 6:31,Edd,,,,,,,1970-01-02 9:28,1970-01-02 8:17,1970-01-02 9:28
910,1970-01-07 6:46,Letter,Monica,,,1970-01-07 6:46,1970-01-07 6:50,E,Monica,1970-01-07 6:50,1970-01-07 9:15,Monica,1970-01-07 9:15,System,1970-01-13 16:37,1970-01-13 17:14,240,Cindy,1970-01-18 7:33,Edd,1970-01-19 6:54,John,,,,,,,1970-01-19 7:36,1970-01-19 7:11,1970-01-19 7:36
911,1970-01-03 2:32,Web,Monica,,,1970-01-03 2:32,1970-01-03 2:34,E,Monica,1970-01-03 2:34,1970-01-03 2:38,Monica,1970-01-03 2:38,System,1970-01-05 11:13,1970-01-05 12:10,240,Paul,1970-01-05 15:50,Paul,1970-01-05 19:50,Paul,,,,,,,1970-01-05 21:12,1970-01-05 23:38,1970-01-05 23:38
912,1970-01-06 20:17,Personal,Dian,,,1970-01-06 20:17,1970-01-06 20:26,P,Dian,1970-01-06 20:26,1970-01-06 20:28,Dian,1970-01-06 20:28,System,1970-01-09 17:31,1970-01-09 18:15,120,Barbara,,,,,1970-01-09 18:15,Barbara,1970-01-09 20:27,Barbara,1970-01-09 20:27,FixIt,1970-01-10 5:46,1970-01-09 23:06,1970-01-10 5:46
913,1970-01-02 13:56,Web,Dian,,,1970-01-02 13:56,1970-01-02 14:01,P,Dian,1970-01-02 14:01,1970-01-02 14:03,Dian,1970-01-02 14:03,System,1970-01-03 22:20,1970-01-03 22:54,120,Anne,,,,,1970-01-03 22:54,Anne,1970-01-04 1:06,Anne,,,1970-01-04 3:29,1970-01-04 3:56,1970-01-04 3:56
914,1970-01-05 3:30,Phone,Monica,,,1970-01-05 3:30,1970-01-05 3:34,E,Monica,1970-01-05 3:34,1970-01-05 3:37,Monica,1970-01-05 3:37,System,1970-01-09 2:48,1970-01-09 3:03,240,Edd,1970-01-19 10:34,John,1970-01-19 14:34,John,,,,,,,1970-01-19 17:07,1970-01-19 20:28,1970-01-19 20:28
915,1970-01-06 8:01,Web,Monica,,,1970-01-06 8:01,1970-01-06 8:05,E,Monica,1970-01-06 8:05,1970-01-06 13:01,Monica,1970-01-06 13:01,System,1970-01-09 10:25,1970-01-09 11:11,240,John,1970-01-12 2:40,Paul,1970-01-12 7:04,Paul,,,,,,,1970-01-12 10:46,1970-01-12 10:35,1970-01-12 10:46
916,1970-01-02 5:17,Web,Dian,,,1970-01-02 5:17,1970-01-02 5:19,P,Dian,1970-01-02 5:19,1970-01-02 5:21,Dian,1970-01-02 5:21,System,1970-01-04 14:29,1970-01-04 15:15,120,Anne,,,,,1970-01-04 15:15,Anne,1970-01-04 17:03,Anne,,,1970-01-05 0:28,1970-01-04 19:16,1970-01-05 0:28
917,1970-01-01 23:10,Phone,Dian,,,1970-01-01 23:10,1970-01-01 23:13,E,Dian,1970-01-01 23:13,1970-01-01 23:18,Dian,1970-01-01 23:18,System,1970-01-02 0:35,1970-01-02 0:52,240,Paul,1970-01-02 3:40,Paul,1970-01-02 8:04,Paul,,,,,,,1970-01-02 9:29,1970-01-02 15:38,1970-01-02 15:38
918,1970-01-07 20:52,Web,Monica,1970-01-07 20:52,Monica,,,,,,,,,,,,,,,,,,,,,,,,,,
919,1970-01-07 23:26,Phone,Dian,,,1970-01-07 23:26,1970-01-07 23:32,P,Dian,1970-01-07 23:32,1970-01-07 23:36,Dian,1970-01-07 23:36,System,1970-01-14 11:23,1970-01-14 12:18,240,Barbara,1970-01-14 13:41,Anne,1970-01-14 17:17,Anne,,,,,,,1970-01-15 0:20,1970-01-14 20:03,1970-01-15 0:20
920,1970-01-03 12:25,Letter,Monica,,,1970-01-03 12:25,1970-01-03 12:31,E,Monica,1970-01-03 12:31,1970-01-03 12:36,Monica,1970-01-03 12:36,System,1970-01-10 1:35,1970-01-10 2:28,240,Cindy,1970-01-11 4:27,Paul,1970-01-11 8:03,Paul,,,,,,,1970-01-11 8:52,1970-01-11 9:04,1970-01-11 9:04
921,1970-01-02 16:52,Letter,Dian,,,1970-01-02 16:52,1970-01-02 17:02,B,Dian,1970-01-02 17:02,1970-01-02 17:07,Dian,1970-01-02 17:07,System,1970-01-02 17:07,1970-01-02 17:41,480,Lex,,,,,,,,,1970-01-02 17:41,DoIt,1970-01-03 6:26,1970-01-03 7:14,1970-01-03 7:14
922,1970-01-02 7:48,Phone,Monica,,,1970-01-02 7:48,1970-01-02 7:52,E,Monica,1970-01-02 7:52,1970-01-02 7:57,Monica,1970-01-02 7:57,System,1970-01-05 1:53,1970-01-05 2:43,220,Paul,1970-01-05 3:33,Paul,1970-01-05 7:13,Paul,,,,,,,1970-01-05 12:39,1970-01-05 7:45,1970-01-05 12:39
923,1970-01-03 21:28,Personal,Monica,,,1970-01-03 21:28,1970-01-03 21:31,B,Monica,1970-01-03 21:31,1970-01-03 21:34,Monica,1970-01-03 21:34,System,1970-01-03 21:34,1970-01-03 22:01,240,Nick,1970-01-03 22:01,Nick,1970-01-04 2:49,Nick,,,,,1970-01-04 2:49,DoIt,1970-01-04 10:47,1970-01-04 8:45,1970-01-04 10:47
924,1970-01-07 16:19,Web,Dian,,,1970-01-07 16:19,1970-01-07 16:24,P,Dian,1970-01-07 16:24,1970-01-07 18:52,Monica,1970-01-07 18:52,System,1970-01-12 2:15,1970-01-12 3:07,120,Jacky,,,,,1970-01-12 3:07,Jacky,1970-01-12 5:07,Jacky,,,1970-01-12 8:46,1970-01-12 8:07,1970-01-12 8:46
925,1970-01-05 13:20,Personal,Monica,,,1970-01-05 13:20,1970-01-05 13:24,E,Monica,1970-01-05 13:24,1970-01-05 13:29,Monica,1970-01-05 13:29,System,1970-01-06 22:15,1970-01-06 22:44,220,Edd,1970-01-07 15:18,Edd,1970-01-07 19:20,Edd,,,,,,,1970-01-08 2:16,1970-01-07 21:28,1970-01-08 2:16
926,1970-01-06 14:33,Web,Dian,,,1970-01-06 14:33,1970-01-06 14:39,P,Dian,1970-01-06 14:39,1970-01-06 14:41,Dian,1970-01-06 14:41,System,1970-01-12 1:19,1970-01-12 2:19,120,Anne,,,,,1970-01-12 2:19,Anne,1970-01-12 4:19,Anne,,,1970-01-12 9:37,1970-01-12 11:06,1970-01-12 11:06
927,1970-01-05 18:36,Phone,Monica,,,1970-01-05 18:36,1970-01-05 18:38,B,Monica,1970-01-05 18:38,1970-01-05 18:40,Monica,1970-01-05 18:40,System,1970-01-05 18:40,1970-01-05 19:02,240,Ben,1970-01-05 19:02,Ben,1970-01-05 23:02,Ben,,,,,,,1970-01-06 4:20,1970-01-06 1:15,1970-01-06 4:20
928,1970-01-03 22:19,Letter,Monica,,,1970-01-03 22:19,1970-01-03 22:22,P,Monica,1970-01-03 22:22,1970-01-04 7:31,Monica,1970-01-04 7:31,System,1970-01-14 8:40,1970-01-14 9:17,120,Anne,,,,,1970-01-14 9:17,Anne,1970-01-14 11:05,Anne,,,1970-01-14 17:10,1970-01-14 18:19,1970-01-14 18:19
929,1970-01-03 13:54,Phone,Dian,,,1970-01-03 13:54,1970-01-03 13:58,E,Dian,1970-01-03 13:58,1970-01-03 14:01,Dian,1970-01-03 14:01,System,1970-01-10 17:49,1970-01-10 18:35,240,Cindy,1970-01-17 23:01,Paul,1970-01-18 2:37,Paul,,,,,,,1970-01-18 8:46,1970-01-18 5:42,1970-01-18 8:46
930,1970-01-01 13:42,Phone,Dian,,,1970-01-01 13:42,1970-01-01 13:49,P,Dian,1970-01-01 13:49,1970-01-01 13:51,Dian,1970-01-01 13:51,System,1970-01-01 14:12,1970-01-01 14:57,120,Anne,,,,,1970-01-01 14:57,Anne,1970-01-01 16:45,Anne,,,1970-01-02 0:43,1970-01-01 17:58,1970-01-02 0:43
931,1970-01-07 1:58,Web,Dian,,,1970-01-07 1:58,1970-01-07 2:02,E,Dian,1970-01-07 2:02,1970-01-07 6:26,Dian,1970-01-07 6:26,System,1970-01-08 8:28,1970-01-08 8:44,240,Edd,1970-01-08 18:14,Paul,1970-01-08 22:38,Paul,,,,,,,1970-01-08 23:12,1970-01-08 23:22,1970-01-08 23:22
932,1970-01-03 6:08,Letter,Dian,,,1970-01-03 6:08,1970-01-03 6:10,B,Dian,1970-01-03 6:10,1970-01-03 6:14,Dian,1970-01-03 6:14,System,1970-01-03 6:14,1970-01-03 6:38,480,Eric,,,,,,,,,1970-01-03 6:38,FixIt,1970-01-03 22:55,1970-01-04 1:18,1970-01-04 1:18
933,1970-01-07 19:31,Personal,Dian,,,1970-01-07 19:31,1970-01-07 19:35,B,Dian,1970-01-07 19:35,1970-01-07 19:39,Dian,1970-01-07 19:39,System,1970-01-07 19:39,1970-01-07 20:06,480,Nick,,,,,,,,,1970-01-07 20:06,DoIt,1970-01-08 9:47,1970-01-08 11:57,1970-01-08 11:57
934,1970-01-01 11:19,Phone,Monica,,,1970-01-01 11:19,1970-01-01 11:22,E,Monica,1970-01-01 11:22,1970-01-01 11:25,Monica,1970-01-01 11:25,System,1970-01-01 11:25,1970-01-01 11:45,220,John,1970-01-01 12:32,John,1970-01-01 16:12,John,,,,,,,1970-01-01 19:17,1970-01-01 17:23,1970-01-01 19:17
935,1970-01-02 10:43,Letter,Monica,,,1970-01-02 10:43,1970-01-02 10:47,E,Monica,1970-01-02 10:47,1970-01-02 10:49,Monica,1970-01-02 10:49,System,1970-01-02 17:55,1970-01-02 18:16,220,Paul,1970-01-02 22:41,John,1970-01-03 1:59,John,,,,,,,1970-01-03 5:17,1970-01-03 9:34,1970-01-03 9:34
936,1970-01-02 16:49,Letter,Monica,,,1970-01-02 16:49,1970-01-02 16:53,E,Monica,1970-01-02 16:53,1970-01-02 18:05,Monica,1970-01-02 18:05,System,1970-01-04 0:51,1970-01-04 1:12,240,Edd,1970-01-06 18:39,Edd,1970-01-06 22:15,Edd,,,,,,,1970-01-07 2:24,1970-01-07 4:00,1970-01-07 4:00
937,1970-01-02 23:36,Web,Dian,,,1970-01-02 23:36,1970-01-02 23:42,B,Dian,1970-01-02 23:42,1970-01-03 21:36,Monica,1970-01-03 21:36,System,1970-01-03 21:36,1970-01-03 22:19,160,Ben,1970-01-03 22:19,Lex,1970-01-04 0:43,Lex,,,,,,,1970-01-04 1:43,1970-01-04 4:27,1970-01-04 4:27
938,1970-01-02 20:21,Personal,Monica,,,1970-01-02 20:21,1970-01-02 20:27,P,Monica,1970-01-02 20:27,1970-01-02 20:30,Monica,1970-01-02 20:30,System,1970-01-03 18:13,1970-01-03 19:02,120,Jacky,,,,,1970-01-03 19:02,Jacky,1970-01-03 21:02,Jacky,,,1970-01-03 22:53,1970-01-04 3:31,1970-01-04 3:31
939,1970-01-04 19:23,Web,Dian,,,1970-01-04 19:23,1970-01-04 19:26,E,Dian,1970-01-04 19:26,1970-01-04 19:28,Dian,1970-01-04 19:28,System,1970-01-17 4:18,1970-01-17 4:35,220,Edd,1970-01-17 23:35,Cindy,1970-01-18 3:37,Cindy,,,,,,,1970-01-18 5:48,1970-01-18 11:30,1970-01-18 11:30
940,1970-01-06 7:23,Letter,Dian,,,1970-01-06 7:23,1970-01-06 7:30,E,Dian,1970-01-06 7:30,1970-01-06 16:18,Monica,1970-01-06 16:18,System,1970-01-10 1:07,1970-01-10 1:35,240,Cindy,1970-01-10 2:56,Edd,1970-01-10 6:32,Edd,,,,,,,1970-01-10 12:23,1970-01-10 12:13,1970-01-10 12:23
941,1970-01-06 14:45,Letter,Monica,,,1970-01-06 14:45,1970-01-06 14:50,B,Monica,1970-01-06 14:50,1970-01-06 14:53,Monica,1970-01-06 14:53,System,1970-01-06 14:53,1970-01-06 15:34,240,Eric,1970-01-06 15:34,Eric,1970-01-06 18:46,Eric,,,,,,,1970-01-07 0:03,1970-01-06 19:31,1970-01-07 0:03
942,1970-01-07 13:14,Phone,Monica,1970-01-07 13:14,Monica,,,,,,,,,,,,,,,,,,,,,,,,,,
943,1970-01-02 11:55,Phone,Dian,,,1970-01-02 11:55,1970-01-02 12:01,E,Dian,1970-01-02 12:01,1970-01-02 12:03,Dian,1970-01-02 12:03,System,1970-01-15 10:00,1970-01-15 10:36,240,John,1970-01-18 15:21,Cindy,1970-01-18 19:45,Cindy,,,,,,,1970-01-19 2:15,1970-01-19 2:27,1970-01-19 2:27
944,1970-01-07 7:57,Web,Monica,,,1970-01-07 7:57,1970-01-07 8:00,E,Monica,1970-01-07 8:00,1970-01-07 15:40,Monica,1970-01-07 15:40,System,1970-01-13 15:13,1970-01-13 15:53,240,Paul,1970-01-16 22:32,Edd,1970-01-17 2:32,Edd,,,,,,,1970-01-17 9:00,1970-01-17 10:17,1970-01-17 10:17
945,1970-01-08 5:09,Letter,Monica,,,1970-01-08 5:09,1970-01-08 5:15,P,Monica,1970-01-08 5:15,1970-01-08 8:23,Monica,1970-01-08 8:23,System,1970-01-13 15:55,1970-01-13 16:36,120,Anne,,,,,1970-01-13 16:36,Anne,1970-01-13 18:48,Anne,,,1970-01-13 20:21,1970-01-14 2:26,1970-01-14 2:26
946,1970-01-05 11:32,Letter,Monica,,,1970-01-05 11:32,1970-01-05 11:38,P,Monica,1970-01-05 11:38,1970-01-05 11:41,Monica,1970-01-05 11:41,System,1970-01-07 21:32,1970-01-07 22:06,360,Anne,,,,,,,,,1970-01-07 22:06,FixIt,1970-01-08 10:43,1970-01-08 12:23,1970-01-08 12:23
947,1970-01-05 5:24,Phone,Monica,,,1970-01-05 5:24,1970-01-05 5:28,P,Monica,1970-01-05 5:28,1970-01-05 5:31,Monica,1970-01-05 5:31,System,1970-01-05 6:31,1970-01-05 7:09,120,Anne,,,,,1970-01-05 7:09,Anne,1970-01-05 9:09,Anne,,,1970-01-05 14:11,1970-01-05 10:25,1970-01-05 14:11
948,1970-01-07 10:16,Phone,Monica,,,1970-01-07 10:16,1970-01-07 10:22,E,Monica,1970-01-07 10:22,1970-01-07 10:25,Monica,1970-01-07 10:25,System,1970-01-09 17:13,1970-01-09 17:44,240,Edd,1970-01-11 4:32,Cindy,1970-01-11 8:08,Cindy,,,,,,,1970-01-11 11:11,1970-01-11 16:04,1970-01-11 16:04
949,1970-01-06 7:24,Web,Monica,,,1970-01-06 7:24,1970-01-06 7:26,P,Monica,1970-01-06 7:26,1970-01-06 11:32,Monica,1970-01-06 11:32,System,1970-01-07 15:22,1970-01-07 16:09,120,Anne,,,,,1970-01-07 16:09,Anne,1970-01-07 17:57,Anne,,,1970-01-07 23:51,1970-01-07 20:53,1970-01-07 23:51
950,1970-01-06 8:40,Personal,Dian,,,1970-01-06 8:40,1970-01-06 8:44,E,Dian,1970-01-06 8:44,1970-01-06 8:47,Dian,1970-01-06 8:47,System,1970-01-14 21:22,1970-01-14 22:12,240,Cindy,1970-01-15 15:13,Edd,1970-01-16 22:45,John,,,,,,,1970-01-17 2:50,1970-01-17 0:30,1970-01-17 2:50
951,1970-01-04 13:23,Letter,Monica,,,1970-01-04 13:23,1970-01-04 13:26,B,Monica,1970-01-04 13:26,1970-01-05 3:47,Monica,1970-01-05 3:47,System,1970-01-05 3:47,1970-01-05 4:03,160,Nick,1970-01-05 4:03,Ben,1970-01-05 7:15,Ben,,,,,,,1970-01-05 10:47,1970-01-05 12:01,1970-01-05 12:01
952,1970-01-02 10:50,Letter,Dian,,,1970-01-02 10:50,1970-01-02 10:57,B,Dian,1970-01-02 10:57,1970-01-02 11:02,Dian,1970-01-02 11:02,System,1970-01-02 11:02,1970-01-02 11:37,480,Lex,,,,,,,,,1970-01-02 11:37,DoIt,1970-01-03 2:25,1970-01-02 21:00,1970-01-03 2:25
953,1970-01-02 3:57,Web,Monica,,,1970-01-02 3:57,1970-01-02 4:00,P,Monica,1970-01-02 4:00,1970-01-02 4:05,Monica,1970-01-02 4:05,System,1970-01-02 5:22,1970-01-02 5:55,120,Anne,1970-01-02 9:14,Jacky,1970-01-02 11:02,Jacky,1970-01-02 5:55,Anne,1970-01-02 7:55,Anne,,,1970-01-02 13:14,1970-01-02 16:47,1970-01-02 16:47
954,1970-01-02 6:46,Phone,Dian,,,1970-01-02 6:46,1970-01-02 6:51,E,Dian,1970-01-02 6:51,1970-01-02 6:53,Dian,1970-01-02 6:53,System,1970-01-04 5:36,1970-01-04 6:32,240,Cindy,1970-01-05 4:57,Cindy,1970-01-14 1:19,Paul,,,,,,,1970-01-14 2:40,1970-01-14 7:17,1970-01-14 7:17
955,1970-01-08 4:06,Phone,Dian,,,1970-01-08 4:06,1970-01-08 4:09,E,Dian,1970-01-08 4:09,1970-01-08 4:12,Dian,1970-01-08 4:12,System,1970-01-14 9:04,1970-01-14 9:30,220,Edd,1970-01-15 7:08,Edd,1970-01-20 0:41,Edd,,,,,,,1970-01-20 4:43,1970-01-20 0:58,1970-01-20 4:43
956,1970-01-07 20:09,Phone,Monica,,,1970-01-07 20:09,1970-01-07 20:14,P,Monica,1970-01-07 20:14,1970-01-07 20:16,Monica,1970-01-07 20:16,System,1970-01-08 13:41,1970-01-08 14:19,120,Anne,,,,,1970-01-08 14:19,Anne,1970-01-08 16:19,Anne,,,1970-01-08 23:37,1970-01-08 20:02,1970-01-08 23:37
957,1970-01-07 8:19,Letter,Monica,,,1970-01-07 8:19,1970-01-07 8:22,P,Monica,1970-01-07 8:22,1970-01-07 9:26,Monica,1970-01-07 9:26,System,1970-01-10 9:22,1970-01-10 10:11,240,Anne,1970-01-10 10:24,Barbara,1970-01-10 14:24,Barbara,,,,,,,1970-01-10 18:16,1970-01-10 21:03,1970-01-10 21:03
958,1970-01-02 9:43,Web,Dian,,,1970-01-02 9:43,1970-01-02 9:48,E,Dian,1970-01-02 9:48,1970-01-02 9:52,Dian,1970-01-02 9:52,System,1970-01-06 5:18,1970-01-06 6:16,240,John,1970-01-12 7:22,Cindy,1970-01-12 10:58,Cindy,,,,,,,1970-01-12 13:17,1970-01-12 17:01,1970-01-12 17:01
959,1970-01-01 14:11,Personal,Dian,,,1970-01-01 14:11,1970-01-01 14:13,P,Dian,1970-01-01 14:13,1970-01-01 14:18,Dian,1970-01-01 14:18,System,1970-01-01 15:03,1970-01-01 15:52,120,Jacky,,,,,1970-01-01 15:52,Jacky,1970-01-01 17:52,Jacky,,,1970-01-01 22:15,1970-01-01 21:59,1970-01-01 22:15
960,1970-01-03 2:27,Phone,Dian,,,1970-01-03 2:27,1970-01-03 2:36,B,Dian,1970-01-03 2:36,1970-01-03 2:41,Dian,1970-01-03 2:41,System,1970-01-03 2:41,1970-01-03 2:58,240,Eric,1970-01-03 2:58,Nick,1970-01-03 6:34,Nick,,,,,,,1970-01-03 9:16,1970-01-03 8:06,1970-01-03 9:16
961,1970-01-07 16:40,Web,Dian,,,1970-01-07 16:40,1970-01-07 16:43,P,Dian,1970-01-07 16:43,1970-01-08 0:44,Monica,1970-01-08 0:44,System,1970-01-09 1:05,1970-01-09 2:03,120,Barbara,,,,,1970-01-09 2:03,Barbara,1970-01-09 4:15,Barbara,,,1970-01-09 4:37,1970-01-09 4:49,1970-01-09 4:49
962,1970-01-07 9:48,Phone,Monica,,,1970-01-07 9:48,1970-01-07 9:53,P,Monica,1970-01-07 9:53,1970-01-07 9:56,Monica,1970-01-07 9:56,System,1970-01-07 10:30,1970-01-07 11:21,120,Barbara,,,,,1970-01-07 11:21,Barbara,1970-01-07 13:21,Barbara,,,1970-01-07 19:10,1970-01-07 19:24,1970-01-07 19:24
963,1970-01-07 11:21,Phone,Monica,,,1970-01-07 11:21,1970-01-07 11:27,B,Monica,1970-01-07 11:27,1970-01-07 11:29,Monica,1970-01-07 11:29,System,1970-01-07 11:29,1970-01-07 12:05,240,Nick,1970-01-07 12:05,Nick,1970-01-07 15:17,Nick,,,,,1970-01-07 15:17,DoIt,1970-01-07 23:41,1970-01-07 21:00,1970-01-07 23:41
964,1970-01-07 21:40,Phone,Dian,,,1970-01-07 21:40,1970-01-07 21:42,E,Dian,1970-01-07 21:42,1970-01-07 21:46,Dian,1970-01-07 21:46,System,1970-01-10 22:59,1970-01-10 23:50,220,Cindy,1970-01-14 15:15,John,1970-01-14 18:55,John,,,,,,,1970-01-14 22:22,1970-01-15 0:23,1970-01-15 0:23
965,1970-01-04 2:45,Web,Monica,,,1970-01-04 2:45,1970-01-04 2:47,P,Monica,1970-01-04 2:47,1970-01-04 7:39,Monica,1970-01-04 7:39,System,1970-01-13 9:51,1970-01-13 10:33,120,Anne,,,,,1970-01-13 10:33,Anne,1970-01-13 12:45,Anne,,,1970-01-13 16:15,1970-01-13 18:49,1970-01-13 18:49
966,1970-01-06 2:35,Web,Dian,1970-01-06 2:35,Dian,,,,,,,,,,,,,,,,,,,,,,,,,,
967,1970-01-05 3:37,Personal,Monica,,,1970-01-05 3:37,1970-01-05 3:40,E,Monica,1970-01-05 3:40,1970-01-05 3:42,Monica,1970-01-05 3:42,System,1970-01-06 9:35,1970-01-06 10:19,240,John,1970-01-07 20:01,Paul,1970-01-08 0:25,Paul,,,,,,,1970-01-08 4:31,1970-01-08 2:07,1970-01-08 4:31
968,1970-01-04 10:53,Personal,Monica,,,1970-01-04 10:53,1970-01-04 10:59,E,Monica,1970-01-04 10:59,1970-01-04 11:04,Monica,1970-01-04 11:04,System,1970-01-15 2:19,1970-01-15 3:17,240,Paul,1970-01-15 10:11,Paul,1970-01-15 13:47,Paul,,,,,,,1970-01-15 14:09,1970-01-15 14:03,1970-01-15 14:09
969,1970-01-03 15:17,Letter,Dian,,,1970-01-03 15:17,1970-01-03 15:19,E,Dian,1970-01-03 15:19,1970-01-03 18:07,Monica,1970-01-03 18:07,System,1970-01-14 1:59,1970-01-14 2:44,220,Paul,1970-01-15 23:03,Cindy,1970-01-16 2:43,Cindy,,,,,,,1970-01-16 7:37,1970-01-16 2:49,1970-01-16 7:37
970,1970-01-02 14:06,Letter,Monica,,,1970-01-02 14:06,1970-01-02 14:08,E,Monica,1970-01-02 14:08,1970-01-02 20:37,Monica,1970-01-02 20:37,System,1970-01-05 15:42,1970-01-05 16:26,220,Edd,1970-01-06 6:34,Cindy,1970-01-06 9:52,Cindy,,,,,,,1970-01-06 16:34,1970-01-06 11:42,1970-01-06 16:34
971,1970-01-03 17:17,Personal,Dian,,,1970-01-03 17:17,1970-01-03 17:25,P,Dian,1970-01-03 17:25,1970-01-03 17:27,Dian,1970-01-03 17:27,System,1970-01-03 18:07,1970-01-03 18:55,120,Anne,,,,,1970-01-03 18:55,Anne,1970-01-03 20:43,Anne,,,1970-01-04 2:22,1970-01-04 1:45,1970-01-04 2:22
972,1970-01-07 15:30,Web,Monica,,,1970-01-07 15:30,1970-01-07 15:34,P,Monica,1970-01-07 15:34,1970-01-07 21:36,Monica,1970-01-07 21:36,System,1970-01-11 19:10,1970-01-11 19:53,360,Anne,,,,,,,,,1970-01-11 19:53,DoIt,1970-01-12 3:13,1970-01-12 8:41,1970-01-12 8:41
973,1970-01-06 12:04,Phone,Monica,,,1970-01-06 12:04,1970-01-06 12:10,P,Monica,1970-01-06 12:10,1970-01-06 12:13,Monica,1970-01-06 12:13,System,1970-01-11 15:46,1970-01-11 16:42,120,Jacky,,,,,1970-01-11 16:42,Jacky,1970-01-11 18:30,Jacky,1970-01-11 18:30,FixIt,1970-01-12 1:28,1970-01-12 0:25,1970-01-12 1:28
974,1970-01-02 15:41,Letter,Monica,,,1970-01-02 15:41,1970-01-02 15:44,P,Monica,1970-01-02 15:44,1970-01-02 22:36,Monica,1970-01-02 22:36,System,1970-01-03 4:56,1970-01-03 5:30,240,Anne,1970-01-03 5:30,Anne,1970-01-03 9:30,Anne,,,,,,,1970-01-03 16:56,1970-01-03 13:27,1970-01-03 16:56
975,1970-01-05 7:47,Letter,Monica,,,1970-01-05 7:47,1970-01-05 7:52,E,Monica,1970-01-05 7:52,1970-01-05 7:54,Monica,1970-01-05 7:54,System,1970-01-11 7:09,1970-01-11 8:02,240,Edd,1970-01-12 21:29,John,1970-01-13 1:29,John,,,,,,,1970-01-13 5:29,1970-01-13 8:49,1970-01-13 8:49
976,1970-01-06 4:02,Personal,Dian,,,1970-01-06 4:02,1970-01-06 4:10,B,Dian,1970-01-06 4:10,1970-01-06 4:15,Dian,1970-01-06 4:15,System,1970-01-06 4:15,1970-01-06 4:33,160,Eric,1970-01-06 4:33,Eric,1970-01-06 6:25,Eric,,,,,,,1970-01-06 11:08,1970-01-06 8:15,1970-01-06 11:08
977,1970-01-02 19:54,Personal,Dian,,,1970-01-02 19:54,1970-01-02 20:00,E,Dian,1970-01-02 20:00,1970-01-02 20:03,Dian,1970-01-02 20:03,System,1970-01-07 0:18,1970-01-07 0:58,240,Cindy,1970-01-07 11:29,Cindy,1970-01-07 15:53,Cindy,,,,,,,1970-01-07 21:01,1970-01-07 20:05,1970-01-07 21:01
978,1970-01-07 2:03,Personal,Monica,,,1970-01-07 2:03,1970-01-07 2:09,B,Monica,1970-01-07 2:09,1970-01-07 2:13,Monica,1970-01-07 2:13,System,1970-01-07 2:13,1970-01-07 2:38,240,Lex,1970-01-07 2:38,Lex,1970-01-07 5:50,Lex,,,,,,,1970-01-07 7:13,1970-01-07 7:05,1970-01-07 7:13
979,1970-01-02 13:18,Personal,Dian,,,1970-01-02 13:18,1970-01-02 13:20,E,Dian,1970-01-02 13:20,1970-01-02 13:25,Dian,1970-01-02 13:25,System,1970-01-13 14:55,1970-01-13 15:13,240,Paul,1970-01-13 15:45,John,1970-01-13 20:09,John,,,,,,,1970-01-14 2:23,1970-01-13 20:56,1970-01-14 2:23
980,1970-01-06 22:37,Web,Dian,,,1970-01-06 22:37,1970-01-06 22:41,E,Dian,1970-01-06 22:41,1970-01-07 5:18,Dian,1970-01-07 5:18,System,1970-01-08 8:08,1970-01-08 8:28,240,Edd,1970-01-11 21:56,Cindy,1970-01-12 1:32,Cindy,,,,,,,1970-01-12 7:14,1970-01-12 6:58,1970-01-12 7:14
981,1970-01-01 18:09,Personal,Dian,,,1970-01-01 18:09,1970-01-01 18:14,P,Dian,1970-01-01 18:14,1970-01-01 18:16,Dian,1970-01-01 18:16,System,1970-01-02 9:21,1970-01-02 10:16,120,Anne,,,,,1970-01-02 10:16,Anne,1970-01-02 12:28,Anne,1970-01-02 12:28,FixIt,1970-01-02 16:15,1970-01-02 19:10,1970-01-02 19:10
982,1970-01-08 0:22,Personal,Monica,,,1970-01-08 0:22,1970-01-08 0:24,E,Monica,1970-01-08 0:24,1970-01-08 0:27,Monica,1970-01-08 0:27,System,1970-01-10 13:23,1970-01-10 13:49,220,Cindy,1970-01-11 18:34,Edd,1970-01-11 22:36,Edd,,,,,,,1970-01-12 1:38,1970-01-12 5:55,1970-01-12 5:55
983,1970-01-05 0:02,Web,Dian,,,1970-01-05 0:02,1970-01-05 0:07,B,Dian,1970-01-05 0:07,1970-01-05 4:11,Monica,1970-01-05 4:11,System,1970-01-05 4:11,1970-01-05 4:32,240,Nick,1970-01-05 4:32,Nick,1970-01-05 8:32,Nick,,,,,,,1970-01-05 10:09,1970-01-05 16:16,1970-01-05 16:16
984,1970-01-07 16:31,Web,Dian,,,1970-01-07 16:31,1970-01-07 16:35,E,Dian,1970-01-07 16:35,1970-01-08 2:30,Monica,1970-01-08 2:30,System,1970-01-08 5:54,1970-01-08 6:20,220,Cindy,1970-01-10 18:25,John,1970-01-10 22:05,John,,,,,,,1970-01-11 1:49,1970-01-10 23:11,1970-01-11 1:49
985,1970-01-02 4:52,Letter,Dian,,,1970-01-02 4:52,1970-01-02 4:54,E,Dian,1970-01-02 4:54,1970-01-02 18:51,Monica,1970-01-02 18:51,System,1970-01-08 16:40,1970-01-08 17:28,240,John,1970-01-09 12:11,John,1970-01-09 16:11,John,,,,,,,1970-01-09 20:45,1970-01-09 17:27,1970-01-09 20:45
986,1970-01-06 10:19,Personal,Dian,,,1970-01-06 10:19,1970-01-06 10:24,P,Dian,1970-01-06 10:24,1970-01-06 10:29,Dian,1970-01-06 10:29,System,1970-01-08 2:29,1970-01-08 3:08,120,Anne,,,,,1970-01-08 3:08,Anne,1970-01-08 5:08,Anne,,,1970-01-08 5:29,1970-01-08 6:24,1970-01-08 6:24
987,1970-01-02 18:54,Web,Monica,,,1970-01-02 18:54,1970-01-02 18:58,P,Monica,1970-01-02 18:58,1970-01-02 19:00,Monica,1970-01-02 19:00,System,1970-01-03 6:09,1970-01-03 6:40,240,Anne,1970-01-03 7:09,Barbara,1970-01-03 10:45,Barbara,,,,,,,1970-01-03 15:04,1970-01-03 13:18,1970-01-03 15:04
988,1970-01-03 11:13,Web,Dian,,,1970-01-03 11:13,1970-01-03 11:17,E,Dian,1970-01-03 11:17,1970-01-03 11:22,Dian,1970-01-03 11:22,System,1970-01-04 1:12,1970-01-04 2:02,240,Edd,1970-01-05 7:01,John,1970-01-05 11:01,John,,,,,,,1970-01-05 18:57,1970-01-05 11:22,1970-01-05 18:57
989,1970-01-01 21:22,Letter,Monica,,,1970-01-01 21:22,1970-01-01 21:24,P,Monica,1970-01-01 21:24,1970-01-01 21:29,Monica,1970-01-01 21:29,System,1970-01-02 15:26,1970-01-02 16:05,120,Anne,,,,,1970-01-02 16:05,Anne,1970-01-02 17:53,Anne,1970-01-02 17:53,DoIt,1970-01-03 3:24,1970-01-02 23:14,1970-01-03 3:24
990,1970-01-03 4:03,Personal,Dian,,,1970-01-03 4:03,1970-01-03 4:09,E,Dian,1970-01-03 4:09,1970-01-03 4:12,Dian,1970-01-03 4:12,System,1970-01-09 17:34,1970-01-09 18:07,240,Paul,1970-01-10 18:35,Cindy,1970-01-10 22:59,Cindy,,,,,,,1970-01-10 23:35,1970-01-11 2:15,1970-01-11 2:15
991,1970-01-07 22:28,Phone,Monica,,,1970-01-07 22:28,1970-01-07 22:31,P,Monica,1970-01-07 22:31,1970-01-07 22:34,Monica,1970-01-07 22:34,System,1970-01-12 1:23,1970-01-12 2:07,120,Anne,,,,,1970-01-12 2:07,Anne,1970-01-12 4:19,Anne,,,1970-01-12 5:06,1970-01-12 9:42,1970-01-12 9:42
992,1970-01-03 3:33,Letter,Dian,,,1970-01-03 3:33,1970-01-03 3:38,B,Dian,1970-01-03 3:38,1970-01-03 7:07,Monica,1970-01-03 7:07,System,1970-01-03 7:07,1970-01-03 7:51,480,Lex,,,,,,,,,1970-01-03 7:51,DoIt,1970-01-03 22:11,1970-01-03 18:40,1970-01-03 22:11
993,1970-01-05 18:13,Letter,Dian,,,1970-01-05 18:13,1970-01-05 18:18,E,Dian,1970-01-05 18:18,1970-01-05 18:20,Dian,1970-01-05 18:20,System,1970-01-09 10:06,1970-01-09 10:25,220,John,1970-01-11 17:32,Paul,1970-01-11 21:34,Paul,,,,,,,1970-01-11 23:25,1970-01-12 0:11,1970-01-12 0:11
994,1970-01-03 15:40,Phone,Monica,,,1970-01-03 15:40,1970-01-03 15:43,E,Monica,1970-01-03 15:43,1970-01-03 15:47,Monica,1970-01-03 15:47,System,1970-01-15 6:36,1970-01-15 7:08,240,Edd,1970-01-16 5:01,John,1970-01-16 9:25,John,,,,,,,1970-01-16 17:07,1970-01-16 11:54,1970-01-16 17:07
995,1970-01-08 3:59,Web,Monica,,,1970-01-08 3:59,1970-01-08 4:03,E,Monica,1970-01-08 4:03,1970-01-08 4:08,Monica,1970-01-08 4:08,System,1970-01-13 11:36,1970-01-13 11:53,240,Paul,1970-01-13 19:15,Cindy,1970-01-13 23:15,Cindy,,,,,,,1970-01-14 6:48,1970-01-14 7:03,1970-01-14 7:03
996,1970-01-01 18:08,Phone,Monica,,,1970-01-01 18:08,1970-01-01 18:14,E,Monica,1970-01-01 18:14,1970-01-01 18:19,Monica,1970-01-01 18:19,System,1970-01-02 0:52,1970-01-02 1:18,220,Paul,1970-01-02 8:49,Paul,1970-01-02 12:29,Paul,,,,,,,1970-01-02 14:44,1970-01-02 17:15,1970-01-02 17:15
997,1970-01-06 20:58,Phone,Dian,,,1970-01-06 20:58,1970-01-06 21:02,E,Dian,1970-01-06 21:02,1970-01-06 21:04,Dian,1970-01-06 21:04,System,1970-01-12 10:49,1970-01-12 11:23,240,John,1970-01-14 15:55,Paul,1970-01-14 20:19,Paul,,,,,,,1970-01-15 0:59,1970-01-15 4:14,1970-01-15 4:14
998,1970-01-07 1:37,Personal,Dian,,,1970-01-07 1:37,1970-01-07 1:45,E,Dian,1970-01-07 1:45,1970-01-07 1:49,Dian,1970-01-07 1:49,System,1970-01-15 20:07,1970-01-15 20:35,220,John,1970-01-19 6:54,John,1970-01-19 10:34,John,,,,,,,1970-01-19 13:55,1970-01-19 11:44,1970-01-19 13:55
999,1970-01-07 4:43,Personal,Monica,,,1970-01-07 4:43,1970-01-07 4:48,B,Monica,1970-01-07 4:48,1970-01-07 4:50,Monica,1970-01-07 4:50,System,1970-01-07 4:50,1970-01-07 5:11,480,Ben,,,,,,,,,1970-01-07 5:11,DoIt,1970-01-07 16:25,1970-01-07 13:11,1970-01-07 16:25
1000,1970-01-07 20:17,Web,Monica,,,1970-01-07 20:17,1970-01-07 20:21,E,Monica,1970-01-07 20:21,1970-01-08 1:24,Monica,1970-01-08 1:24,System,1970-01-16 14:35,1970-01-16 14:58,240,Cindy,1970-01-19 14:34,John,1970-01-19 18:34,John,,,,,,,1970-01-20 1:11,1970-01-20 2:25,1970-01-20 2:25
